{
  "type": "FeatureCollection",
  "features": [
    {
      "type": "Feature",
      "geometry": {
        "type": "Polygon",
        "coordinates": [
          [
            [
              17.822159999999997,
              59.199200000000005
            ],
            [
              17.82376,
              59.199200000000005
            ],
            [
              17.82376,
              59.2008
            ],
            [
              17.822159999999997,
              59.2008
            ],
            [
              17.822159999999997,
              59.199200000000005
            ]
          ]
        ]
      },
      "properties": {
        "id": "fb60-Botkyrka-0",
        "municipality": "Botkyrka",
        "type": "flerbostadshus",
        "view": "2060"
      }
    },
    {
      "type": "Feature",
      "geometry": {
        "type": "Polygon",
        "coordinates": [
          [
            [
              17.823919999999998,
              59.199200000000005
            ],
            [
              17.82552,
              59.199200000000005
            ],
            [
              17.82552,
              59.2008
            ],
            [
              17.823919999999998,
              59.2008
            ],
            [
              17.823919999999998,
              59.199200000000005
            ]
          ]
        ]
      },
      "properties": {
        "id": "fb60-Botkyrka-1",
        "municipality": "Botkyrka",
        "type": "flerbostadshus",
        "view": "2060"
      }
    },
    {
      "type": "Feature",
      "geometry": {
        "type": "Polygon",
        "coordinates": [
          [
            [
              17.825679999999995,
              59.199200000000005
            ],
            [
              17.82728,
              59.199200000000005
            ],
            [
              17.82728,
              59.2008
            ],
            [
              17.825679999999995,
              59.2008
            ],
            [
              17.825679999999995,
              59.199200000000005
            ]
          ]
        ]
      },
      "properties": {
        "id": "fb60-Botkyrka-2",
        "municipality": "Botkyrka",
        "type": "flerbostadshus",
        "view": "2060"
      }
    },
    {
      "type": "Feature",
      "geometry": {
        "type": "Polygon",
        "coordinates": [
          [
            [
              17.827439999999996,
              59.199200000000005
            ],
            [
              17.82904,
              59.199200000000005
            ],
            [
              17.82904,
              59.2008
            ],
            [
              17.827439999999996,
              59.2008
            ],
            [
              17.827439999999996,
              59.199200000000005
            ]
          ]
        ]
      },
      "properties": {
        "id": "fb60-Botkyrka-3",
        "municipality": "Botkyrka",
        "type": "flerbostadshus",
        "view": "2060"
      }
    },
    {
      "type": "Feature",
      "geometry": {
        "type": "Polygon",
        "coordinates": [
          [
            [
              17.829199999999997,
              59.199200000000005
            ],
            [
              17.8308,
              59.199200000000005
            ],
            [
              17.8308,
              59.2008
            ],
            [
              17.829199999999997,
              59.2008
            ],
            [
              17.829199999999997,
              59.199200000000005
            ]
          ]
        ]
      },
      "properties": {
        "id": "fb60-Botkyrka-4",
        "municipality": "Botkyrka",
        "type": "flerbostadshus",
        "view": "2060"
      }
    },
    {
      "type": "Feature",
      "geometry": {
        "type": "Polygon",
        "coordinates": [
          [
            [
              17.830959999999997,
              59.199200000000005
            ],
            [
              17.83256,
              59.199200000000005
            ],
            [
              17.83256,
              59.2008
            ],
            [
              17.830959999999997,
              59.2008
            ],
            [
              17.830959999999997,
              59.199200000000005
            ]
          ]
        ]
      },
      "properties": {
        "id": "fb60-Botkyrka-5",
        "municipality": "Botkyrka",
        "type": "flerbostadshus",
        "view": "2060"
      }
    },
    {
      "type": "Feature",
      "geometry": {
        "type": "Polygon",
        "coordinates": [
          [
            [
              17.83272,
              59.199200000000005
            ],
            [
              17.83432,
              59.199200000000005
            ],
            [
              17.83432,
              59.2008
            ],
            [
              17.83272,
              59.2008
            ],
            [
              17.83272,
              59.199200000000005
            ]
          ]
        ]
      },
      "properties": {
        "id": "fb60-Botkyrka-6",
        "municipality": "Botkyrka",
        "type": "flerbostadshus",
        "view": "2060"
      }
    },
    {
      "type": "Feature",
      "geometry": {
        "type": "Polygon",
        "coordinates": [
          [
            [
              17.834479999999996,
              59.199200000000005
            ],
            [
              17.83608,
              59.199200000000005
            ],
            [
              17.83608,
              59.2008
            ],
            [
              17.834479999999996,
              59.2008
            ],
            [
              17.834479999999996,
              59.199200000000005
            ]
          ]
        ]
      },
      "properties": {
        "id": "fb60-Botkyrka-7",
        "municipality": "Botkyrka",
        "type": "flerbostadshus",
        "view": "2060"
      }
    },
    {
      "type": "Feature",
      "geometry": {
        "type": "Polygon",
        "coordinates": [
          [
            [
              17.822159999999997,
              59.20096
            ],
            [
              17.82376,
              59.20096
            ],
            [
              17.82376,
              59.20256
            ],
            [
              17.822159999999997,
              59.20256
            ],
            [
              17.822159999999997,
              59.20096
            ]
          ]
        ]
      },
      "properties": {
        "id": "fb60-Botkyrka-8",
        "municipality": "Botkyrka",
        "type": "flerbostadshus",
        "view": "2060"
      }
    },
    {
      "type": "Feature",
      "geometry": {
        "type": "Polygon",
        "coordinates": [
          [
            [
              17.823919999999998,
              59.20096
            ],
            [
              17.82552,
              59.20096
            ],
            [
              17.82552,
              59.20256
            ],
            [
              17.823919999999998,
              59.20256
            ],
            [
              17.823919999999998,
              59.20096
            ]
          ]
        ]
      },
      "properties": {
        "id": "fb60-Botkyrka-9",
        "municipality": "Botkyrka",
        "type": "flerbostadshus",
        "view": "2060"
      }
    },
    {
      "type": "Feature",
      "geometry": {
        "type": "Polygon",
        "coordinates": [
          [
            [
              17.825679999999995,
              59.20096
            ],
            [
              17.82728,
              59.20096
            ],
            [
              17.82728,
              59.20256
            ],
            [
              17.825679999999995,
              59.20256
            ],
            [
              17.825679999999995,
              59.20096
            ]
          ]
        ]
      },
      "properties": {
        "id": "fb60-Botkyrka-10",
        "municipality": "Botkyrka",
        "type": "flerbostadshus",
        "view": "2060"
      }
    },
    {
      "type": "Feature",
      "geometry": {
        "type": "Polygon",
        "coordinates": [
          [
            [
              17.827439999999996,
              59.20096
            ],
            [
              17.82904,
              59.20096
            ],
            [
              17.82904,
              59.20256
            ],
            [
              17.827439999999996,
              59.20256
            ],
            [
              17.827439999999996,
              59.20096
            ]
          ]
        ]
      },
      "properties": {
        "id": "fb60-Botkyrka-11",
        "municipality": "Botkyrka",
        "type": "flerbostadshus",
        "view": "2060"
      }
    },
    {
      "type": "Feature",
      "geometry": {
        "type": "Polygon",
        "coordinates": [
          [
            [
              17.829199999999997,
              59.20096
            ],
            [
              17.8308,
              59.20096
            ],
            [
              17.8308,
              59.20256
            ],
            [
              17.829199999999997,
              59.20256
            ],
            [
              17.829199999999997,
              59.20096
            ]
          ]
        ]
      },
      "properties": {
        "id": "fb60-Botkyrka-12",
        "municipality": "Botkyrka",
        "type": "flerbostadshus",
        "view": "2060"
      }
    },
    {
      "type": "Feature",
      "geometry": {
        "type": "Polygon",
        "coordinates": [
          [
            [
              17.830959999999997,
              59.20096
            ],
            [
              17.83256,
              59.20096
            ],
            [
              17.83256,
              59.20256
            ],
            [
              17.830959999999997,
              59.20256
            ],
            [
              17.830959999999997,
              59.20096
            ]
          ]
        ]
      },
      "properties": {
        "id": "fb60-Botkyrka-13",
        "municipality": "Botkyrka",
        "type": "flerbostadshus",
        "view": "2060"
      }
    },
    {
      "type": "Feature",
      "geometry": {
        "type": "Polygon",
        "coordinates": [
          [
            [
              17.83272,
              59.20096
            ],
            [
              17.83432,
              59.20096
            ],
            [
              17.83432,
              59.20256
            ],
            [
              17.83272,
              59.20256
            ],
            [
              17.83272,
              59.20096
            ]
          ]
        ]
      },
      "properties": {
        "id": "fb60-Botkyrka-14",
        "municipality": "Botkyrka",
        "type": "flerbostadshus",
        "view": "2060"
      }
    },
    {
      "type": "Feature",
      "geometry": {
        "type": "Polygon",
        "coordinates": [
          [
            [
              17.834479999999996,
              59.20096
            ],
            [
              17.83608,
              59.20096
            ],
            [
              17.83608,
              59.20256
            ],
            [
              17.834479999999996,
              59.20256
            ],
            [
              17.834479999999996,
              59.20096
            ]
          ]
        ]
      },
      "properties": {
        "id": "fb60-Botkyrka-15",
        "municipality": "Botkyrka",
        "type": "flerbostadshus",
        "view": "2060"
      }
    },
    {
      "type": "Feature",
      "geometry": {
        "type": "Polygon",
        "coordinates": [
          [
            [
              17.822159999999997,
              59.20272000000001
            ],
            [
              17.82376,
              59.20272000000001
            ],
            [
              17.82376,
              59.20432
            ],
            [
              17.822159999999997,
              59.20432
            ],
            [
              17.822159999999997,
              59.20272000000001
            ]
          ]
        ]
      },
      "properties": {
        "id": "fb60-Botkyrka-16",
        "municipality": "Botkyrka",
        "type": "flerbostadshus",
        "view": "2060"
      }
    },
    {
      "type": "Feature",
      "geometry": {
        "type": "Polygon",
        "coordinates": [
          [
            [
              17.823919999999998,
              59.20272000000001
            ],
            [
              17.82552,
              59.20272000000001
            ],
            [
              17.82552,
              59.20432
            ],
            [
              17.823919999999998,
              59.20432
            ],
            [
              17.823919999999998,
              59.20272000000001
            ]
          ]
        ]
      },
      "properties": {
        "id": "fb60-Botkyrka-17",
        "municipality": "Botkyrka",
        "type": "flerbostadshus",
        "view": "2060"
      }
    },
    {
      "type": "Feature",
      "geometry": {
        "type": "Polygon",
        "coordinates": [
          [
            [
              17.825679999999995,
              59.20272000000001
            ],
            [
              17.82728,
              59.20272000000001
            ],
            [
              17.82728,
              59.20432
            ],
            [
              17.825679999999995,
              59.20432
            ],
            [
              17.825679999999995,
              59.20272000000001
            ]
          ]
        ]
      },
      "properties": {
        "id": "fb60-Botkyrka-18",
        "municipality": "Botkyrka",
        "type": "flerbostadshus",
        "view": "2060"
      }
    },
    {
      "type": "Feature",
      "geometry": {
        "type": "Polygon",
        "coordinates": [
          [
            [
              17.827439999999996,
              59.20272000000001
            ],
            [
              17.82904,
              59.20272000000001
            ],
            [
              17.82904,
              59.20432
            ],
            [
              17.827439999999996,
              59.20432
            ],
            [
              17.827439999999996,
              59.20272000000001
            ]
          ]
        ]
      },
      "properties": {
        "id": "fb60-Botkyrka-19",
        "municipality": "Botkyrka",
        "type": "flerbostadshus",
        "view": "2060"
      }
    },
    {
      "type": "Feature",
      "geometry": {
        "type": "Polygon",
        "coordinates": [
          [
            [
              17.829199999999997,
              59.20272000000001
            ],
            [
              17.8308,
              59.20272000000001
            ],
            [
              17.8308,
              59.20432
            ],
            [
              17.829199999999997,
              59.20432
            ],
            [
              17.829199999999997,
              59.20272000000001
            ]
          ]
        ]
      },
      "properties": {
        "id": "fb60-Botkyrka-20",
        "municipality": "Botkyrka",
        "type": "flerbostadshus",
        "view": "2060"
      }
    },
    {
      "type": "Feature",
      "geometry": {
        "type": "Polygon",
        "coordinates": [
          [
            [
              17.830959999999997,
              59.20272000000001
            ],
            [
              17.83256,
              59.20272000000001
            ],
            [
              17.83256,
              59.20432
            ],
            [
              17.830959999999997,
              59.20432
            ],
            [
              17.830959999999997,
              59.20272000000001
            ]
          ]
        ]
      },
      "properties": {
        "id": "fb60-Botkyrka-21",
        "municipality": "Botkyrka",
        "type": "flerbostadshus",
        "view": "2060"
      }
    },
    {
      "type": "Feature",
      "geometry": {
        "type": "Polygon",
        "coordinates": [
          [
            [
              17.83272,
              59.20272000000001
            ],
            [
              17.83432,
              59.20272000000001
            ],
            [
              17.83432,
              59.20432
            ],
            [
              17.83272,
              59.20432
            ],
            [
              17.83272,
              59.20272000000001
            ]
          ]
        ]
      },
      "properties": {
        "id": "fb60-Botkyrka-22",
        "municipality": "Botkyrka",
        "type": "flerbostadshus",
        "view": "2060"
      }
    },
    {
      "type": "Feature",
      "geometry": {
        "type": "Polygon",
        "coordinates": [
          [
            [
              17.834479999999996,
              59.20272000000001
            ],
            [
              17.83608,
              59.20272000000001
            ],
            [
              17.83608,
              59.20432
            ],
            [
              17.834479999999996,
              59.20432
            ],
            [
              17.834479999999996,
              59.20272000000001
            ]
          ]
        ]
      },
      "properties": {
        "id": "fb60-Botkyrka-23",
        "municipality": "Botkyrka",
        "type": "flerbostadshus",
        "view": "2060"
      }
    },
    {
      "type": "Feature",
      "geometry": {
        "type": "Polygon",
        "coordinates": [
          [
            [
              17.822159999999997,
              59.204480000000004
            ],
            [
              17.82376,
              59.204480000000004
            ],
            [
              17.82376,
              59.20608
            ],
            [
              17.822159999999997,
              59.20608
            ],
            [
              17.822159999999997,
              59.204480000000004
            ]
          ]
        ]
      },
      "properties": {
        "id": "fb60-Botkyrka-24",
        "municipality": "Botkyrka",
        "type": "flerbostadshus",
        "view": "2060"
      }
    },
    {
      "type": "Feature",
      "geometry": {
        "type": "Polygon",
        "coordinates": [
          [
            [
              17.823919999999998,
              59.204480000000004
            ],
            [
              17.82552,
              59.204480000000004
            ],
            [
              17.82552,
              59.20608
            ],
            [
              17.823919999999998,
              59.20608
            ],
            [
              17.823919999999998,
              59.204480000000004
            ]
          ]
        ]
      },
      "properties": {
        "id": "fb60-Botkyrka-25",
        "municipality": "Botkyrka",
        "type": "flerbostadshus",
        "view": "2060"
      }
    },
    {
      "type": "Feature",
      "geometry": {
        "type": "Polygon",
        "coordinates": [
          [
            [
              17.825679999999995,
              59.204480000000004
            ],
            [
              17.82728,
              59.204480000000004
            ],
            [
              17.82728,
              59.20608
            ],
            [
              17.825679999999995,
              59.20608
            ],
            [
              17.825679999999995,
              59.204480000000004
            ]
          ]
        ]
      },
      "properties": {
        "id": "fb60-Botkyrka-26",
        "municipality": "Botkyrka",
        "type": "flerbostadshus",
        "view": "2060"
      }
    },
    {
      "type": "Feature",
      "geometry": {
        "type": "Polygon",
        "coordinates": [
          [
            [
              17.827439999999996,
              59.204480000000004
            ],
            [
              17.82904,
              59.204480000000004
            ],
            [
              17.82904,
              59.20608
            ],
            [
              17.827439999999996,
              59.20608
            ],
            [
              17.827439999999996,
              59.204480000000004
            ]
          ]
        ]
      },
      "properties": {
        "id": "fb60-Botkyrka-27",
        "municipality": "Botkyrka",
        "type": "flerbostadshus",
        "view": "2060"
      }
    },
    {
      "type": "Feature",
      "geometry": {
        "type": "Polygon",
        "coordinates": [
          [
            [
              17.829199999999997,
              59.204480000000004
            ],
            [
              17.8308,
              59.204480000000004
            ],
            [
              17.8308,
              59.20608
            ],
            [
              17.829199999999997,
              59.20608
            ],
            [
              17.829199999999997,
              59.204480000000004
            ]
          ]
        ]
      },
      "properties": {
        "id": "fb60-Botkyrka-28",
        "municipality": "Botkyrka",
        "type": "flerbostadshus",
        "view": "2060"
      }
    },
    {
      "type": "Feature",
      "geometry": {
        "type": "Polygon",
        "coordinates": [
          [
            [
              17.830959999999997,
              59.204480000000004
            ],
            [
              17.83256,
              59.204480000000004
            ],
            [
              17.83256,
              59.20608
            ],
            [
              17.830959999999997,
              59.20608
            ],
            [
              17.830959999999997,
              59.204480000000004
            ]
          ]
        ]
      },
      "properties": {
        "id": "fb60-Botkyrka-29",
        "municipality": "Botkyrka",
        "type": "flerbostadshus",
        "view": "2060"
      }
    },
    {
      "type": "Feature",
      "geometry": {
        "type": "Polygon",
        "coordinates": [
          [
            [
              17.83272,
              59.204480000000004
            ],
            [
              17.83432,
              59.204480000000004
            ],
            [
              17.83432,
              59.20608
            ],
            [
              17.83272,
              59.20608
            ],
            [
              17.83272,
              59.204480000000004
            ]
          ]
        ]
      },
      "properties": {
        "id": "fb60-Botkyrka-30",
        "municipality": "Botkyrka",
        "type": "flerbostadshus",
        "view": "2060"
      }
    },
    {
      "type": "Feature",
      "geometry": {
        "type": "Polygon",
        "coordinates": [
          [
            [
              17.834479999999996,
              59.204480000000004
            ],
            [
              17.83608,
              59.204480000000004
            ],
            [
              17.83608,
              59.20608
            ],
            [
              17.834479999999996,
              59.20608
            ],
            [
              17.834479999999996,
              59.204480000000004
            ]
          ]
        ]
      },
      "properties": {
        "id": "fb60-Botkyrka-31",
        "municipality": "Botkyrka",
        "type": "flerbostadshus",
        "view": "2060"
      }
    },
    {
      "type": "Feature",
      "geometry": {
        "type": "Polygon",
        "coordinates": [
          [
            [
              17.822159999999997,
              59.20624000000001
            ],
            [
              17.82376,
              59.20624000000001
            ],
            [
              17.82376,
              59.207840000000004
            ],
            [
              17.822159999999997,
              59.207840000000004
            ],
            [
              17.822159999999997,
              59.20624000000001
            ]
          ]
        ]
      },
      "properties": {
        "id": "fb60-Botkyrka-32",
        "municipality": "Botkyrka",
        "type": "flerbostadshus",
        "view": "2060"
      }
    },
    {
      "type": "Feature",
      "geometry": {
        "type": "Polygon",
        "coordinates": [
          [
            [
              17.823919999999998,
              59.20624000000001
            ],
            [
              17.82552,
              59.20624000000001
            ],
            [
              17.82552,
              59.207840000000004
            ],
            [
              17.823919999999998,
              59.207840000000004
            ],
            [
              17.823919999999998,
              59.20624000000001
            ]
          ]
        ]
      },
      "properties": {
        "id": "fb60-Botkyrka-33",
        "municipality": "Botkyrka",
        "type": "flerbostadshus",
        "view": "2060"
      }
    },
    {
      "type": "Feature",
      "geometry": {
        "type": "Polygon",
        "coordinates": [
          [
            [
              17.825679999999995,
              59.20624000000001
            ],
            [
              17.82728,
              59.20624000000001
            ],
            [
              17.82728,
              59.207840000000004
            ],
            [
              17.825679999999995,
              59.207840000000004
            ],
            [
              17.825679999999995,
              59.20624000000001
            ]
          ]
        ]
      },
      "properties": {
        "id": "fb60-Botkyrka-34",
        "municipality": "Botkyrka",
        "type": "flerbostadshus",
        "view": "2060"
      }
    },
    {
      "type": "Feature",
      "geometry": {
        "type": "Polygon",
        "coordinates": [
          [
            [
              17.827439999999996,
              59.20624000000001
            ],
            [
              17.82904,
              59.20624000000001
            ],
            [
              17.82904,
              59.207840000000004
            ],
            [
              17.827439999999996,
              59.207840000000004
            ],
            [
              17.827439999999996,
              59.20624000000001
            ]
          ]
        ]
      },
      "properties": {
        "id": "fb60-Botkyrka-35",
        "municipality": "Botkyrka",
        "type": "flerbostadshus",
        "view": "2060"
      }
    },
    {
      "type": "Feature",
      "geometry": {
        "type": "Polygon",
        "coordinates": [
          [
            [
              17.829199999999997,
              59.20624000000001
            ],
            [
              17.8308,
              59.20624000000001
            ],
            [
              17.8308,
              59.207840000000004
            ],
            [
              17.829199999999997,
              59.207840000000004
            ],
            [
              17.829199999999997,
              59.20624000000001
            ]
          ]
        ]
      },
      "properties": {
        "id": "fb60-Botkyrka-36",
        "municipality": "Botkyrka",
        "type": "flerbostadshus",
        "view": "2060"
      }
    },
    {
      "type": "Feature",
      "geometry": {
        "type": "Polygon",
        "coordinates": [
          [
            [
              17.830959999999997,
              59.20624000000001
            ],
            [
              17.83256,
              59.20624000000001
            ],
            [
              17.83256,
              59.207840000000004
            ],
            [
              17.830959999999997,
              59.207840000000004
            ],
            [
              17.830959999999997,
              59.20624000000001
            ]
          ]
        ]
      },
      "properties": {
        "id": "fb60-Botkyrka-37",
        "municipality": "Botkyrka",
        "type": "flerbostadshus",
        "view": "2060"
      }
    },
    {
      "type": "Feature",
      "geometry": {
        "type": "Polygon",
        "coordinates": [
          [
            [
              17.83272,
              59.20624000000001
            ],
            [
              17.83432,
              59.20624000000001
            ],
            [
              17.83432,
              59.207840000000004
            ],
            [
              17.83272,
              59.207840000000004
            ],
            [
              17.83272,
              59.20624000000001
            ]
          ]
        ]
      },
      "properties": {
        "id": "fb60-Botkyrka-38",
        "municipality": "Botkyrka",
        "type": "flerbostadshus",
        "view": "2060"
      }
    },
    {
      "type": "Feature",
      "geometry": {
        "type": "Polygon",
        "coordinates": [
          [
            [
              18.02216,
              59.3992
            ],
            [
              18.023760000000003,
              59.3992
            ],
            [
              18.023760000000003,
              59.4008
            ],
            [
              18.02216,
              59.4008
            ],
            [
              18.02216,
              59.3992
            ]
          ]
        ]
      },
      "properties": {
        "id": "fb60-Danderyd-0",
        "municipality": "Danderyd",
        "type": "flerbostadshus",
        "view": "2060"
      }
    },
    {
      "type": "Feature",
      "geometry": {
        "type": "Polygon",
        "coordinates": [
          [
            [
              18.02392,
              59.3992
            ],
            [
              18.025520000000004,
              59.3992
            ],
            [
              18.025520000000004,
              59.4008
            ],
            [
              18.02392,
              59.4008
            ],
            [
              18.02392,
              59.3992
            ]
          ]
        ]
      },
      "properties": {
        "id": "fb60-Danderyd-1",
        "municipality": "Danderyd",
        "type": "flerbostadshus",
        "view": "2060"
      }
    },
    {
      "type": "Feature",
      "geometry": {
        "type": "Polygon",
        "coordinates": [
          [
            [
              18.025679999999998,
              59.3992
            ],
            [
              18.02728,
              59.3992
            ],
            [
              18.02728,
              59.4008
            ],
            [
              18.025679999999998,
              59.4008
            ],
            [
              18.025679999999998,
              59.3992
            ]
          ]
        ]
      },
      "properties": {
        "id": "fb60-Danderyd-2",
        "municipality": "Danderyd",
        "type": "flerbostadshus",
        "view": "2060"
      }
    },
    {
      "type": "Feature",
      "geometry": {
        "type": "Polygon",
        "coordinates": [
          [
            [
              18.02744,
              59.3992
            ],
            [
              18.029040000000002,
              59.3992
            ],
            [
              18.029040000000002,
              59.4008
            ],
            [
              18.02744,
              59.4008
            ],
            [
              18.02744,
              59.3992
            ]
          ]
        ]
      },
      "properties": {
        "id": "fb60-Danderyd-3",
        "municipality": "Danderyd",
        "type": "flerbostadshus",
        "view": "2060"
      }
    },
    {
      "type": "Feature",
      "geometry": {
        "type": "Polygon",
        "coordinates": [
          [
            [
              18.0292,
              59.3992
            ],
            [
              18.030800000000003,
              59.3992
            ],
            [
              18.030800000000003,
              59.4008
            ],
            [
              18.0292,
              59.4008
            ],
            [
              18.0292,
              59.3992
            ]
          ]
        ]
      },
      "properties": {
        "id": "fb60-Danderyd-4",
        "municipality": "Danderyd",
        "type": "flerbostadshus",
        "view": "2060"
      }
    },
    {
      "type": "Feature",
      "geometry": {
        "type": "Polygon",
        "coordinates": [
          [
            [
              18.03096,
              59.3992
            ],
            [
              18.032560000000004,
              59.3992
            ],
            [
              18.032560000000004,
              59.4008
            ],
            [
              18.03096,
              59.4008
            ],
            [
              18.03096,
              59.3992
            ]
          ]
        ]
      },
      "properties": {
        "id": "fb60-Danderyd-5",
        "municipality": "Danderyd",
        "type": "flerbostadshus",
        "view": "2060"
      }
    },
    {
      "type": "Feature",
      "geometry": {
        "type": "Polygon",
        "coordinates": [
          [
            [
              18.03272,
              59.3992
            ],
            [
              18.034320000000005,
              59.3992
            ],
            [
              18.034320000000005,
              59.4008
            ],
            [
              18.03272,
              59.4008
            ],
            [
              18.03272,
              59.3992
            ]
          ]
        ]
      },
      "properties": {
        "id": "fb60-Danderyd-6",
        "municipality": "Danderyd",
        "type": "flerbostadshus",
        "view": "2060"
      }
    },
    {
      "type": "Feature",
      "geometry": {
        "type": "Polygon",
        "coordinates": [
          [
            [
              18.03448,
              59.3992
            ],
            [
              18.036080000000002,
              59.3992
            ],
            [
              18.036080000000002,
              59.4008
            ],
            [
              18.03448,
              59.4008
            ],
            [
              18.03448,
              59.3992
            ]
          ]
        ]
      },
      "properties": {
        "id": "fb60-Danderyd-7",
        "municipality": "Danderyd",
        "type": "flerbostadshus",
        "view": "2060"
      }
    },
    {
      "type": "Feature",
      "geometry": {
        "type": "Polygon",
        "coordinates": [
          [
            [
              18.02216,
              59.40096
            ],
            [
              18.023760000000003,
              59.40096
            ],
            [
              18.023760000000003,
              59.402559999999994
            ],
            [
              18.02216,
              59.402559999999994
            ],
            [
              18.02216,
              59.40096
            ]
          ]
        ]
      },
      "properties": {
        "id": "fb60-Danderyd-8",
        "municipality": "Danderyd",
        "type": "flerbostadshus",
        "view": "2060"
      }
    },
    {
      "type": "Feature",
      "geometry": {
        "type": "Polygon",
        "coordinates": [
          [
            [
              18.02392,
              59.40096
            ],
            [
              18.025520000000004,
              59.40096
            ],
            [
              18.025520000000004,
              59.402559999999994
            ],
            [
              18.02392,
              59.402559999999994
            ],
            [
              18.02392,
              59.40096
            ]
          ]
        ]
      },
      "properties": {
        "id": "fb60-Danderyd-9",
        "municipality": "Danderyd",
        "type": "flerbostadshus",
        "view": "2060"
      }
    },
    {
      "type": "Feature",
      "geometry": {
        "type": "Polygon",
        "coordinates": [
          [
            [
              17.81216,
              59.269200000000005
            ],
            [
              17.813760000000002,
              59.269200000000005
            ],
            [
              17.813760000000002,
              59.2708
            ],
            [
              17.81216,
              59.2708
            ],
            [
              17.81216,
              59.269200000000005
            ]
          ]
        ]
      },
      "properties": {
        "id": "fb60-Ekerö-0",
        "municipality": "Ekerö",
        "type": "flerbostadshus",
        "view": "2060"
      }
    },
    {
      "type": "Feature",
      "geometry": {
        "type": "Polygon",
        "coordinates": [
          [
            [
              17.81392,
              59.269200000000005
            ],
            [
              17.815520000000003,
              59.269200000000005
            ],
            [
              17.815520000000003,
              59.2708
            ],
            [
              17.81392,
              59.2708
            ],
            [
              17.81392,
              59.269200000000005
            ]
          ]
        ]
      },
      "properties": {
        "id": "fb60-Ekerö-1",
        "municipality": "Ekerö",
        "type": "flerbostadshus",
        "view": "2060"
      }
    },
    {
      "type": "Feature",
      "geometry": {
        "type": "Polygon",
        "coordinates": [
          [
            [
              17.815679999999997,
              59.269200000000005
            ],
            [
              17.81728,
              59.269200000000005
            ],
            [
              17.81728,
              59.2708
            ],
            [
              17.815679999999997,
              59.2708
            ],
            [
              17.815679999999997,
              59.269200000000005
            ]
          ]
        ]
      },
      "properties": {
        "id": "fb60-Ekerö-2",
        "municipality": "Ekerö",
        "type": "flerbostadshus",
        "view": "2060"
      }
    },
    {
      "type": "Feature",
      "geometry": {
        "type": "Polygon",
        "coordinates": [
          [
            [
              17.817439999999998,
              59.269200000000005
            ],
            [
              17.81904,
              59.269200000000005
            ],
            [
              17.81904,
              59.2708
            ],
            [
              17.817439999999998,
              59.2708
            ],
            [
              17.817439999999998,
              59.269200000000005
            ]
          ]
        ]
      },
      "properties": {
        "id": "fb60-Ekerö-3",
        "municipality": "Ekerö",
        "type": "flerbostadshus",
        "view": "2060"
      }
    },
    {
      "type": "Feature",
      "geometry": {
        "type": "Polygon",
        "coordinates": [
          [
            [
              17.8192,
              59.269200000000005
            ],
            [
              17.820800000000002,
              59.269200000000005
            ],
            [
              17.820800000000002,
              59.2708
            ],
            [
              17.8192,
              59.2708
            ],
            [
              17.8192,
              59.269200000000005
            ]
          ]
        ]
      },
      "properties": {
        "id": "fb60-Ekerö-4",
        "municipality": "Ekerö",
        "type": "flerbostadshus",
        "view": "2060"
      }
    },
    {
      "type": "Feature",
      "geometry": {
        "type": "Polygon",
        "coordinates": [
          [
            [
              17.82096,
              59.269200000000005
            ],
            [
              17.822560000000003,
              59.269200000000005
            ],
            [
              17.822560000000003,
              59.2708
            ],
            [
              17.82096,
              59.2708
            ],
            [
              17.82096,
              59.269200000000005
            ]
          ]
        ]
      },
      "properties": {
        "id": "fb60-Ekerö-5",
        "municipality": "Ekerö",
        "type": "flerbostadshus",
        "view": "2060"
      }
    },
    {
      "type": "Feature",
      "geometry": {
        "type": "Polygon",
        "coordinates": [
          [
            [
              17.82272,
              59.269200000000005
            ],
            [
              17.824320000000004,
              59.269200000000005
            ],
            [
              17.824320000000004,
              59.2708
            ],
            [
              17.82272,
              59.2708
            ],
            [
              17.82272,
              59.269200000000005
            ]
          ]
        ]
      },
      "properties": {
        "id": "fb60-Ekerö-6",
        "municipality": "Ekerö",
        "type": "flerbostadshus",
        "view": "2060"
      }
    },
    {
      "type": "Feature",
      "geometry": {
        "type": "Polygon",
        "coordinates": [
          [
            [
              18.13216,
              59.169200000000004
            ],
            [
              18.133760000000002,
              59.169200000000004
            ],
            [
              18.133760000000002,
              59.1708
            ],
            [
              18.13216,
              59.1708
            ],
            [
              18.13216,
              59.169200000000004
            ]
          ]
        ]
      },
      "properties": {
        "id": "fb60-Haninge-0",
        "municipality": "Haninge",
        "type": "flerbostadshus",
        "view": "2060"
      }
    },
    {
      "type": "Feature",
      "geometry": {
        "type": "Polygon",
        "coordinates": [
          [
            [
              18.13392,
              59.169200000000004
            ],
            [
              18.135520000000003,
              59.169200000000004
            ],
            [
              18.135520000000003,
              59.1708
            ],
            [
              18.13392,
              59.1708
            ],
            [
              18.13392,
              59.169200000000004
            ]
          ]
        ]
      },
      "properties": {
        "id": "fb60-Haninge-1",
        "municipality": "Haninge",
        "type": "flerbostadshus",
        "view": "2060"
      }
    },
    {
      "type": "Feature",
      "geometry": {
        "type": "Polygon",
        "coordinates": [
          [
            [
              18.135679999999997,
              59.169200000000004
            ],
            [
              18.13728,
              59.169200000000004
            ],
            [
              18.13728,
              59.1708
            ],
            [
              18.135679999999997,
              59.1708
            ],
            [
              18.135679999999997,
              59.169200000000004
            ]
          ]
        ]
      },
      "properties": {
        "id": "fb60-Haninge-2",
        "municipality": "Haninge",
        "type": "flerbostadshus",
        "view": "2060"
      }
    },
    {
      "type": "Feature",
      "geometry": {
        "type": "Polygon",
        "coordinates": [
          [
            [
              18.137439999999998,
              59.169200000000004
            ],
            [
              18.13904,
              59.169200000000004
            ],
            [
              18.13904,
              59.1708
            ],
            [
              18.137439999999998,
              59.1708
            ],
            [
              18.137439999999998,
              59.169200000000004
            ]
          ]
        ]
      },
      "properties": {
        "id": "fb60-Haninge-3",
        "municipality": "Haninge",
        "type": "flerbostadshus",
        "view": "2060"
      }
    },
    {
      "type": "Feature",
      "geometry": {
        "type": "Polygon",
        "coordinates": [
          [
            [
              18.1392,
              59.169200000000004
            ],
            [
              18.140800000000002,
              59.169200000000004
            ],
            [
              18.140800000000002,
              59.1708
            ],
            [
              18.1392,
              59.1708
            ],
            [
              18.1392,
              59.169200000000004
            ]
          ]
        ]
      },
      "properties": {
        "id": "fb60-Haninge-4",
        "municipality": "Haninge",
        "type": "flerbostadshus",
        "view": "2060"
      }
    },
    {
      "type": "Feature",
      "geometry": {
        "type": "Polygon",
        "coordinates": [
          [
            [
              18.14096,
              59.169200000000004
            ],
            [
              18.142560000000003,
              59.169200000000004
            ],
            [
              18.142560000000003,
              59.1708
            ],
            [
              18.14096,
              59.1708
            ],
            [
              18.14096,
              59.169200000000004
            ]
          ]
        ]
      },
      "properties": {
        "id": "fb60-Haninge-5",
        "municipality": "Haninge",
        "type": "flerbostadshus",
        "view": "2060"
      }
    },
    {
      "type": "Feature",
      "geometry": {
        "type": "Polygon",
        "coordinates": [
          [
            [
              18.14272,
              59.169200000000004
            ],
            [
              18.144320000000004,
              59.169200000000004
            ],
            [
              18.144320000000004,
              59.1708
            ],
            [
              18.14272,
              59.1708
            ],
            [
              18.14272,
              59.169200000000004
            ]
          ]
        ]
      },
      "properties": {
        "id": "fb60-Haninge-6",
        "municipality": "Haninge",
        "type": "flerbostadshus",
        "view": "2060"
      }
    },
    {
      "type": "Feature",
      "geometry": {
        "type": "Polygon",
        "coordinates": [
          [
            [
              18.144479999999998,
              59.169200000000004
            ],
            [
              18.14608,
              59.169200000000004
            ],
            [
              18.14608,
              59.1708
            ],
            [
              18.144479999999998,
              59.1708
            ],
            [
              18.144479999999998,
              59.169200000000004
            ]
          ]
        ]
      },
      "properties": {
        "id": "fb60-Haninge-7",
        "municipality": "Haninge",
        "type": "flerbostadshus",
        "view": "2060"
      }
    },
    {
      "type": "Feature",
      "geometry": {
        "type": "Polygon",
        "coordinates": [
          [
            [
              18.13216,
              59.17096
            ],
            [
              18.133760000000002,
              59.17096
            ],
            [
              18.133760000000002,
              59.17256
            ],
            [
              18.13216,
              59.17256
            ],
            [
              18.13216,
              59.17096
            ]
          ]
        ]
      },
      "properties": {
        "id": "fb60-Haninge-8",
        "municipality": "Haninge",
        "type": "flerbostadshus",
        "view": "2060"
      }
    },
    {
      "type": "Feature",
      "geometry": {
        "type": "Polygon",
        "coordinates": [
          [
            [
              18.13392,
              59.17096
            ],
            [
              18.135520000000003,
              59.17096
            ],
            [
              18.135520000000003,
              59.17256
            ],
            [
              18.13392,
              59.17256
            ],
            [
              18.13392,
              59.17096
            ]
          ]
        ]
      },
      "properties": {
        "id": "fb60-Haninge-9",
        "municipality": "Haninge",
        "type": "flerbostadshus",
        "view": "2060"
      }
    },
    {
      "type": "Feature",
      "geometry": {
        "type": "Polygon",
        "coordinates": [
          [
            [
              18.135679999999997,
              59.17096
            ],
            [
              18.13728,
              59.17096
            ],
            [
              18.13728,
              59.17256
            ],
            [
              18.135679999999997,
              59.17256
            ],
            [
              18.135679999999997,
              59.17096
            ]
          ]
        ]
      },
      "properties": {
        "id": "fb60-Haninge-10",
        "municipality": "Haninge",
        "type": "flerbostadshus",
        "view": "2060"
      }
    },
    {
      "type": "Feature",
      "geometry": {
        "type": "Polygon",
        "coordinates": [
          [
            [
              18.137439999999998,
              59.17096
            ],
            [
              18.13904,
              59.17096
            ],
            [
              18.13904,
              59.17256
            ],
            [
              18.137439999999998,
              59.17256
            ],
            [
              18.137439999999998,
              59.17096
            ]
          ]
        ]
      },
      "properties": {
        "id": "fb60-Haninge-11",
        "municipality": "Haninge",
        "type": "flerbostadshus",
        "view": "2060"
      }
    },
    {
      "type": "Feature",
      "geometry": {
        "type": "Polygon",
        "coordinates": [
          [
            [
              18.1392,
              59.17096
            ],
            [
              18.140800000000002,
              59.17096
            ],
            [
              18.140800000000002,
              59.17256
            ],
            [
              18.1392,
              59.17256
            ],
            [
              18.1392,
              59.17096
            ]
          ]
        ]
      },
      "properties": {
        "id": "fb60-Haninge-12",
        "municipality": "Haninge",
        "type": "flerbostadshus",
        "view": "2060"
      }
    },
    {
      "type": "Feature",
      "geometry": {
        "type": "Polygon",
        "coordinates": [
          [
            [
              18.14096,
              59.17096
            ],
            [
              18.142560000000003,
              59.17096
            ],
            [
              18.142560000000003,
              59.17256
            ],
            [
              18.14096,
              59.17256
            ],
            [
              18.14096,
              59.17096
            ]
          ]
        ]
      },
      "properties": {
        "id": "fb60-Haninge-13",
        "municipality": "Haninge",
        "type": "flerbostadshus",
        "view": "2060"
      }
    },
    {
      "type": "Feature",
      "geometry": {
        "type": "Polygon",
        "coordinates": [
          [
            [
              18.14272,
              59.17096
            ],
            [
              18.144320000000004,
              59.17096
            ],
            [
              18.144320000000004,
              59.17256
            ],
            [
              18.14272,
              59.17256
            ],
            [
              18.14272,
              59.17096
            ]
          ]
        ]
      },
      "properties": {
        "id": "fb60-Haninge-14",
        "municipality": "Haninge",
        "type": "flerbostadshus",
        "view": "2060"
      }
    },
    {
      "type": "Feature",
      "geometry": {
        "type": "Polygon",
        "coordinates": [
          [
            [
              18.144479999999998,
              59.17096
            ],
            [
              18.14608,
              59.17096
            ],
            [
              18.14608,
              59.17256
            ],
            [
              18.144479999999998,
              59.17256
            ],
            [
              18.144479999999998,
              59.17096
            ]
          ]
        ]
      },
      "properties": {
        "id": "fb60-Haninge-15",
        "municipality": "Haninge",
        "type": "flerbostadshus",
        "view": "2060"
      }
    },
    {
      "type": "Feature",
      "geometry": {
        "type": "Polygon",
        "coordinates": [
          [
            [
              18.13216,
              59.172720000000005
            ],
            [
              18.133760000000002,
              59.172720000000005
            ],
            [
              18.133760000000002,
              59.17432
            ],
            [
              18.13216,
              59.17432
            ],
            [
              18.13216,
              59.172720000000005
            ]
          ]
        ]
      },
      "properties": {
        "id": "fb60-Haninge-16",
        "municipality": "Haninge",
        "type": "flerbostadshus",
        "view": "2060"
      }
    },
    {
      "type": "Feature",
      "geometry": {
        "type": "Polygon",
        "coordinates": [
          [
            [
              18.13392,
              59.172720000000005
            ],
            [
              18.135520000000003,
              59.172720000000005
            ],
            [
              18.135520000000003,
              59.17432
            ],
            [
              18.13392,
              59.17432
            ],
            [
              18.13392,
              59.172720000000005
            ]
          ]
        ]
      },
      "properties": {
        "id": "fb60-Haninge-17",
        "municipality": "Haninge",
        "type": "flerbostadshus",
        "view": "2060"
      }
    },
    {
      "type": "Feature",
      "geometry": {
        "type": "Polygon",
        "coordinates": [
          [
            [
              18.135679999999997,
              59.172720000000005
            ],
            [
              18.13728,
              59.172720000000005
            ],
            [
              18.13728,
              59.17432
            ],
            [
              18.135679999999997,
              59.17432
            ],
            [
              18.135679999999997,
              59.172720000000005
            ]
          ]
        ]
      },
      "properties": {
        "id": "fb60-Haninge-18",
        "municipality": "Haninge",
        "type": "flerbostadshus",
        "view": "2060"
      }
    },
    {
      "type": "Feature",
      "geometry": {
        "type": "Polygon",
        "coordinates": [
          [
            [
              18.137439999999998,
              59.172720000000005
            ],
            [
              18.13904,
              59.172720000000005
            ],
            [
              18.13904,
              59.17432
            ],
            [
              18.137439999999998,
              59.17432
            ],
            [
              18.137439999999998,
              59.172720000000005
            ]
          ]
        ]
      },
      "properties": {
        "id": "fb60-Haninge-19",
        "municipality": "Haninge",
        "type": "flerbostadshus",
        "view": "2060"
      }
    },
    {
      "type": "Feature",
      "geometry": {
        "type": "Polygon",
        "coordinates": [
          [
            [
              18.1392,
              59.172720000000005
            ],
            [
              18.140800000000002,
              59.172720000000005
            ],
            [
              18.140800000000002,
              59.17432
            ],
            [
              18.1392,
              59.17432
            ],
            [
              18.1392,
              59.172720000000005
            ]
          ]
        ]
      },
      "properties": {
        "id": "fb60-Haninge-20",
        "municipality": "Haninge",
        "type": "flerbostadshus",
        "view": "2060"
      }
    },
    {
      "type": "Feature",
      "geometry": {
        "type": "Polygon",
        "coordinates": [
          [
            [
              18.14096,
              59.172720000000005
            ],
            [
              18.142560000000003,
              59.172720000000005
            ],
            [
              18.142560000000003,
              59.17432
            ],
            [
              18.14096,
              59.17432
            ],
            [
              18.14096,
              59.172720000000005
            ]
          ]
        ]
      },
      "properties": {
        "id": "fb60-Haninge-21",
        "municipality": "Haninge",
        "type": "flerbostadshus",
        "view": "2060"
      }
    },
    {
      "type": "Feature",
      "geometry": {
        "type": "Polygon",
        "coordinates": [
          [
            [
              18.14272,
              59.172720000000005
            ],
            [
              18.144320000000004,
              59.172720000000005
            ],
            [
              18.144320000000004,
              59.17432
            ],
            [
              18.14272,
              59.17432
            ],
            [
              18.14272,
              59.172720000000005
            ]
          ]
        ]
      },
      "properties": {
        "id": "fb60-Haninge-22",
        "municipality": "Haninge",
        "type": "flerbostadshus",
        "view": "2060"
      }
    },
    {
      "type": "Feature",
      "geometry": {
        "type": "Polygon",
        "coordinates": [
          [
            [
              18.144479999999998,
              59.172720000000005
            ],
            [
              18.14608,
              59.172720000000005
            ],
            [
              18.14608,
              59.17432
            ],
            [
              18.144479999999998,
              59.17432
            ],
            [
              18.144479999999998,
              59.172720000000005
            ]
          ]
        ]
      },
      "properties": {
        "id": "fb60-Haninge-23",
        "municipality": "Haninge",
        "type": "flerbostadshus",
        "view": "2060"
      }
    },
    {
      "type": "Feature",
      "geometry": {
        "type": "Polygon",
        "coordinates": [
          [
            [
              18.13216,
              59.17448
            ],
            [
              18.133760000000002,
              59.17448
            ],
            [
              18.133760000000002,
              59.17608
            ],
            [
              18.13216,
              59.17608
            ],
            [
              18.13216,
              59.17448
            ]
          ]
        ]
      },
      "properties": {
        "id": "fb60-Haninge-24",
        "municipality": "Haninge",
        "type": "flerbostadshus",
        "view": "2060"
      }
    },
    {
      "type": "Feature",
      "geometry": {
        "type": "Polygon",
        "coordinates": [
          [
            [
              18.13392,
              59.17448
            ],
            [
              18.135520000000003,
              59.17448
            ],
            [
              18.135520000000003,
              59.17608
            ],
            [
              18.13392,
              59.17608
            ],
            [
              18.13392,
              59.17448
            ]
          ]
        ]
      },
      "properties": {
        "id": "fb60-Haninge-25",
        "municipality": "Haninge",
        "type": "flerbostadshus",
        "view": "2060"
      }
    },
    {
      "type": "Feature",
      "geometry": {
        "type": "Polygon",
        "coordinates": [
          [
            [
              18.135679999999997,
              59.17448
            ],
            [
              18.13728,
              59.17448
            ],
            [
              18.13728,
              59.17608
            ],
            [
              18.135679999999997,
              59.17608
            ],
            [
              18.135679999999997,
              59.17448
            ]
          ]
        ]
      },
      "properties": {
        "id": "fb60-Haninge-26",
        "municipality": "Haninge",
        "type": "flerbostadshus",
        "view": "2060"
      }
    },
    {
      "type": "Feature",
      "geometry": {
        "type": "Polygon",
        "coordinates": [
          [
            [
              18.137439999999998,
              59.17448
            ],
            [
              18.13904,
              59.17448
            ],
            [
              18.13904,
              59.17608
            ],
            [
              18.137439999999998,
              59.17608
            ],
            [
              18.137439999999998,
              59.17448
            ]
          ]
        ]
      },
      "properties": {
        "id": "fb60-Haninge-27",
        "municipality": "Haninge",
        "type": "flerbostadshus",
        "view": "2060"
      }
    },
    {
      "type": "Feature",
      "geometry": {
        "type": "Polygon",
        "coordinates": [
          [
            [
              18.1392,
              59.17448
            ],
            [
              18.140800000000002,
              59.17448
            ],
            [
              18.140800000000002,
              59.17608
            ],
            [
              18.1392,
              59.17608
            ],
            [
              18.1392,
              59.17448
            ]
          ]
        ]
      },
      "properties": {
        "id": "fb60-Haninge-28",
        "municipality": "Haninge",
        "type": "flerbostadshus",
        "view": "2060"
      }
    },
    {
      "type": "Feature",
      "geometry": {
        "type": "Polygon",
        "coordinates": [
          [
            [
              18.14096,
              59.17448
            ],
            [
              18.142560000000003,
              59.17448
            ],
            [
              18.142560000000003,
              59.17608
            ],
            [
              18.14096,
              59.17608
            ],
            [
              18.14096,
              59.17448
            ]
          ]
        ]
      },
      "properties": {
        "id": "fb60-Haninge-29",
        "municipality": "Haninge",
        "type": "flerbostadshus",
        "view": "2060"
      }
    },
    {
      "type": "Feature",
      "geometry": {
        "type": "Polygon",
        "coordinates": [
          [
            [
              18.14272,
              59.17448
            ],
            [
              18.144320000000004,
              59.17448
            ],
            [
              18.144320000000004,
              59.17608
            ],
            [
              18.14272,
              59.17608
            ],
            [
              18.14272,
              59.17448
            ]
          ]
        ]
      },
      "properties": {
        "id": "fb60-Haninge-30",
        "municipality": "Haninge",
        "type": "flerbostadshus",
        "view": "2060"
      }
    },
    {
      "type": "Feature",
      "geometry": {
        "type": "Polygon",
        "coordinates": [
          [
            [
              18.144479999999998,
              59.17448
            ],
            [
              18.14608,
              59.17448
            ],
            [
              18.14608,
              59.17608
            ],
            [
              18.144479999999998,
              59.17608
            ],
            [
              18.144479999999998,
              59.17448
            ]
          ]
        ]
      },
      "properties": {
        "id": "fb60-Haninge-31",
        "municipality": "Haninge",
        "type": "flerbostadshus",
        "view": "2060"
      }
    },
    {
      "type": "Feature",
      "geometry": {
        "type": "Polygon",
        "coordinates": [
          [
            [
              18.13216,
              59.17624000000001
            ],
            [
              18.133760000000002,
              59.17624000000001
            ],
            [
              18.133760000000002,
              59.17784
            ],
            [
              18.13216,
              59.17784
            ],
            [
              18.13216,
              59.17624000000001
            ]
          ]
        ]
      },
      "properties": {
        "id": "fb60-Haninge-32",
        "municipality": "Haninge",
        "type": "flerbostadshus",
        "view": "2060"
      }
    },
    {
      "type": "Feature",
      "geometry": {
        "type": "Polygon",
        "coordinates": [
          [
            [
              18.13392,
              59.17624000000001
            ],
            [
              18.135520000000003,
              59.17624000000001
            ],
            [
              18.135520000000003,
              59.17784
            ],
            [
              18.13392,
              59.17784
            ],
            [
              18.13392,
              59.17624000000001
            ]
          ]
        ]
      },
      "properties": {
        "id": "fb60-Haninge-33",
        "municipality": "Haninge",
        "type": "flerbostadshus",
        "view": "2060"
      }
    },
    {
      "type": "Feature",
      "geometry": {
        "type": "Polygon",
        "coordinates": [
          [
            [
              18.135679999999997,
              59.17624000000001
            ],
            [
              18.13728,
              59.17624000000001
            ],
            [
              18.13728,
              59.17784
            ],
            [
              18.135679999999997,
              59.17784
            ],
            [
              18.135679999999997,
              59.17624000000001
            ]
          ]
        ]
      },
      "properties": {
        "id": "fb60-Haninge-34",
        "municipality": "Haninge",
        "type": "flerbostadshus",
        "view": "2060"
      }
    },
    {
      "type": "Feature",
      "geometry": {
        "type": "Polygon",
        "coordinates": [
          [
            [
              18.137439999999998,
              59.17624000000001
            ],
            [
              18.13904,
              59.17624000000001
            ],
            [
              18.13904,
              59.17784
            ],
            [
              18.137439999999998,
              59.17784
            ],
            [
              18.137439999999998,
              59.17624000000001
            ]
          ]
        ]
      },
      "properties": {
        "id": "fb60-Haninge-35",
        "municipality": "Haninge",
        "type": "flerbostadshus",
        "view": "2060"
      }
    },
    {
      "type": "Feature",
      "geometry": {
        "type": "Polygon",
        "coordinates": [
          [
            [
              18.1392,
              59.17624000000001
            ],
            [
              18.140800000000002,
              59.17624000000001
            ],
            [
              18.140800000000002,
              59.17784
            ],
            [
              18.1392,
              59.17784
            ],
            [
              18.1392,
              59.17624000000001
            ]
          ]
        ]
      },
      "properties": {
        "id": "fb60-Haninge-36",
        "municipality": "Haninge",
        "type": "flerbostadshus",
        "view": "2060"
      }
    },
    {
      "type": "Feature",
      "geometry": {
        "type": "Polygon",
        "coordinates": [
          [
            [
              18.14096,
              59.17624000000001
            ],
            [
              18.142560000000003,
              59.17624000000001
            ],
            [
              18.142560000000003,
              59.17784
            ],
            [
              18.14096,
              59.17784
            ],
            [
              18.14096,
              59.17624000000001
            ]
          ]
        ]
      },
      "properties": {
        "id": "fb60-Haninge-37",
        "municipality": "Haninge",
        "type": "flerbostadshus",
        "view": "2060"
      }
    },
    {
      "type": "Feature",
      "geometry": {
        "type": "Polygon",
        "coordinates": [
          [
            [
              18.14272,
              59.17624000000001
            ],
            [
              18.144320000000004,
              59.17624000000001
            ],
            [
              18.144320000000004,
              59.17784
            ],
            [
              18.14272,
              59.17784
            ],
            [
              18.14272,
              59.17624000000001
            ]
          ]
        ]
      },
      "properties": {
        "id": "fb60-Haninge-38",
        "municipality": "Haninge",
        "type": "flerbostadshus",
        "view": "2060"
      }
    },
    {
      "type": "Feature",
      "geometry": {
        "type": "Polygon",
        "coordinates": [
          [
            [
              18.144479999999998,
              59.17624000000001
            ],
            [
              18.14608,
              59.17624000000001
            ],
            [
              18.14608,
              59.17784
            ],
            [
              18.144479999999998,
              59.17784
            ],
            [
              18.144479999999998,
              59.17624000000001
            ]
          ]
        ]
      },
      "properties": {
        "id": "fb60-Haninge-39",
        "municipality": "Haninge",
        "type": "flerbostadshus",
        "view": "2060"
      }
    },
    {
      "type": "Feature",
      "geometry": {
        "type": "Polygon",
        "coordinates": [
          [
            [
              18.13216,
              59.178000000000004
            ],
            [
              18.133760000000002,
              59.178000000000004
            ],
            [
              18.133760000000002,
              59.1796
            ],
            [
              18.13216,
              59.1796
            ],
            [
              18.13216,
              59.178000000000004
            ]
          ]
        ]
      },
      "properties": {
        "id": "fb60-Haninge-40",
        "municipality": "Haninge",
        "type": "flerbostadshus",
        "view": "2060"
      }
    },
    {
      "type": "Feature",
      "geometry": {
        "type": "Polygon",
        "coordinates": [
          [
            [
              18.13392,
              59.178000000000004
            ],
            [
              18.135520000000003,
              59.178000000000004
            ],
            [
              18.135520000000003,
              59.1796
            ],
            [
              18.13392,
              59.1796
            ],
            [
              18.13392,
              59.178000000000004
            ]
          ]
        ]
      },
      "properties": {
        "id": "fb60-Haninge-41",
        "municipality": "Haninge",
        "type": "flerbostadshus",
        "view": "2060"
      }
    },
    {
      "type": "Feature",
      "geometry": {
        "type": "Polygon",
        "coordinates": [
          [
            [
              18.135679999999997,
              59.178000000000004
            ],
            [
              18.13728,
              59.178000000000004
            ],
            [
              18.13728,
              59.1796
            ],
            [
              18.135679999999997,
              59.1796
            ],
            [
              18.135679999999997,
              59.178000000000004
            ]
          ]
        ]
      },
      "properties": {
        "id": "fb60-Haninge-42",
        "municipality": "Haninge",
        "type": "flerbostadshus",
        "view": "2060"
      }
    },
    {
      "type": "Feature",
      "geometry": {
        "type": "Polygon",
        "coordinates": [
          [
            [
              17.97216,
              59.2292
            ],
            [
              17.973760000000002,
              59.2292
            ],
            [
              17.973760000000002,
              59.230799999999995
            ],
            [
              17.97216,
              59.230799999999995
            ],
            [
              17.97216,
              59.2292
            ]
          ]
        ]
      },
      "properties": {
        "id": "fb60-Huddinge-0",
        "municipality": "Huddinge",
        "type": "flerbostadshus",
        "view": "2060"
      }
    },
    {
      "type": "Feature",
      "geometry": {
        "type": "Polygon",
        "coordinates": [
          [
            [
              17.97392,
              59.2292
            ],
            [
              17.975520000000003,
              59.2292
            ],
            [
              17.975520000000003,
              59.230799999999995
            ],
            [
              17.97392,
              59.230799999999995
            ],
            [
              17.97392,
              59.2292
            ]
          ]
        ]
      },
      "properties": {
        "id": "fb60-Huddinge-1",
        "municipality": "Huddinge",
        "type": "flerbostadshus",
        "view": "2060"
      }
    },
    {
      "type": "Feature",
      "geometry": {
        "type": "Polygon",
        "coordinates": [
          [
            [
              17.975679999999997,
              59.2292
            ],
            [
              17.97728,
              59.2292
            ],
            [
              17.97728,
              59.230799999999995
            ],
            [
              17.975679999999997,
              59.230799999999995
            ],
            [
              17.975679999999997,
              59.2292
            ]
          ]
        ]
      },
      "properties": {
        "id": "fb60-Huddinge-2",
        "municipality": "Huddinge",
        "type": "flerbostadshus",
        "view": "2060"
      }
    },
    {
      "type": "Feature",
      "geometry": {
        "type": "Polygon",
        "coordinates": [
          [
            [
              17.977439999999998,
              59.2292
            ],
            [
              17.97904,
              59.2292
            ],
            [
              17.97904,
              59.230799999999995
            ],
            [
              17.977439999999998,
              59.230799999999995
            ],
            [
              17.977439999999998,
              59.2292
            ]
          ]
        ]
      },
      "properties": {
        "id": "fb60-Huddinge-3",
        "municipality": "Huddinge",
        "type": "flerbostadshus",
        "view": "2060"
      }
    },
    {
      "type": "Feature",
      "geometry": {
        "type": "Polygon",
        "coordinates": [
          [
            [
              17.9792,
              59.2292
            ],
            [
              17.980800000000002,
              59.2292
            ],
            [
              17.980800000000002,
              59.230799999999995
            ],
            [
              17.9792,
              59.230799999999995
            ],
            [
              17.9792,
              59.2292
            ]
          ]
        ]
      },
      "properties": {
        "id": "fb60-Huddinge-4",
        "municipality": "Huddinge",
        "type": "flerbostadshus",
        "view": "2060"
      }
    },
    {
      "type": "Feature",
      "geometry": {
        "type": "Polygon",
        "coordinates": [
          [
            [
              17.98096,
              59.2292
            ],
            [
              17.982560000000003,
              59.2292
            ],
            [
              17.982560000000003,
              59.230799999999995
            ],
            [
              17.98096,
              59.230799999999995
            ],
            [
              17.98096,
              59.2292
            ]
          ]
        ]
      },
      "properties": {
        "id": "fb60-Huddinge-5",
        "municipality": "Huddinge",
        "type": "flerbostadshus",
        "view": "2060"
      }
    },
    {
      "type": "Feature",
      "geometry": {
        "type": "Polygon",
        "coordinates": [
          [
            [
              17.98272,
              59.2292
            ],
            [
              17.984320000000004,
              59.2292
            ],
            [
              17.984320000000004,
              59.230799999999995
            ],
            [
              17.98272,
              59.230799999999995
            ],
            [
              17.98272,
              59.2292
            ]
          ]
        ]
      },
      "properties": {
        "id": "fb60-Huddinge-6",
        "municipality": "Huddinge",
        "type": "flerbostadshus",
        "view": "2060"
      }
    },
    {
      "type": "Feature",
      "geometry": {
        "type": "Polygon",
        "coordinates": [
          [
            [
              17.984479999999998,
              59.2292
            ],
            [
              17.98608,
              59.2292
            ],
            [
              17.98608,
              59.230799999999995
            ],
            [
              17.984479999999998,
              59.230799999999995
            ],
            [
              17.984479999999998,
              59.2292
            ]
          ]
        ]
      },
      "properties": {
        "id": "fb60-Huddinge-7",
        "municipality": "Huddinge",
        "type": "flerbostadshus",
        "view": "2060"
      }
    },
    {
      "type": "Feature",
      "geometry": {
        "type": "Polygon",
        "coordinates": [
          [
            [
              17.97216,
              59.230959999999996
            ],
            [
              17.973760000000002,
              59.230959999999996
            ],
            [
              17.973760000000002,
              59.23255999999999
            ],
            [
              17.97216,
              59.23255999999999
            ],
            [
              17.97216,
              59.230959999999996
            ]
          ]
        ]
      },
      "properties": {
        "id": "fb60-Huddinge-8",
        "municipality": "Huddinge",
        "type": "flerbostadshus",
        "view": "2060"
      }
    },
    {
      "type": "Feature",
      "geometry": {
        "type": "Polygon",
        "coordinates": [
          [
            [
              17.97392,
              59.230959999999996
            ],
            [
              17.975520000000003,
              59.230959999999996
            ],
            [
              17.975520000000003,
              59.23255999999999
            ],
            [
              17.97392,
              59.23255999999999
            ],
            [
              17.97392,
              59.230959999999996
            ]
          ]
        ]
      },
      "properties": {
        "id": "fb60-Huddinge-9",
        "municipality": "Huddinge",
        "type": "flerbostadshus",
        "view": "2060"
      }
    },
    {
      "type": "Feature",
      "geometry": {
        "type": "Polygon",
        "coordinates": [
          [
            [
              17.975679999999997,
              59.230959999999996
            ],
            [
              17.97728,
              59.230959999999996
            ],
            [
              17.97728,
              59.23255999999999
            ],
            [
              17.975679999999997,
              59.23255999999999
            ],
            [
              17.975679999999997,
              59.230959999999996
            ]
          ]
        ]
      },
      "properties": {
        "id": "fb60-Huddinge-10",
        "municipality": "Huddinge",
        "type": "flerbostadshus",
        "view": "2060"
      }
    },
    {
      "type": "Feature",
      "geometry": {
        "type": "Polygon",
        "coordinates": [
          [
            [
              17.977439999999998,
              59.230959999999996
            ],
            [
              17.97904,
              59.230959999999996
            ],
            [
              17.97904,
              59.23255999999999
            ],
            [
              17.977439999999998,
              59.23255999999999
            ],
            [
              17.977439999999998,
              59.230959999999996
            ]
          ]
        ]
      },
      "properties": {
        "id": "fb60-Huddinge-11",
        "municipality": "Huddinge",
        "type": "flerbostadshus",
        "view": "2060"
      }
    },
    {
      "type": "Feature",
      "geometry": {
        "type": "Polygon",
        "coordinates": [
          [
            [
              17.9792,
              59.230959999999996
            ],
            [
              17.980800000000002,
              59.230959999999996
            ],
            [
              17.980800000000002,
              59.23255999999999
            ],
            [
              17.9792,
              59.23255999999999
            ],
            [
              17.9792,
              59.230959999999996
            ]
          ]
        ]
      },
      "properties": {
        "id": "fb60-Huddinge-12",
        "municipality": "Huddinge",
        "type": "flerbostadshus",
        "view": "2060"
      }
    },
    {
      "type": "Feature",
      "geometry": {
        "type": "Polygon",
        "coordinates": [
          [
            [
              17.98096,
              59.230959999999996
            ],
            [
              17.982560000000003,
              59.230959999999996
            ],
            [
              17.982560000000003,
              59.23255999999999
            ],
            [
              17.98096,
              59.23255999999999
            ],
            [
              17.98096,
              59.230959999999996
            ]
          ]
        ]
      },
      "properties": {
        "id": "fb60-Huddinge-13",
        "municipality": "Huddinge",
        "type": "flerbostadshus",
        "view": "2060"
      }
    },
    {
      "type": "Feature",
      "geometry": {
        "type": "Polygon",
        "coordinates": [
          [
            [
              17.98272,
              59.230959999999996
            ],
            [
              17.984320000000004,
              59.230959999999996
            ],
            [
              17.984320000000004,
              59.23255999999999
            ],
            [
              17.98272,
              59.23255999999999
            ],
            [
              17.98272,
              59.230959999999996
            ]
          ]
        ]
      },
      "properties": {
        "id": "fb60-Huddinge-14",
        "municipality": "Huddinge",
        "type": "flerbostadshus",
        "view": "2060"
      }
    },
    {
      "type": "Feature",
      "geometry": {
        "type": "Polygon",
        "coordinates": [
          [
            [
              17.984479999999998,
              59.230959999999996
            ],
            [
              17.98608,
              59.230959999999996
            ],
            [
              17.98608,
              59.23255999999999
            ],
            [
              17.984479999999998,
              59.23255999999999
            ],
            [
              17.984479999999998,
              59.230959999999996
            ]
          ]
        ]
      },
      "properties": {
        "id": "fb60-Huddinge-15",
        "municipality": "Huddinge",
        "type": "flerbostadshus",
        "view": "2060"
      }
    },
    {
      "type": "Feature",
      "geometry": {
        "type": "Polygon",
        "coordinates": [
          [
            [
              17.97216,
              59.23272
            ],
            [
              17.973760000000002,
              59.23272
            ],
            [
              17.973760000000002,
              59.23432
            ],
            [
              17.97216,
              59.23432
            ],
            [
              17.97216,
              59.23272
            ]
          ]
        ]
      },
      "properties": {
        "id": "fb60-Huddinge-16",
        "municipality": "Huddinge",
        "type": "flerbostadshus",
        "view": "2060"
      }
    },
    {
      "type": "Feature",
      "geometry": {
        "type": "Polygon",
        "coordinates": [
          [
            [
              17.97392,
              59.23272
            ],
            [
              17.975520000000003,
              59.23272
            ],
            [
              17.975520000000003,
              59.23432
            ],
            [
              17.97392,
              59.23432
            ],
            [
              17.97392,
              59.23272
            ]
          ]
        ]
      },
      "properties": {
        "id": "fb60-Huddinge-17",
        "municipality": "Huddinge",
        "type": "flerbostadshus",
        "view": "2060"
      }
    },
    {
      "type": "Feature",
      "geometry": {
        "type": "Polygon",
        "coordinates": [
          [
            [
              17.975679999999997,
              59.23272
            ],
            [
              17.97728,
              59.23272
            ],
            [
              17.97728,
              59.23432
            ],
            [
              17.975679999999997,
              59.23432
            ],
            [
              17.975679999999997,
              59.23272
            ]
          ]
        ]
      },
      "properties": {
        "id": "fb60-Huddinge-18",
        "municipality": "Huddinge",
        "type": "flerbostadshus",
        "view": "2060"
      }
    },
    {
      "type": "Feature",
      "geometry": {
        "type": "Polygon",
        "coordinates": [
          [
            [
              17.977439999999998,
              59.23272
            ],
            [
              17.97904,
              59.23272
            ],
            [
              17.97904,
              59.23432
            ],
            [
              17.977439999999998,
              59.23432
            ],
            [
              17.977439999999998,
              59.23272
            ]
          ]
        ]
      },
      "properties": {
        "id": "fb60-Huddinge-19",
        "municipality": "Huddinge",
        "type": "flerbostadshus",
        "view": "2060"
      }
    },
    {
      "type": "Feature",
      "geometry": {
        "type": "Polygon",
        "coordinates": [
          [
            [
              17.9792,
              59.23272
            ],
            [
              17.980800000000002,
              59.23272
            ],
            [
              17.980800000000002,
              59.23432
            ],
            [
              17.9792,
              59.23432
            ],
            [
              17.9792,
              59.23272
            ]
          ]
        ]
      },
      "properties": {
        "id": "fb60-Huddinge-20",
        "municipality": "Huddinge",
        "type": "flerbostadshus",
        "view": "2060"
      }
    },
    {
      "type": "Feature",
      "geometry": {
        "type": "Polygon",
        "coordinates": [
          [
            [
              17.98096,
              59.23272
            ],
            [
              17.982560000000003,
              59.23272
            ],
            [
              17.982560000000003,
              59.23432
            ],
            [
              17.98096,
              59.23432
            ],
            [
              17.98096,
              59.23272
            ]
          ]
        ]
      },
      "properties": {
        "id": "fb60-Huddinge-21",
        "municipality": "Huddinge",
        "type": "flerbostadshus",
        "view": "2060"
      }
    },
    {
      "type": "Feature",
      "geometry": {
        "type": "Polygon",
        "coordinates": [
          [
            [
              17.98272,
              59.23272
            ],
            [
              17.984320000000004,
              59.23272
            ],
            [
              17.984320000000004,
              59.23432
            ],
            [
              17.98272,
              59.23432
            ],
            [
              17.98272,
              59.23272
            ]
          ]
        ]
      },
      "properties": {
        "id": "fb60-Huddinge-22",
        "municipality": "Huddinge",
        "type": "flerbostadshus",
        "view": "2060"
      }
    },
    {
      "type": "Feature",
      "geometry": {
        "type": "Polygon",
        "coordinates": [
          [
            [
              17.984479999999998,
              59.23272
            ],
            [
              17.98608,
              59.23272
            ],
            [
              17.98608,
              59.23432
            ],
            [
              17.984479999999998,
              59.23432
            ],
            [
              17.984479999999998,
              59.23272
            ]
          ]
        ]
      },
      "properties": {
        "id": "fb60-Huddinge-23",
        "municipality": "Huddinge",
        "type": "flerbostadshus",
        "view": "2060"
      }
    },
    {
      "type": "Feature",
      "geometry": {
        "type": "Polygon",
        "coordinates": [
          [
            [
              17.97216,
              59.23448
            ],
            [
              17.973760000000002,
              59.23448
            ],
            [
              17.973760000000002,
              59.236079999999994
            ],
            [
              17.97216,
              59.236079999999994
            ],
            [
              17.97216,
              59.23448
            ]
          ]
        ]
      },
      "properties": {
        "id": "fb60-Huddinge-24",
        "municipality": "Huddinge",
        "type": "flerbostadshus",
        "view": "2060"
      }
    },
    {
      "type": "Feature",
      "geometry": {
        "type": "Polygon",
        "coordinates": [
          [
            [
              17.97392,
              59.23448
            ],
            [
              17.975520000000003,
              59.23448
            ],
            [
              17.975520000000003,
              59.236079999999994
            ],
            [
              17.97392,
              59.236079999999994
            ],
            [
              17.97392,
              59.23448
            ]
          ]
        ]
      },
      "properties": {
        "id": "fb60-Huddinge-25",
        "municipality": "Huddinge",
        "type": "flerbostadshus",
        "view": "2060"
      }
    },
    {
      "type": "Feature",
      "geometry": {
        "type": "Polygon",
        "coordinates": [
          [
            [
              17.975679999999997,
              59.23448
            ],
            [
              17.97728,
              59.23448
            ],
            [
              17.97728,
              59.236079999999994
            ],
            [
              17.975679999999997,
              59.236079999999994
            ],
            [
              17.975679999999997,
              59.23448
            ]
          ]
        ]
      },
      "properties": {
        "id": "fb60-Huddinge-26",
        "municipality": "Huddinge",
        "type": "flerbostadshus",
        "view": "2060"
      }
    },
    {
      "type": "Feature",
      "geometry": {
        "type": "Polygon",
        "coordinates": [
          [
            [
              17.977439999999998,
              59.23448
            ],
            [
              17.97904,
              59.23448
            ],
            [
              17.97904,
              59.236079999999994
            ],
            [
              17.977439999999998,
              59.236079999999994
            ],
            [
              17.977439999999998,
              59.23448
            ]
          ]
        ]
      },
      "properties": {
        "id": "fb60-Huddinge-27",
        "municipality": "Huddinge",
        "type": "flerbostadshus",
        "view": "2060"
      }
    },
    {
      "type": "Feature",
      "geometry": {
        "type": "Polygon",
        "coordinates": [
          [
            [
              17.9792,
              59.23448
            ],
            [
              17.980800000000002,
              59.23448
            ],
            [
              17.980800000000002,
              59.236079999999994
            ],
            [
              17.9792,
              59.236079999999994
            ],
            [
              17.9792,
              59.23448
            ]
          ]
        ]
      },
      "properties": {
        "id": "fb60-Huddinge-28",
        "municipality": "Huddinge",
        "type": "flerbostadshus",
        "view": "2060"
      }
    },
    {
      "type": "Feature",
      "geometry": {
        "type": "Polygon",
        "coordinates": [
          [
            [
              17.98096,
              59.23448
            ],
            [
              17.982560000000003,
              59.23448
            ],
            [
              17.982560000000003,
              59.236079999999994
            ],
            [
              17.98096,
              59.236079999999994
            ],
            [
              17.98096,
              59.23448
            ]
          ]
        ]
      },
      "properties": {
        "id": "fb60-Huddinge-29",
        "municipality": "Huddinge",
        "type": "flerbostadshus",
        "view": "2060"
      }
    },
    {
      "type": "Feature",
      "geometry": {
        "type": "Polygon",
        "coordinates": [
          [
            [
              17.98272,
              59.23448
            ],
            [
              17.984320000000004,
              59.23448
            ],
            [
              17.984320000000004,
              59.236079999999994
            ],
            [
              17.98272,
              59.236079999999994
            ],
            [
              17.98272,
              59.23448
            ]
          ]
        ]
      },
      "properties": {
        "id": "fb60-Huddinge-30",
        "municipality": "Huddinge",
        "type": "flerbostadshus",
        "view": "2060"
      }
    },
    {
      "type": "Feature",
      "geometry": {
        "type": "Polygon",
        "coordinates": [
          [
            [
              17.984479999999998,
              59.23448
            ],
            [
              17.98608,
              59.23448
            ],
            [
              17.98608,
              59.236079999999994
            ],
            [
              17.984479999999998,
              59.236079999999994
            ],
            [
              17.984479999999998,
              59.23448
            ]
          ]
        ]
      },
      "properties": {
        "id": "fb60-Huddinge-31",
        "municipality": "Huddinge",
        "type": "flerbostadshus",
        "view": "2060"
      }
    },
    {
      "type": "Feature",
      "geometry": {
        "type": "Polygon",
        "coordinates": [
          [
            [
              17.97216,
              59.23624
            ],
            [
              17.973760000000002,
              59.23624
            ],
            [
              17.973760000000002,
              59.23784
            ],
            [
              17.97216,
              59.23784
            ],
            [
              17.97216,
              59.23624
            ]
          ]
        ]
      },
      "properties": {
        "id": "fb60-Huddinge-32",
        "municipality": "Huddinge",
        "type": "flerbostadshus",
        "view": "2060"
      }
    },
    {
      "type": "Feature",
      "geometry": {
        "type": "Polygon",
        "coordinates": [
          [
            [
              17.97392,
              59.23624
            ],
            [
              17.975520000000003,
              59.23624
            ],
            [
              17.975520000000003,
              59.23784
            ],
            [
              17.97392,
              59.23784
            ],
            [
              17.97392,
              59.23624
            ]
          ]
        ]
      },
      "properties": {
        "id": "fb60-Huddinge-33",
        "municipality": "Huddinge",
        "type": "flerbostadshus",
        "view": "2060"
      }
    },
    {
      "type": "Feature",
      "geometry": {
        "type": "Polygon",
        "coordinates": [
          [
            [
              17.975679999999997,
              59.23624
            ],
            [
              17.97728,
              59.23624
            ],
            [
              17.97728,
              59.23784
            ],
            [
              17.975679999999997,
              59.23784
            ],
            [
              17.975679999999997,
              59.23624
            ]
          ]
        ]
      },
      "properties": {
        "id": "fb60-Huddinge-34",
        "municipality": "Huddinge",
        "type": "flerbostadshus",
        "view": "2060"
      }
    },
    {
      "type": "Feature",
      "geometry": {
        "type": "Polygon",
        "coordinates": [
          [
            [
              17.977439999999998,
              59.23624
            ],
            [
              17.97904,
              59.23624
            ],
            [
              17.97904,
              59.23784
            ],
            [
              17.977439999999998,
              59.23784
            ],
            [
              17.977439999999998,
              59.23624
            ]
          ]
        ]
      },
      "properties": {
        "id": "fb60-Huddinge-35",
        "municipality": "Huddinge",
        "type": "flerbostadshus",
        "view": "2060"
      }
    },
    {
      "type": "Feature",
      "geometry": {
        "type": "Polygon",
        "coordinates": [
          [
            [
              17.9792,
              59.23624
            ],
            [
              17.980800000000002,
              59.23624
            ],
            [
              17.980800000000002,
              59.23784
            ],
            [
              17.9792,
              59.23784
            ],
            [
              17.9792,
              59.23624
            ]
          ]
        ]
      },
      "properties": {
        "id": "fb60-Huddinge-36",
        "municipality": "Huddinge",
        "type": "flerbostadshus",
        "view": "2060"
      }
    },
    {
      "type": "Feature",
      "geometry": {
        "type": "Polygon",
        "coordinates": [
          [
            [
              17.98096,
              59.23624
            ],
            [
              17.982560000000003,
              59.23624
            ],
            [
              17.982560000000003,
              59.23784
            ],
            [
              17.98096,
              59.23784
            ],
            [
              17.98096,
              59.23624
            ]
          ]
        ]
      },
      "properties": {
        "id": "fb60-Huddinge-37",
        "municipality": "Huddinge",
        "type": "flerbostadshus",
        "view": "2060"
      }
    },
    {
      "type": "Feature",
      "geometry": {
        "type": "Polygon",
        "coordinates": [
          [
            [
              17.98272,
              59.23624
            ],
            [
              17.984320000000004,
              59.23624
            ],
            [
              17.984320000000004,
              59.23784
            ],
            [
              17.98272,
              59.23784
            ],
            [
              17.98272,
              59.23624
            ]
          ]
        ]
      },
      "properties": {
        "id": "fb60-Huddinge-38",
        "municipality": "Huddinge",
        "type": "flerbostadshus",
        "view": "2060"
      }
    },
    {
      "type": "Feature",
      "geometry": {
        "type": "Polygon",
        "coordinates": [
          [
            [
              17.984479999999998,
              59.23624
            ],
            [
              17.98608,
              59.23624
            ],
            [
              17.98608,
              59.23784
            ],
            [
              17.984479999999998,
              59.23784
            ],
            [
              17.984479999999998,
              59.23624
            ]
          ]
        ]
      },
      "properties": {
        "id": "fb60-Huddinge-39",
        "municipality": "Huddinge",
        "type": "flerbostadshus",
        "view": "2060"
      }
    },
    {
      "type": "Feature",
      "geometry": {
        "type": "Polygon",
        "coordinates": [
          [
            [
              17.97216,
              59.238
            ],
            [
              17.973760000000002,
              59.238
            ],
            [
              17.973760000000002,
              59.239599999999996
            ],
            [
              17.97216,
              59.239599999999996
            ],
            [
              17.97216,
              59.238
            ]
          ]
        ]
      },
      "properties": {
        "id": "fb60-Huddinge-40",
        "municipality": "Huddinge",
        "type": "flerbostadshus",
        "view": "2060"
      }
    },
    {
      "type": "Feature",
      "geometry": {
        "type": "Polygon",
        "coordinates": [
          [
            [
              17.97392,
              59.238
            ],
            [
              17.975520000000003,
              59.238
            ],
            [
              17.975520000000003,
              59.239599999999996
            ],
            [
              17.97392,
              59.239599999999996
            ],
            [
              17.97392,
              59.238
            ]
          ]
        ]
      },
      "properties": {
        "id": "fb60-Huddinge-41",
        "municipality": "Huddinge",
        "type": "flerbostadshus",
        "view": "2060"
      }
    },
    {
      "type": "Feature",
      "geometry": {
        "type": "Polygon",
        "coordinates": [
          [
            [
              17.975679999999997,
              59.238
            ],
            [
              17.97728,
              59.238
            ],
            [
              17.97728,
              59.239599999999996
            ],
            [
              17.975679999999997,
              59.239599999999996
            ],
            [
              17.975679999999997,
              59.238
            ]
          ]
        ]
      },
      "properties": {
        "id": "fb60-Huddinge-42",
        "municipality": "Huddinge",
        "type": "flerbostadshus",
        "view": "2060"
      }
    },
    {
      "type": "Feature",
      "geometry": {
        "type": "Polygon",
        "coordinates": [
          [
            [
              17.977439999999998,
              59.238
            ],
            [
              17.97904,
              59.238
            ],
            [
              17.97904,
              59.239599999999996
            ],
            [
              17.977439999999998,
              59.239599999999996
            ],
            [
              17.977439999999998,
              59.238
            ]
          ]
        ]
      },
      "properties": {
        "id": "fb60-Huddinge-43",
        "municipality": "Huddinge",
        "type": "flerbostadshus",
        "view": "2060"
      }
    },
    {
      "type": "Feature",
      "geometry": {
        "type": "Polygon",
        "coordinates": [
          [
            [
              17.9792,
              59.238
            ],
            [
              17.980800000000002,
              59.238
            ],
            [
              17.980800000000002,
              59.239599999999996
            ],
            [
              17.9792,
              59.239599999999996
            ],
            [
              17.9792,
              59.238
            ]
          ]
        ]
      },
      "properties": {
        "id": "fb60-Huddinge-44",
        "municipality": "Huddinge",
        "type": "flerbostadshus",
        "view": "2060"
      }
    },
    {
      "type": "Feature",
      "geometry": {
        "type": "Polygon",
        "coordinates": [
          [
            [
              17.98096,
              59.238
            ],
            [
              17.982560000000003,
              59.238
            ],
            [
              17.982560000000003,
              59.239599999999996
            ],
            [
              17.98096,
              59.239599999999996
            ],
            [
              17.98096,
              59.238
            ]
          ]
        ]
      },
      "properties": {
        "id": "fb60-Huddinge-45",
        "municipality": "Huddinge",
        "type": "flerbostadshus",
        "view": "2060"
      }
    },
    {
      "type": "Feature",
      "geometry": {
        "type": "Polygon",
        "coordinates": [
          [
            [
              17.98272,
              59.238
            ],
            [
              17.984320000000004,
              59.238
            ],
            [
              17.984320000000004,
              59.239599999999996
            ],
            [
              17.98272,
              59.239599999999996
            ],
            [
              17.98272,
              59.238
            ]
          ]
        ]
      },
      "properties": {
        "id": "fb60-Huddinge-46",
        "municipality": "Huddinge",
        "type": "flerbostadshus",
        "view": "2060"
      }
    },
    {
      "type": "Feature",
      "geometry": {
        "type": "Polygon",
        "coordinates": [
          [
            [
              17.984479999999998,
              59.238
            ],
            [
              17.98608,
              59.238
            ],
            [
              17.98608,
              59.239599999999996
            ],
            [
              17.984479999999998,
              59.239599999999996
            ],
            [
              17.984479999999998,
              59.238
            ]
          ]
        ]
      },
      "properties": {
        "id": "fb60-Huddinge-47",
        "municipality": "Huddinge",
        "type": "flerbostadshus",
        "view": "2060"
      }
    },
    {
      "type": "Feature",
      "geometry": {
        "type": "Polygon",
        "coordinates": [
          [
            [
              17.97216,
              59.23976
            ],
            [
              17.973760000000002,
              59.23976
            ],
            [
              17.973760000000002,
              59.24135999999999
            ],
            [
              17.97216,
              59.24135999999999
            ],
            [
              17.97216,
              59.23976
            ]
          ]
        ]
      },
      "properties": {
        "id": "fb60-Huddinge-48",
        "municipality": "Huddinge",
        "type": "flerbostadshus",
        "view": "2060"
      }
    },
    {
      "type": "Feature",
      "geometry": {
        "type": "Polygon",
        "coordinates": [
          [
            [
              17.97392,
              59.23976
            ],
            [
              17.975520000000003,
              59.23976
            ],
            [
              17.975520000000003,
              59.24135999999999
            ],
            [
              17.97392,
              59.24135999999999
            ],
            [
              17.97392,
              59.23976
            ]
          ]
        ]
      },
      "properties": {
        "id": "fb60-Huddinge-49",
        "municipality": "Huddinge",
        "type": "flerbostadshus",
        "view": "2060"
      }
    },
    {
      "type": "Feature",
      "geometry": {
        "type": "Polygon",
        "coordinates": [
          [
            [
              17.975679999999997,
              59.23976
            ],
            [
              17.97728,
              59.23976
            ],
            [
              17.97728,
              59.24135999999999
            ],
            [
              17.975679999999997,
              59.24135999999999
            ],
            [
              17.975679999999997,
              59.23976
            ]
          ]
        ]
      },
      "properties": {
        "id": "fb60-Huddinge-50",
        "municipality": "Huddinge",
        "type": "flerbostadshus",
        "view": "2060"
      }
    },
    {
      "type": "Feature",
      "geometry": {
        "type": "Polygon",
        "coordinates": [
          [
            [
              17.977439999999998,
              59.23976
            ],
            [
              17.97904,
              59.23976
            ],
            [
              17.97904,
              59.24135999999999
            ],
            [
              17.977439999999998,
              59.24135999999999
            ],
            [
              17.977439999999998,
              59.23976
            ]
          ]
        ]
      },
      "properties": {
        "id": "fb60-Huddinge-51",
        "municipality": "Huddinge",
        "type": "flerbostadshus",
        "view": "2060"
      }
    },
    {
      "type": "Feature",
      "geometry": {
        "type": "Polygon",
        "coordinates": [
          [
            [
              17.9792,
              59.23976
            ],
            [
              17.980800000000002,
              59.23976
            ],
            [
              17.980800000000002,
              59.24135999999999
            ],
            [
              17.9792,
              59.24135999999999
            ],
            [
              17.9792,
              59.23976
            ]
          ]
        ]
      },
      "properties": {
        "id": "fb60-Huddinge-52",
        "municipality": "Huddinge",
        "type": "flerbostadshus",
        "view": "2060"
      }
    },
    {
      "type": "Feature",
      "geometry": {
        "type": "Polygon",
        "coordinates": [
          [
            [
              17.98096,
              59.23976
            ],
            [
              17.982560000000003,
              59.23976
            ],
            [
              17.982560000000003,
              59.24135999999999
            ],
            [
              17.98096,
              59.24135999999999
            ],
            [
              17.98096,
              59.23976
            ]
          ]
        ]
      },
      "properties": {
        "id": "fb60-Huddinge-53",
        "municipality": "Huddinge",
        "type": "flerbostadshus",
        "view": "2060"
      }
    },
    {
      "type": "Feature",
      "geometry": {
        "type": "Polygon",
        "coordinates": [
          [
            [
              17.98272,
              59.23976
            ],
            [
              17.984320000000004,
              59.23976
            ],
            [
              17.984320000000004,
              59.24135999999999
            ],
            [
              17.98272,
              59.24135999999999
            ],
            [
              17.98272,
              59.23976
            ]
          ]
        ]
      },
      "properties": {
        "id": "fb60-Huddinge-54",
        "municipality": "Huddinge",
        "type": "flerbostadshus",
        "view": "2060"
      }
    },
    {
      "type": "Feature",
      "geometry": {
        "type": "Polygon",
        "coordinates": [
          [
            [
              17.822159999999997,
              59.4292
            ],
            [
              17.82376,
              59.4292
            ],
            [
              17.82376,
              59.4308
            ],
            [
              17.822159999999997,
              59.4308
            ],
            [
              17.822159999999997,
              59.4292
            ]
          ]
        ]
      },
      "properties": {
        "id": "fb60-Järfälla-0",
        "municipality": "Järfälla",
        "type": "flerbostadshus",
        "view": "2060"
      }
    },
    {
      "type": "Feature",
      "geometry": {
        "type": "Polygon",
        "coordinates": [
          [
            [
              17.823919999999998,
              59.4292
            ],
            [
              17.82552,
              59.4292
            ],
            [
              17.82552,
              59.4308
            ],
            [
              17.823919999999998,
              59.4308
            ],
            [
              17.823919999999998,
              59.4292
            ]
          ]
        ]
      },
      "properties": {
        "id": "fb60-Järfälla-1",
        "municipality": "Järfälla",
        "type": "flerbostadshus",
        "view": "2060"
      }
    },
    {
      "type": "Feature",
      "geometry": {
        "type": "Polygon",
        "coordinates": [
          [
            [
              17.825679999999995,
              59.4292
            ],
            [
              17.82728,
              59.4292
            ],
            [
              17.82728,
              59.4308
            ],
            [
              17.825679999999995,
              59.4308
            ],
            [
              17.825679999999995,
              59.4292
            ]
          ]
        ]
      },
      "properties": {
        "id": "fb60-Järfälla-2",
        "municipality": "Järfälla",
        "type": "flerbostadshus",
        "view": "2060"
      }
    },
    {
      "type": "Feature",
      "geometry": {
        "type": "Polygon",
        "coordinates": [
          [
            [
              17.827439999999996,
              59.4292
            ],
            [
              17.82904,
              59.4292
            ],
            [
              17.82904,
              59.4308
            ],
            [
              17.827439999999996,
              59.4308
            ],
            [
              17.827439999999996,
              59.4292
            ]
          ]
        ]
      },
      "properties": {
        "id": "fb60-Järfälla-3",
        "municipality": "Järfälla",
        "type": "flerbostadshus",
        "view": "2060"
      }
    },
    {
      "type": "Feature",
      "geometry": {
        "type": "Polygon",
        "coordinates": [
          [
            [
              17.829199999999997,
              59.4292
            ],
            [
              17.8308,
              59.4292
            ],
            [
              17.8308,
              59.4308
            ],
            [
              17.829199999999997,
              59.4308
            ],
            [
              17.829199999999997,
              59.4292
            ]
          ]
        ]
      },
      "properties": {
        "id": "fb60-Järfälla-4",
        "municipality": "Järfälla",
        "type": "flerbostadshus",
        "view": "2060"
      }
    },
    {
      "type": "Feature",
      "geometry": {
        "type": "Polygon",
        "coordinates": [
          [
            [
              17.830959999999997,
              59.4292
            ],
            [
              17.83256,
              59.4292
            ],
            [
              17.83256,
              59.4308
            ],
            [
              17.830959999999997,
              59.4308
            ],
            [
              17.830959999999997,
              59.4292
            ]
          ]
        ]
      },
      "properties": {
        "id": "fb60-Järfälla-5",
        "municipality": "Järfälla",
        "type": "flerbostadshus",
        "view": "2060"
      }
    },
    {
      "type": "Feature",
      "geometry": {
        "type": "Polygon",
        "coordinates": [
          [
            [
              17.83272,
              59.4292
            ],
            [
              17.83432,
              59.4292
            ],
            [
              17.83432,
              59.4308
            ],
            [
              17.83272,
              59.4308
            ],
            [
              17.83272,
              59.4292
            ]
          ]
        ]
      },
      "properties": {
        "id": "fb60-Järfälla-6",
        "municipality": "Järfälla",
        "type": "flerbostadshus",
        "view": "2060"
      }
    },
    {
      "type": "Feature",
      "geometry": {
        "type": "Polygon",
        "coordinates": [
          [
            [
              17.834479999999996,
              59.4292
            ],
            [
              17.83608,
              59.4292
            ],
            [
              17.83608,
              59.4308
            ],
            [
              17.834479999999996,
              59.4308
            ],
            [
              17.834479999999996,
              59.4292
            ]
          ]
        ]
      },
      "properties": {
        "id": "fb60-Järfälla-7",
        "municipality": "Järfälla",
        "type": "flerbostadshus",
        "view": "2060"
      }
    },
    {
      "type": "Feature",
      "geometry": {
        "type": "Polygon",
        "coordinates": [
          [
            [
              17.822159999999997,
              59.43096
            ],
            [
              17.82376,
              59.43096
            ],
            [
              17.82376,
              59.432559999999995
            ],
            [
              17.822159999999997,
              59.432559999999995
            ],
            [
              17.822159999999997,
              59.43096
            ]
          ]
        ]
      },
      "properties": {
        "id": "fb60-Järfälla-8",
        "municipality": "Järfälla",
        "type": "flerbostadshus",
        "view": "2060"
      }
    },
    {
      "type": "Feature",
      "geometry": {
        "type": "Polygon",
        "coordinates": [
          [
            [
              17.823919999999998,
              59.43096
            ],
            [
              17.82552,
              59.43096
            ],
            [
              17.82552,
              59.432559999999995
            ],
            [
              17.823919999999998,
              59.432559999999995
            ],
            [
              17.823919999999998,
              59.43096
            ]
          ]
        ]
      },
      "properties": {
        "id": "fb60-Järfälla-9",
        "municipality": "Järfälla",
        "type": "flerbostadshus",
        "view": "2060"
      }
    },
    {
      "type": "Feature",
      "geometry": {
        "type": "Polygon",
        "coordinates": [
          [
            [
              17.825679999999995,
              59.43096
            ],
            [
              17.82728,
              59.43096
            ],
            [
              17.82728,
              59.432559999999995
            ],
            [
              17.825679999999995,
              59.432559999999995
            ],
            [
              17.825679999999995,
              59.43096
            ]
          ]
        ]
      },
      "properties": {
        "id": "fb60-Järfälla-10",
        "municipality": "Järfälla",
        "type": "flerbostadshus",
        "view": "2060"
      }
    },
    {
      "type": "Feature",
      "geometry": {
        "type": "Polygon",
        "coordinates": [
          [
            [
              17.827439999999996,
              59.43096
            ],
            [
              17.82904,
              59.43096
            ],
            [
              17.82904,
              59.432559999999995
            ],
            [
              17.827439999999996,
              59.432559999999995
            ],
            [
              17.827439999999996,
              59.43096
            ]
          ]
        ]
      },
      "properties": {
        "id": "fb60-Järfälla-11",
        "municipality": "Järfälla",
        "type": "flerbostadshus",
        "view": "2060"
      }
    },
    {
      "type": "Feature",
      "geometry": {
        "type": "Polygon",
        "coordinates": [
          [
            [
              17.829199999999997,
              59.43096
            ],
            [
              17.8308,
              59.43096
            ],
            [
              17.8308,
              59.432559999999995
            ],
            [
              17.829199999999997,
              59.432559999999995
            ],
            [
              17.829199999999997,
              59.43096
            ]
          ]
        ]
      },
      "properties": {
        "id": "fb60-Järfälla-12",
        "municipality": "Järfälla",
        "type": "flerbostadshus",
        "view": "2060"
      }
    },
    {
      "type": "Feature",
      "geometry": {
        "type": "Polygon",
        "coordinates": [
          [
            [
              17.830959999999997,
              59.43096
            ],
            [
              17.83256,
              59.43096
            ],
            [
              17.83256,
              59.432559999999995
            ],
            [
              17.830959999999997,
              59.432559999999995
            ],
            [
              17.830959999999997,
              59.43096
            ]
          ]
        ]
      },
      "properties": {
        "id": "fb60-Järfälla-13",
        "municipality": "Järfälla",
        "type": "flerbostadshus",
        "view": "2060"
      }
    },
    {
      "type": "Feature",
      "geometry": {
        "type": "Polygon",
        "coordinates": [
          [
            [
              17.83272,
              59.43096
            ],
            [
              17.83432,
              59.43096
            ],
            [
              17.83432,
              59.432559999999995
            ],
            [
              17.83272,
              59.432559999999995
            ],
            [
              17.83272,
              59.43096
            ]
          ]
        ]
      },
      "properties": {
        "id": "fb60-Järfälla-14",
        "municipality": "Järfälla",
        "type": "flerbostadshus",
        "view": "2060"
      }
    },
    {
      "type": "Feature",
      "geometry": {
        "type": "Polygon",
        "coordinates": [
          [
            [
              17.834479999999996,
              59.43096
            ],
            [
              17.83608,
              59.43096
            ],
            [
              17.83608,
              59.432559999999995
            ],
            [
              17.834479999999996,
              59.432559999999995
            ],
            [
              17.834479999999996,
              59.43096
            ]
          ]
        ]
      },
      "properties": {
        "id": "fb60-Järfälla-15",
        "municipality": "Järfälla",
        "type": "flerbostadshus",
        "view": "2060"
      }
    },
    {
      "type": "Feature",
      "geometry": {
        "type": "Polygon",
        "coordinates": [
          [
            [
              17.822159999999997,
              59.43272
            ],
            [
              17.82376,
              59.43272
            ],
            [
              17.82376,
              59.43432
            ],
            [
              17.822159999999997,
              59.43432
            ],
            [
              17.822159999999997,
              59.43272
            ]
          ]
        ]
      },
      "properties": {
        "id": "fb60-Järfälla-16",
        "municipality": "Järfälla",
        "type": "flerbostadshus",
        "view": "2060"
      }
    },
    {
      "type": "Feature",
      "geometry": {
        "type": "Polygon",
        "coordinates": [
          [
            [
              17.823919999999998,
              59.43272
            ],
            [
              17.82552,
              59.43272
            ],
            [
              17.82552,
              59.43432
            ],
            [
              17.823919999999998,
              59.43432
            ],
            [
              17.823919999999998,
              59.43272
            ]
          ]
        ]
      },
      "properties": {
        "id": "fb60-Järfälla-17",
        "municipality": "Järfälla",
        "type": "flerbostadshus",
        "view": "2060"
      }
    },
    {
      "type": "Feature",
      "geometry": {
        "type": "Polygon",
        "coordinates": [
          [
            [
              17.825679999999995,
              59.43272
            ],
            [
              17.82728,
              59.43272
            ],
            [
              17.82728,
              59.43432
            ],
            [
              17.825679999999995,
              59.43432
            ],
            [
              17.825679999999995,
              59.43272
            ]
          ]
        ]
      },
      "properties": {
        "id": "fb60-Järfälla-18",
        "municipality": "Järfälla",
        "type": "flerbostadshus",
        "view": "2060"
      }
    },
    {
      "type": "Feature",
      "geometry": {
        "type": "Polygon",
        "coordinates": [
          [
            [
              17.827439999999996,
              59.43272
            ],
            [
              17.82904,
              59.43272
            ],
            [
              17.82904,
              59.43432
            ],
            [
              17.827439999999996,
              59.43432
            ],
            [
              17.827439999999996,
              59.43272
            ]
          ]
        ]
      },
      "properties": {
        "id": "fb60-Järfälla-19",
        "municipality": "Järfälla",
        "type": "flerbostadshus",
        "view": "2060"
      }
    },
    {
      "type": "Feature",
      "geometry": {
        "type": "Polygon",
        "coordinates": [
          [
            [
              17.829199999999997,
              59.43272
            ],
            [
              17.8308,
              59.43272
            ],
            [
              17.8308,
              59.43432
            ],
            [
              17.829199999999997,
              59.43432
            ],
            [
              17.829199999999997,
              59.43272
            ]
          ]
        ]
      },
      "properties": {
        "id": "fb60-Järfälla-20",
        "municipality": "Järfälla",
        "type": "flerbostadshus",
        "view": "2060"
      }
    },
    {
      "type": "Feature",
      "geometry": {
        "type": "Polygon",
        "coordinates": [
          [
            [
              17.830959999999997,
              59.43272
            ],
            [
              17.83256,
              59.43272
            ],
            [
              17.83256,
              59.43432
            ],
            [
              17.830959999999997,
              59.43432
            ],
            [
              17.830959999999997,
              59.43272
            ]
          ]
        ]
      },
      "properties": {
        "id": "fb60-Järfälla-21",
        "municipality": "Järfälla",
        "type": "flerbostadshus",
        "view": "2060"
      }
    },
    {
      "type": "Feature",
      "geometry": {
        "type": "Polygon",
        "coordinates": [
          [
            [
              17.83272,
              59.43272
            ],
            [
              17.83432,
              59.43272
            ],
            [
              17.83432,
              59.43432
            ],
            [
              17.83272,
              59.43432
            ],
            [
              17.83272,
              59.43272
            ]
          ]
        ]
      },
      "properties": {
        "id": "fb60-Järfälla-22",
        "municipality": "Järfälla",
        "type": "flerbostadshus",
        "view": "2060"
      }
    },
    {
      "type": "Feature",
      "geometry": {
        "type": "Polygon",
        "coordinates": [
          [
            [
              17.834479999999996,
              59.43272
            ],
            [
              17.83608,
              59.43272
            ],
            [
              17.83608,
              59.43432
            ],
            [
              17.834479999999996,
              59.43432
            ],
            [
              17.834479999999996,
              59.43272
            ]
          ]
        ]
      },
      "properties": {
        "id": "fb60-Järfälla-23",
        "municipality": "Järfälla",
        "type": "flerbostadshus",
        "view": "2060"
      }
    },
    {
      "type": "Feature",
      "geometry": {
        "type": "Polygon",
        "coordinates": [
          [
            [
              17.822159999999997,
              59.43448
            ],
            [
              17.82376,
              59.43448
            ],
            [
              17.82376,
              59.43608
            ],
            [
              17.822159999999997,
              59.43608
            ],
            [
              17.822159999999997,
              59.43448
            ]
          ]
        ]
      },
      "properties": {
        "id": "fb60-Järfälla-24",
        "municipality": "Järfälla",
        "type": "flerbostadshus",
        "view": "2060"
      }
    },
    {
      "type": "Feature",
      "geometry": {
        "type": "Polygon",
        "coordinates": [
          [
            [
              17.823919999999998,
              59.43448
            ],
            [
              17.82552,
              59.43448
            ],
            [
              17.82552,
              59.43608
            ],
            [
              17.823919999999998,
              59.43608
            ],
            [
              17.823919999999998,
              59.43448
            ]
          ]
        ]
      },
      "properties": {
        "id": "fb60-Järfälla-25",
        "municipality": "Järfälla",
        "type": "flerbostadshus",
        "view": "2060"
      }
    },
    {
      "type": "Feature",
      "geometry": {
        "type": "Polygon",
        "coordinates": [
          [
            [
              17.825679999999995,
              59.43448
            ],
            [
              17.82728,
              59.43448
            ],
            [
              17.82728,
              59.43608
            ],
            [
              17.825679999999995,
              59.43608
            ],
            [
              17.825679999999995,
              59.43448
            ]
          ]
        ]
      },
      "properties": {
        "id": "fb60-Järfälla-26",
        "municipality": "Järfälla",
        "type": "flerbostadshus",
        "view": "2060"
      }
    },
    {
      "type": "Feature",
      "geometry": {
        "type": "Polygon",
        "coordinates": [
          [
            [
              17.827439999999996,
              59.43448
            ],
            [
              17.82904,
              59.43448
            ],
            [
              17.82904,
              59.43608
            ],
            [
              17.827439999999996,
              59.43608
            ],
            [
              17.827439999999996,
              59.43448
            ]
          ]
        ]
      },
      "properties": {
        "id": "fb60-Järfälla-27",
        "municipality": "Järfälla",
        "type": "flerbostadshus",
        "view": "2060"
      }
    },
    {
      "type": "Feature",
      "geometry": {
        "type": "Polygon",
        "coordinates": [
          [
            [
              17.829199999999997,
              59.43448
            ],
            [
              17.8308,
              59.43448
            ],
            [
              17.8308,
              59.43608
            ],
            [
              17.829199999999997,
              59.43608
            ],
            [
              17.829199999999997,
              59.43448
            ]
          ]
        ]
      },
      "properties": {
        "id": "fb60-Järfälla-28",
        "municipality": "Järfälla",
        "type": "flerbostadshus",
        "view": "2060"
      }
    },
    {
      "type": "Feature",
      "geometry": {
        "type": "Polygon",
        "coordinates": [
          [
            [
              17.830959999999997,
              59.43448
            ],
            [
              17.83256,
              59.43448
            ],
            [
              17.83256,
              59.43608
            ],
            [
              17.830959999999997,
              59.43608
            ],
            [
              17.830959999999997,
              59.43448
            ]
          ]
        ]
      },
      "properties": {
        "id": "fb60-Järfälla-29",
        "municipality": "Järfälla",
        "type": "flerbostadshus",
        "view": "2060"
      }
    },
    {
      "type": "Feature",
      "geometry": {
        "type": "Polygon",
        "coordinates": [
          [
            [
              17.83272,
              59.43448
            ],
            [
              17.83432,
              59.43448
            ],
            [
              17.83432,
              59.43608
            ],
            [
              17.83272,
              59.43608
            ],
            [
              17.83272,
              59.43448
            ]
          ]
        ]
      },
      "properties": {
        "id": "fb60-Järfälla-30",
        "municipality": "Järfälla",
        "type": "flerbostadshus",
        "view": "2060"
      }
    },
    {
      "type": "Feature",
      "geometry": {
        "type": "Polygon",
        "coordinates": [
          [
            [
              17.834479999999996,
              59.43448
            ],
            [
              17.83608,
              59.43448
            ],
            [
              17.83608,
              59.43608
            ],
            [
              17.834479999999996,
              59.43608
            ],
            [
              17.834479999999996,
              59.43448
            ]
          ]
        ]
      },
      "properties": {
        "id": "fb60-Järfälla-31",
        "municipality": "Järfälla",
        "type": "flerbostadshus",
        "view": "2060"
      }
    },
    {
      "type": "Feature",
      "geometry": {
        "type": "Polygon",
        "coordinates": [
          [
            [
              17.822159999999997,
              59.436240000000005
            ],
            [
              17.82376,
              59.436240000000005
            ],
            [
              17.82376,
              59.43784
            ],
            [
              17.822159999999997,
              59.43784
            ],
            [
              17.822159999999997,
              59.436240000000005
            ]
          ]
        ]
      },
      "properties": {
        "id": "fb60-Järfälla-32",
        "municipality": "Järfälla",
        "type": "flerbostadshus",
        "view": "2060"
      }
    },
    {
      "type": "Feature",
      "geometry": {
        "type": "Polygon",
        "coordinates": [
          [
            [
              17.823919999999998,
              59.436240000000005
            ],
            [
              17.82552,
              59.436240000000005
            ],
            [
              17.82552,
              59.43784
            ],
            [
              17.823919999999998,
              59.43784
            ],
            [
              17.823919999999998,
              59.436240000000005
            ]
          ]
        ]
      },
      "properties": {
        "id": "fb60-Järfälla-33",
        "municipality": "Järfälla",
        "type": "flerbostadshus",
        "view": "2060"
      }
    },
    {
      "type": "Feature",
      "geometry": {
        "type": "Polygon",
        "coordinates": [
          [
            [
              17.825679999999995,
              59.436240000000005
            ],
            [
              17.82728,
              59.436240000000005
            ],
            [
              17.82728,
              59.43784
            ],
            [
              17.825679999999995,
              59.43784
            ],
            [
              17.825679999999995,
              59.436240000000005
            ]
          ]
        ]
      },
      "properties": {
        "id": "fb60-Järfälla-34",
        "municipality": "Järfälla",
        "type": "flerbostadshus",
        "view": "2060"
      }
    },
    {
      "type": "Feature",
      "geometry": {
        "type": "Polygon",
        "coordinates": [
          [
            [
              17.827439999999996,
              59.436240000000005
            ],
            [
              17.82904,
              59.436240000000005
            ],
            [
              17.82904,
              59.43784
            ],
            [
              17.827439999999996,
              59.43784
            ],
            [
              17.827439999999996,
              59.436240000000005
            ]
          ]
        ]
      },
      "properties": {
        "id": "fb60-Järfälla-35",
        "municipality": "Järfälla",
        "type": "flerbostadshus",
        "view": "2060"
      }
    },
    {
      "type": "Feature",
      "geometry": {
        "type": "Polygon",
        "coordinates": [
          [
            [
              17.829199999999997,
              59.436240000000005
            ],
            [
              17.8308,
              59.436240000000005
            ],
            [
              17.8308,
              59.43784
            ],
            [
              17.829199999999997,
              59.43784
            ],
            [
              17.829199999999997,
              59.436240000000005
            ]
          ]
        ]
      },
      "properties": {
        "id": "fb60-Järfälla-36",
        "municipality": "Järfälla",
        "type": "flerbostadshus",
        "view": "2060"
      }
    },
    {
      "type": "Feature",
      "geometry": {
        "type": "Polygon",
        "coordinates": [
          [
            [
              17.830959999999997,
              59.436240000000005
            ],
            [
              17.83256,
              59.436240000000005
            ],
            [
              17.83256,
              59.43784
            ],
            [
              17.830959999999997,
              59.43784
            ],
            [
              17.830959999999997,
              59.436240000000005
            ]
          ]
        ]
      },
      "properties": {
        "id": "fb60-Järfälla-37",
        "municipality": "Järfälla",
        "type": "flerbostadshus",
        "view": "2060"
      }
    },
    {
      "type": "Feature",
      "geometry": {
        "type": "Polygon",
        "coordinates": [
          [
            [
              17.83272,
              59.436240000000005
            ],
            [
              17.83432,
              59.436240000000005
            ],
            [
              17.83432,
              59.43784
            ],
            [
              17.83272,
              59.43784
            ],
            [
              17.83272,
              59.436240000000005
            ]
          ]
        ]
      },
      "properties": {
        "id": "fb60-Järfälla-38",
        "municipality": "Järfälla",
        "type": "flerbostadshus",
        "view": "2060"
      }
    },
    {
      "type": "Feature",
      "geometry": {
        "type": "Polygon",
        "coordinates": [
          [
            [
              17.834479999999996,
              59.436240000000005
            ],
            [
              17.83608,
              59.436240000000005
            ],
            [
              17.83608,
              59.43784
            ],
            [
              17.834479999999996,
              59.43784
            ],
            [
              17.834479999999996,
              59.436240000000005
            ]
          ]
        ]
      },
      "properties": {
        "id": "fb60-Järfälla-39",
        "municipality": "Järfälla",
        "type": "flerbostadshus",
        "view": "2060"
      }
    },
    {
      "type": "Feature",
      "geometry": {
        "type": "Polygon",
        "coordinates": [
          [
            [
              17.822159999999997,
              59.438
            ],
            [
              17.82376,
              59.438
            ],
            [
              17.82376,
              59.4396
            ],
            [
              17.822159999999997,
              59.4396
            ],
            [
              17.822159999999997,
              59.438
            ]
          ]
        ]
      },
      "properties": {
        "id": "fb60-Järfälla-40",
        "municipality": "Järfälla",
        "type": "flerbostadshus",
        "view": "2060"
      }
    },
    {
      "type": "Feature",
      "geometry": {
        "type": "Polygon",
        "coordinates": [
          [
            [
              17.823919999999998,
              59.438
            ],
            [
              17.82552,
              59.438
            ],
            [
              17.82552,
              59.4396
            ],
            [
              17.823919999999998,
              59.4396
            ],
            [
              17.823919999999998,
              59.438
            ]
          ]
        ]
      },
      "properties": {
        "id": "fb60-Järfälla-41",
        "municipality": "Järfälla",
        "type": "flerbostadshus",
        "view": "2060"
      }
    },
    {
      "type": "Feature",
      "geometry": {
        "type": "Polygon",
        "coordinates": [
          [
            [
              17.825679999999995,
              59.438
            ],
            [
              17.82728,
              59.438
            ],
            [
              17.82728,
              59.4396
            ],
            [
              17.825679999999995,
              59.4396
            ],
            [
              17.825679999999995,
              59.438
            ]
          ]
        ]
      },
      "properties": {
        "id": "fb60-Järfälla-42",
        "municipality": "Järfälla",
        "type": "flerbostadshus",
        "view": "2060"
      }
    },
    {
      "type": "Feature",
      "geometry": {
        "type": "Polygon",
        "coordinates": [
          [
            [
              17.827439999999996,
              59.438
            ],
            [
              17.82904,
              59.438
            ],
            [
              17.82904,
              59.4396
            ],
            [
              17.827439999999996,
              59.4396
            ],
            [
              17.827439999999996,
              59.438
            ]
          ]
        ]
      },
      "properties": {
        "id": "fb60-Järfälla-43",
        "municipality": "Järfälla",
        "type": "flerbostadshus",
        "view": "2060"
      }
    },
    {
      "type": "Feature",
      "geometry": {
        "type": "Polygon",
        "coordinates": [
          [
            [
              17.829199999999997,
              59.438
            ],
            [
              17.8308,
              59.438
            ],
            [
              17.8308,
              59.4396
            ],
            [
              17.829199999999997,
              59.4396
            ],
            [
              17.829199999999997,
              59.438
            ]
          ]
        ]
      },
      "properties": {
        "id": "fb60-Järfälla-44",
        "municipality": "Järfälla",
        "type": "flerbostadshus",
        "view": "2060"
      }
    },
    {
      "type": "Feature",
      "geometry": {
        "type": "Polygon",
        "coordinates": [
          [
            [
              17.830959999999997,
              59.438
            ],
            [
              17.83256,
              59.438
            ],
            [
              17.83256,
              59.4396
            ],
            [
              17.830959999999997,
              59.4396
            ],
            [
              17.830959999999997,
              59.438
            ]
          ]
        ]
      },
      "properties": {
        "id": "fb60-Järfälla-45",
        "municipality": "Järfälla",
        "type": "flerbostadshus",
        "view": "2060"
      }
    },
    {
      "type": "Feature",
      "geometry": {
        "type": "Polygon",
        "coordinates": [
          [
            [
              17.83272,
              59.438
            ],
            [
              17.83432,
              59.438
            ],
            [
              17.83432,
              59.4396
            ],
            [
              17.83272,
              59.4396
            ],
            [
              17.83272,
              59.438
            ]
          ]
        ]
      },
      "properties": {
        "id": "fb60-Järfälla-46",
        "municipality": "Järfälla",
        "type": "flerbostadshus",
        "view": "2060"
      }
    },
    {
      "type": "Feature",
      "geometry": {
        "type": "Polygon",
        "coordinates": [
          [
            [
              17.834479999999996,
              59.438
            ],
            [
              17.83608,
              59.438
            ],
            [
              17.83608,
              59.4396
            ],
            [
              17.834479999999996,
              59.4396
            ],
            [
              17.834479999999996,
              59.438
            ]
          ]
        ]
      },
      "properties": {
        "id": "fb60-Järfälla-47",
        "municipality": "Järfälla",
        "type": "flerbostadshus",
        "view": "2060"
      }
    },
    {
      "type": "Feature",
      "geometry": {
        "type": "Polygon",
        "coordinates": [
          [
            [
              17.822159999999997,
              59.43976
            ],
            [
              17.82376,
              59.43976
            ],
            [
              17.82376,
              59.441359999999996
            ],
            [
              17.822159999999997,
              59.441359999999996
            ],
            [
              17.822159999999997,
              59.43976
            ]
          ]
        ]
      },
      "properties": {
        "id": "fb60-Järfälla-48",
        "municipality": "Järfälla",
        "type": "flerbostadshus",
        "view": "2060"
      }
    },
    {
      "type": "Feature",
      "geometry": {
        "type": "Polygon",
        "coordinates": [
          [
            [
              17.823919999999998,
              59.43976
            ],
            [
              17.82552,
              59.43976
            ],
            [
              17.82552,
              59.441359999999996
            ],
            [
              17.823919999999998,
              59.441359999999996
            ],
            [
              17.823919999999998,
              59.43976
            ]
          ]
        ]
      },
      "properties": {
        "id": "fb60-Järfälla-49",
        "municipality": "Järfälla",
        "type": "flerbostadshus",
        "view": "2060"
      }
    },
    {
      "type": "Feature",
      "geometry": {
        "type": "Polygon",
        "coordinates": [
          [
            [
              17.825679999999995,
              59.43976
            ],
            [
              17.82728,
              59.43976
            ],
            [
              17.82728,
              59.441359999999996
            ],
            [
              17.825679999999995,
              59.441359999999996
            ],
            [
              17.825679999999995,
              59.43976
            ]
          ]
        ]
      },
      "properties": {
        "id": "fb60-Järfälla-50",
        "municipality": "Järfälla",
        "type": "flerbostadshus",
        "view": "2060"
      }
    },
    {
      "type": "Feature",
      "geometry": {
        "type": "Polygon",
        "coordinates": [
          [
            [
              17.827439999999996,
              59.43976
            ],
            [
              17.82904,
              59.43976
            ],
            [
              17.82904,
              59.441359999999996
            ],
            [
              17.827439999999996,
              59.441359999999996
            ],
            [
              17.827439999999996,
              59.43976
            ]
          ]
        ]
      },
      "properties": {
        "id": "fb60-Järfälla-51",
        "municipality": "Järfälla",
        "type": "flerbostadshus",
        "view": "2060"
      }
    },
    {
      "type": "Feature",
      "geometry": {
        "type": "Polygon",
        "coordinates": [
          [
            [
              17.829199999999997,
              59.43976
            ],
            [
              17.8308,
              59.43976
            ],
            [
              17.8308,
              59.441359999999996
            ],
            [
              17.829199999999997,
              59.441359999999996
            ],
            [
              17.829199999999997,
              59.43976
            ]
          ]
        ]
      },
      "properties": {
        "id": "fb60-Järfälla-52",
        "municipality": "Järfälla",
        "type": "flerbostadshus",
        "view": "2060"
      }
    },
    {
      "type": "Feature",
      "geometry": {
        "type": "Polygon",
        "coordinates": [
          [
            [
              18.13216,
              59.3692
            ],
            [
              18.133760000000002,
              59.3692
            ],
            [
              18.133760000000002,
              59.370799999999996
            ],
            [
              18.13216,
              59.370799999999996
            ],
            [
              18.13216,
              59.3692
            ]
          ]
        ]
      },
      "properties": {
        "id": "fb60-Lidingö-0",
        "municipality": "Lidingö",
        "type": "flerbostadshus",
        "view": "2060"
      }
    },
    {
      "type": "Feature",
      "geometry": {
        "type": "Polygon",
        "coordinates": [
          [
            [
              18.13392,
              59.3692
            ],
            [
              18.135520000000003,
              59.3692
            ],
            [
              18.135520000000003,
              59.370799999999996
            ],
            [
              18.13392,
              59.370799999999996
            ],
            [
              18.13392,
              59.3692
            ]
          ]
        ]
      },
      "properties": {
        "id": "fb60-Lidingö-1",
        "municipality": "Lidingö",
        "type": "flerbostadshus",
        "view": "2060"
      }
    },
    {
      "type": "Feature",
      "geometry": {
        "type": "Polygon",
        "coordinates": [
          [
            [
              18.135679999999997,
              59.3692
            ],
            [
              18.13728,
              59.3692
            ],
            [
              18.13728,
              59.370799999999996
            ],
            [
              18.135679999999997,
              59.370799999999996
            ],
            [
              18.135679999999997,
              59.3692
            ]
          ]
        ]
      },
      "properties": {
        "id": "fb60-Lidingö-2",
        "municipality": "Lidingö",
        "type": "flerbostadshus",
        "view": "2060"
      }
    },
    {
      "type": "Feature",
      "geometry": {
        "type": "Polygon",
        "coordinates": [
          [
            [
              18.137439999999998,
              59.3692
            ],
            [
              18.13904,
              59.3692
            ],
            [
              18.13904,
              59.370799999999996
            ],
            [
              18.137439999999998,
              59.370799999999996
            ],
            [
              18.137439999999998,
              59.3692
            ]
          ]
        ]
      },
      "properties": {
        "id": "fb60-Lidingö-3",
        "municipality": "Lidingö",
        "type": "flerbostadshus",
        "view": "2060"
      }
    },
    {
      "type": "Feature",
      "geometry": {
        "type": "Polygon",
        "coordinates": [
          [
            [
              18.1392,
              59.3692
            ],
            [
              18.140800000000002,
              59.3692
            ],
            [
              18.140800000000002,
              59.370799999999996
            ],
            [
              18.1392,
              59.370799999999996
            ],
            [
              18.1392,
              59.3692
            ]
          ]
        ]
      },
      "properties": {
        "id": "fb60-Lidingö-4",
        "municipality": "Lidingö",
        "type": "flerbostadshus",
        "view": "2060"
      }
    },
    {
      "type": "Feature",
      "geometry": {
        "type": "Polygon",
        "coordinates": [
          [
            [
              18.14096,
              59.3692
            ],
            [
              18.142560000000003,
              59.3692
            ],
            [
              18.142560000000003,
              59.370799999999996
            ],
            [
              18.14096,
              59.370799999999996
            ],
            [
              18.14096,
              59.3692
            ]
          ]
        ]
      },
      "properties": {
        "id": "fb60-Lidingö-5",
        "municipality": "Lidingö",
        "type": "flerbostadshus",
        "view": "2060"
      }
    },
    {
      "type": "Feature",
      "geometry": {
        "type": "Polygon",
        "coordinates": [
          [
            [
              18.14272,
              59.3692
            ],
            [
              18.144320000000004,
              59.3692
            ],
            [
              18.144320000000004,
              59.370799999999996
            ],
            [
              18.14272,
              59.370799999999996
            ],
            [
              18.14272,
              59.3692
            ]
          ]
        ]
      },
      "properties": {
        "id": "fb60-Lidingö-6",
        "municipality": "Lidingö",
        "type": "flerbostadshus",
        "view": "2060"
      }
    },
    {
      "type": "Feature",
      "geometry": {
        "type": "Polygon",
        "coordinates": [
          [
            [
              18.144479999999998,
              59.3692
            ],
            [
              18.14608,
              59.3692
            ],
            [
              18.14608,
              59.370799999999996
            ],
            [
              18.144479999999998,
              59.370799999999996
            ],
            [
              18.144479999999998,
              59.3692
            ]
          ]
        ]
      },
      "properties": {
        "id": "fb60-Lidingö-7",
        "municipality": "Lidingö",
        "type": "flerbostadshus",
        "view": "2060"
      }
    },
    {
      "type": "Feature",
      "geometry": {
        "type": "Polygon",
        "coordinates": [
          [
            [
              18.13216,
              59.37096
            ],
            [
              18.133760000000002,
              59.37096
            ],
            [
              18.133760000000002,
              59.37255999999999
            ],
            [
              18.13216,
              59.37255999999999
            ],
            [
              18.13216,
              59.37096
            ]
          ]
        ]
      },
      "properties": {
        "id": "fb60-Lidingö-8",
        "municipality": "Lidingö",
        "type": "flerbostadshus",
        "view": "2060"
      }
    },
    {
      "type": "Feature",
      "geometry": {
        "type": "Polygon",
        "coordinates": [
          [
            [
              18.13392,
              59.37096
            ],
            [
              18.135520000000003,
              59.37096
            ],
            [
              18.135520000000003,
              59.37255999999999
            ],
            [
              18.13392,
              59.37255999999999
            ],
            [
              18.13392,
              59.37096
            ]
          ]
        ]
      },
      "properties": {
        "id": "fb60-Lidingö-9",
        "municipality": "Lidingö",
        "type": "flerbostadshus",
        "view": "2060"
      }
    },
    {
      "type": "Feature",
      "geometry": {
        "type": "Polygon",
        "coordinates": [
          [
            [
              18.135679999999997,
              59.37096
            ],
            [
              18.13728,
              59.37096
            ],
            [
              18.13728,
              59.37255999999999
            ],
            [
              18.135679999999997,
              59.37255999999999
            ],
            [
              18.135679999999997,
              59.37096
            ]
          ]
        ]
      },
      "properties": {
        "id": "fb60-Lidingö-10",
        "municipality": "Lidingö",
        "type": "flerbostadshus",
        "view": "2060"
      }
    },
    {
      "type": "Feature",
      "geometry": {
        "type": "Polygon",
        "coordinates": [
          [
            [
              18.137439999999998,
              59.37096
            ],
            [
              18.13904,
              59.37096
            ],
            [
              18.13904,
              59.37255999999999
            ],
            [
              18.137439999999998,
              59.37255999999999
            ],
            [
              18.137439999999998,
              59.37096
            ]
          ]
        ]
      },
      "properties": {
        "id": "fb60-Lidingö-11",
        "municipality": "Lidingö",
        "type": "flerbostadshus",
        "view": "2060"
      }
    },
    {
      "type": "Feature",
      "geometry": {
        "type": "Polygon",
        "coordinates": [
          [
            [
              18.1392,
              59.37096
            ],
            [
              18.140800000000002,
              59.37096
            ],
            [
              18.140800000000002,
              59.37255999999999
            ],
            [
              18.1392,
              59.37255999999999
            ],
            [
              18.1392,
              59.37096
            ]
          ]
        ]
      },
      "properties": {
        "id": "fb60-Lidingö-12",
        "municipality": "Lidingö",
        "type": "flerbostadshus",
        "view": "2060"
      }
    },
    {
      "type": "Feature",
      "geometry": {
        "type": "Polygon",
        "coordinates": [
          [
            [
              18.14096,
              59.37096
            ],
            [
              18.142560000000003,
              59.37096
            ],
            [
              18.142560000000003,
              59.37255999999999
            ],
            [
              18.14096,
              59.37255999999999
            ],
            [
              18.14096,
              59.37096
            ]
          ]
        ]
      },
      "properties": {
        "id": "fb60-Lidingö-13",
        "municipality": "Lidingö",
        "type": "flerbostadshus",
        "view": "2060"
      }
    },
    {
      "type": "Feature",
      "geometry": {
        "type": "Polygon",
        "coordinates": [
          [
            [
              18.14272,
              59.37096
            ],
            [
              18.144320000000004,
              59.37096
            ],
            [
              18.144320000000004,
              59.37255999999999
            ],
            [
              18.14272,
              59.37255999999999
            ],
            [
              18.14272,
              59.37096
            ]
          ]
        ]
      },
      "properties": {
        "id": "fb60-Lidingö-14",
        "municipality": "Lidingö",
        "type": "flerbostadshus",
        "view": "2060"
      }
    },
    {
      "type": "Feature",
      "geometry": {
        "type": "Polygon",
        "coordinates": [
          [
            [
              18.144479999999998,
              59.37096
            ],
            [
              18.14608,
              59.37096
            ],
            [
              18.14608,
              59.37255999999999
            ],
            [
              18.144479999999998,
              59.37255999999999
            ],
            [
              18.144479999999998,
              59.37096
            ]
          ]
        ]
      },
      "properties": {
        "id": "fb60-Lidingö-15",
        "municipality": "Lidingö",
        "type": "flerbostadshus",
        "view": "2060"
      }
    },
    {
      "type": "Feature",
      "geometry": {
        "type": "Polygon",
        "coordinates": [
          [
            [
              18.13216,
              59.37272
            ],
            [
              18.133760000000002,
              59.37272
            ],
            [
              18.133760000000002,
              59.37432
            ],
            [
              18.13216,
              59.37432
            ],
            [
              18.13216,
              59.37272
            ]
          ]
        ]
      },
      "properties": {
        "id": "fb60-Lidingö-16",
        "municipality": "Lidingö",
        "type": "flerbostadshus",
        "view": "2060"
      }
    },
    {
      "type": "Feature",
      "geometry": {
        "type": "Polygon",
        "coordinates": [
          [
            [
              18.13392,
              59.37272
            ],
            [
              18.135520000000003,
              59.37272
            ],
            [
              18.135520000000003,
              59.37432
            ],
            [
              18.13392,
              59.37432
            ],
            [
              18.13392,
              59.37272
            ]
          ]
        ]
      },
      "properties": {
        "id": "fb60-Lidingö-17",
        "municipality": "Lidingö",
        "type": "flerbostadshus",
        "view": "2060"
      }
    },
    {
      "type": "Feature",
      "geometry": {
        "type": "Polygon",
        "coordinates": [
          [
            [
              18.135679999999997,
              59.37272
            ],
            [
              18.13728,
              59.37272
            ],
            [
              18.13728,
              59.37432
            ],
            [
              18.135679999999997,
              59.37432
            ],
            [
              18.135679999999997,
              59.37272
            ]
          ]
        ]
      },
      "properties": {
        "id": "fb60-Lidingö-18",
        "municipality": "Lidingö",
        "type": "flerbostadshus",
        "view": "2060"
      }
    },
    {
      "type": "Feature",
      "geometry": {
        "type": "Polygon",
        "coordinates": [
          [
            [
              18.16216,
              59.309200000000004
            ],
            [
              18.163760000000003,
              59.309200000000004
            ],
            [
              18.163760000000003,
              59.3108
            ],
            [
              18.16216,
              59.3108
            ],
            [
              18.16216,
              59.309200000000004
            ]
          ]
        ]
      },
      "properties": {
        "id": "fb60-Nacka-0",
        "municipality": "Nacka",
        "type": "flerbostadshus",
        "view": "2060"
      }
    },
    {
      "type": "Feature",
      "geometry": {
        "type": "Polygon",
        "coordinates": [
          [
            [
              18.16392,
              59.309200000000004
            ],
            [
              18.165520000000004,
              59.309200000000004
            ],
            [
              18.165520000000004,
              59.3108
            ],
            [
              18.16392,
              59.3108
            ],
            [
              18.16392,
              59.309200000000004
            ]
          ]
        ]
      },
      "properties": {
        "id": "fb60-Nacka-1",
        "municipality": "Nacka",
        "type": "flerbostadshus",
        "view": "2060"
      }
    },
    {
      "type": "Feature",
      "geometry": {
        "type": "Polygon",
        "coordinates": [
          [
            [
              18.16568,
              59.309200000000004
            ],
            [
              18.16728,
              59.309200000000004
            ],
            [
              18.16728,
              59.3108
            ],
            [
              18.16568,
              59.3108
            ],
            [
              18.16568,
              59.309200000000004
            ]
          ]
        ]
      },
      "properties": {
        "id": "fb60-Nacka-2",
        "municipality": "Nacka",
        "type": "flerbostadshus",
        "view": "2060"
      }
    },
    {
      "type": "Feature",
      "geometry": {
        "type": "Polygon",
        "coordinates": [
          [
            [
              18.16744,
              59.309200000000004
            ],
            [
              18.169040000000003,
              59.309200000000004
            ],
            [
              18.169040000000003,
              59.3108
            ],
            [
              18.16744,
              59.3108
            ],
            [
              18.16744,
              59.309200000000004
            ]
          ]
        ]
      },
      "properties": {
        "id": "fb60-Nacka-3",
        "municipality": "Nacka",
        "type": "flerbostadshus",
        "view": "2060"
      }
    },
    {
      "type": "Feature",
      "geometry": {
        "type": "Polygon",
        "coordinates": [
          [
            [
              18.1692,
              59.309200000000004
            ],
            [
              18.170800000000003,
              59.309200000000004
            ],
            [
              18.170800000000003,
              59.3108
            ],
            [
              18.1692,
              59.3108
            ],
            [
              18.1692,
              59.309200000000004
            ]
          ]
        ]
      },
      "properties": {
        "id": "fb60-Nacka-4",
        "municipality": "Nacka",
        "type": "flerbostadshus",
        "view": "2060"
      }
    },
    {
      "type": "Feature",
      "geometry": {
        "type": "Polygon",
        "coordinates": [
          [
            [
              18.17096,
              59.309200000000004
            ],
            [
              18.172560000000004,
              59.309200000000004
            ],
            [
              18.172560000000004,
              59.3108
            ],
            [
              18.17096,
              59.3108
            ],
            [
              18.17096,
              59.309200000000004
            ]
          ]
        ]
      },
      "properties": {
        "id": "fb60-Nacka-5",
        "municipality": "Nacka",
        "type": "flerbostadshus",
        "view": "2060"
      }
    },
    {
      "type": "Feature",
      "geometry": {
        "type": "Polygon",
        "coordinates": [
          [
            [
              18.17272,
              59.309200000000004
            ],
            [
              18.174320000000005,
              59.309200000000004
            ],
            [
              18.174320000000005,
              59.3108
            ],
            [
              18.17272,
              59.3108
            ],
            [
              18.17272,
              59.309200000000004
            ]
          ]
        ]
      },
      "properties": {
        "id": "fb60-Nacka-6",
        "municipality": "Nacka",
        "type": "flerbostadshus",
        "view": "2060"
      }
    },
    {
      "type": "Feature",
      "geometry": {
        "type": "Polygon",
        "coordinates": [
          [
            [
              18.17448,
              59.309200000000004
            ],
            [
              18.176080000000002,
              59.309200000000004
            ],
            [
              18.176080000000002,
              59.3108
            ],
            [
              18.17448,
              59.3108
            ],
            [
              18.17448,
              59.309200000000004
            ]
          ]
        ]
      },
      "properties": {
        "id": "fb60-Nacka-7",
        "municipality": "Nacka",
        "type": "flerbostadshus",
        "view": "2060"
      }
    },
    {
      "type": "Feature",
      "geometry": {
        "type": "Polygon",
        "coordinates": [
          [
            [
              18.16216,
              59.31096
            ],
            [
              18.163760000000003,
              59.31096
            ],
            [
              18.163760000000003,
              59.31256
            ],
            [
              18.16216,
              59.31256
            ],
            [
              18.16216,
              59.31096
            ]
          ]
        ]
      },
      "properties": {
        "id": "fb60-Nacka-8",
        "municipality": "Nacka",
        "type": "flerbostadshus",
        "view": "2060"
      }
    },
    {
      "type": "Feature",
      "geometry": {
        "type": "Polygon",
        "coordinates": [
          [
            [
              18.16392,
              59.31096
            ],
            [
              18.165520000000004,
              59.31096
            ],
            [
              18.165520000000004,
              59.31256
            ],
            [
              18.16392,
              59.31256
            ],
            [
              18.16392,
              59.31096
            ]
          ]
        ]
      },
      "properties": {
        "id": "fb60-Nacka-9",
        "municipality": "Nacka",
        "type": "flerbostadshus",
        "view": "2060"
      }
    },
    {
      "type": "Feature",
      "geometry": {
        "type": "Polygon",
        "coordinates": [
          [
            [
              18.16568,
              59.31096
            ],
            [
              18.16728,
              59.31096
            ],
            [
              18.16728,
              59.31256
            ],
            [
              18.16568,
              59.31256
            ],
            [
              18.16568,
              59.31096
            ]
          ]
        ]
      },
      "properties": {
        "id": "fb60-Nacka-10",
        "municipality": "Nacka",
        "type": "flerbostadshus",
        "view": "2060"
      }
    },
    {
      "type": "Feature",
      "geometry": {
        "type": "Polygon",
        "coordinates": [
          [
            [
              18.16744,
              59.31096
            ],
            [
              18.169040000000003,
              59.31096
            ],
            [
              18.169040000000003,
              59.31256
            ],
            [
              18.16744,
              59.31256
            ],
            [
              18.16744,
              59.31096
            ]
          ]
        ]
      },
      "properties": {
        "id": "fb60-Nacka-11",
        "municipality": "Nacka",
        "type": "flerbostadshus",
        "view": "2060"
      }
    },
    {
      "type": "Feature",
      "geometry": {
        "type": "Polygon",
        "coordinates": [
          [
            [
              18.1692,
              59.31096
            ],
            [
              18.170800000000003,
              59.31096
            ],
            [
              18.170800000000003,
              59.31256
            ],
            [
              18.1692,
              59.31256
            ],
            [
              18.1692,
              59.31096
            ]
          ]
        ]
      },
      "properties": {
        "id": "fb60-Nacka-12",
        "municipality": "Nacka",
        "type": "flerbostadshus",
        "view": "2060"
      }
    },
    {
      "type": "Feature",
      "geometry": {
        "type": "Polygon",
        "coordinates": [
          [
            [
              18.17096,
              59.31096
            ],
            [
              18.172560000000004,
              59.31096
            ],
            [
              18.172560000000004,
              59.31256
            ],
            [
              18.17096,
              59.31256
            ],
            [
              18.17096,
              59.31096
            ]
          ]
        ]
      },
      "properties": {
        "id": "fb60-Nacka-13",
        "municipality": "Nacka",
        "type": "flerbostadshus",
        "view": "2060"
      }
    },
    {
      "type": "Feature",
      "geometry": {
        "type": "Polygon",
        "coordinates": [
          [
            [
              18.17272,
              59.31096
            ],
            [
              18.174320000000005,
              59.31096
            ],
            [
              18.174320000000005,
              59.31256
            ],
            [
              18.17272,
              59.31256
            ],
            [
              18.17272,
              59.31096
            ]
          ]
        ]
      },
      "properties": {
        "id": "fb60-Nacka-14",
        "municipality": "Nacka",
        "type": "flerbostadshus",
        "view": "2060"
      }
    },
    {
      "type": "Feature",
      "geometry": {
        "type": "Polygon",
        "coordinates": [
          [
            [
              18.17448,
              59.31096
            ],
            [
              18.176080000000002,
              59.31096
            ],
            [
              18.176080000000002,
              59.31256
            ],
            [
              18.17448,
              59.31256
            ],
            [
              18.17448,
              59.31096
            ]
          ]
        ]
      },
      "properties": {
        "id": "fb60-Nacka-15",
        "municipality": "Nacka",
        "type": "flerbostadshus",
        "view": "2060"
      }
    },
    {
      "type": "Feature",
      "geometry": {
        "type": "Polygon",
        "coordinates": [
          [
            [
              18.16216,
              59.312720000000006
            ],
            [
              18.163760000000003,
              59.312720000000006
            ],
            [
              18.163760000000003,
              59.31432
            ],
            [
              18.16216,
              59.31432
            ],
            [
              18.16216,
              59.312720000000006
            ]
          ]
        ]
      },
      "properties": {
        "id": "fb60-Nacka-16",
        "municipality": "Nacka",
        "type": "flerbostadshus",
        "view": "2060"
      }
    },
    {
      "type": "Feature",
      "geometry": {
        "type": "Polygon",
        "coordinates": [
          [
            [
              18.16392,
              59.312720000000006
            ],
            [
              18.165520000000004,
              59.312720000000006
            ],
            [
              18.165520000000004,
              59.31432
            ],
            [
              18.16392,
              59.31432
            ],
            [
              18.16392,
              59.312720000000006
            ]
          ]
        ]
      },
      "properties": {
        "id": "fb60-Nacka-17",
        "municipality": "Nacka",
        "type": "flerbostadshus",
        "view": "2060"
      }
    },
    {
      "type": "Feature",
      "geometry": {
        "type": "Polygon",
        "coordinates": [
          [
            [
              18.16568,
              59.312720000000006
            ],
            [
              18.16728,
              59.312720000000006
            ],
            [
              18.16728,
              59.31432
            ],
            [
              18.16568,
              59.31432
            ],
            [
              18.16568,
              59.312720000000006
            ]
          ]
        ]
      },
      "properties": {
        "id": "fb60-Nacka-18",
        "municipality": "Nacka",
        "type": "flerbostadshus",
        "view": "2060"
      }
    },
    {
      "type": "Feature",
      "geometry": {
        "type": "Polygon",
        "coordinates": [
          [
            [
              18.16744,
              59.312720000000006
            ],
            [
              18.169040000000003,
              59.312720000000006
            ],
            [
              18.169040000000003,
              59.31432
            ],
            [
              18.16744,
              59.31432
            ],
            [
              18.16744,
              59.312720000000006
            ]
          ]
        ]
      },
      "properties": {
        "id": "fb60-Nacka-19",
        "municipality": "Nacka",
        "type": "flerbostadshus",
        "view": "2060"
      }
    },
    {
      "type": "Feature",
      "geometry": {
        "type": "Polygon",
        "coordinates": [
          [
            [
              18.1692,
              59.312720000000006
            ],
            [
              18.170800000000003,
              59.312720000000006
            ],
            [
              18.170800000000003,
              59.31432
            ],
            [
              18.1692,
              59.31432
            ],
            [
              18.1692,
              59.312720000000006
            ]
          ]
        ]
      },
      "properties": {
        "id": "fb60-Nacka-20",
        "municipality": "Nacka",
        "type": "flerbostadshus",
        "view": "2060"
      }
    },
    {
      "type": "Feature",
      "geometry": {
        "type": "Polygon",
        "coordinates": [
          [
            [
              18.17096,
              59.312720000000006
            ],
            [
              18.172560000000004,
              59.312720000000006
            ],
            [
              18.172560000000004,
              59.31432
            ],
            [
              18.17096,
              59.31432
            ],
            [
              18.17096,
              59.312720000000006
            ]
          ]
        ]
      },
      "properties": {
        "id": "fb60-Nacka-21",
        "municipality": "Nacka",
        "type": "flerbostadshus",
        "view": "2060"
      }
    },
    {
      "type": "Feature",
      "geometry": {
        "type": "Polygon",
        "coordinates": [
          [
            [
              18.17272,
              59.312720000000006
            ],
            [
              18.174320000000005,
              59.312720000000006
            ],
            [
              18.174320000000005,
              59.31432
            ],
            [
              18.17272,
              59.31432
            ],
            [
              18.17272,
              59.312720000000006
            ]
          ]
        ]
      },
      "properties": {
        "id": "fb60-Nacka-22",
        "municipality": "Nacka",
        "type": "flerbostadshus",
        "view": "2060"
      }
    },
    {
      "type": "Feature",
      "geometry": {
        "type": "Polygon",
        "coordinates": [
          [
            [
              18.17448,
              59.312720000000006
            ],
            [
              18.176080000000002,
              59.312720000000006
            ],
            [
              18.176080000000002,
              59.31432
            ],
            [
              18.17448,
              59.31432
            ],
            [
              18.17448,
              59.312720000000006
            ]
          ]
        ]
      },
      "properties": {
        "id": "fb60-Nacka-23",
        "municipality": "Nacka",
        "type": "flerbostadshus",
        "view": "2060"
      }
    },
    {
      "type": "Feature",
      "geometry": {
        "type": "Polygon",
        "coordinates": [
          [
            [
              18.16216,
              59.31448
            ],
            [
              18.163760000000003,
              59.31448
            ],
            [
              18.163760000000003,
              59.31608
            ],
            [
              18.16216,
              59.31608
            ],
            [
              18.16216,
              59.31448
            ]
          ]
        ]
      },
      "properties": {
        "id": "fb60-Nacka-24",
        "municipality": "Nacka",
        "type": "flerbostadshus",
        "view": "2060"
      }
    },
    {
      "type": "Feature",
      "geometry": {
        "type": "Polygon",
        "coordinates": [
          [
            [
              18.16392,
              59.31448
            ],
            [
              18.165520000000004,
              59.31448
            ],
            [
              18.165520000000004,
              59.31608
            ],
            [
              18.16392,
              59.31608
            ],
            [
              18.16392,
              59.31448
            ]
          ]
        ]
      },
      "properties": {
        "id": "fb60-Nacka-25",
        "municipality": "Nacka",
        "type": "flerbostadshus",
        "view": "2060"
      }
    },
    {
      "type": "Feature",
      "geometry": {
        "type": "Polygon",
        "coordinates": [
          [
            [
              18.16568,
              59.31448
            ],
            [
              18.16728,
              59.31448
            ],
            [
              18.16728,
              59.31608
            ],
            [
              18.16568,
              59.31608
            ],
            [
              18.16568,
              59.31448
            ]
          ]
        ]
      },
      "properties": {
        "id": "fb60-Nacka-26",
        "municipality": "Nacka",
        "type": "flerbostadshus",
        "view": "2060"
      }
    },
    {
      "type": "Feature",
      "geometry": {
        "type": "Polygon",
        "coordinates": [
          [
            [
              18.16744,
              59.31448
            ],
            [
              18.169040000000003,
              59.31448
            ],
            [
              18.169040000000003,
              59.31608
            ],
            [
              18.16744,
              59.31608
            ],
            [
              18.16744,
              59.31448
            ]
          ]
        ]
      },
      "properties": {
        "id": "fb60-Nacka-27",
        "municipality": "Nacka",
        "type": "flerbostadshus",
        "view": "2060"
      }
    },
    {
      "type": "Feature",
      "geometry": {
        "type": "Polygon",
        "coordinates": [
          [
            [
              18.1692,
              59.31448
            ],
            [
              18.170800000000003,
              59.31448
            ],
            [
              18.170800000000003,
              59.31608
            ],
            [
              18.1692,
              59.31608
            ],
            [
              18.1692,
              59.31448
            ]
          ]
        ]
      },
      "properties": {
        "id": "fb60-Nacka-28",
        "municipality": "Nacka",
        "type": "flerbostadshus",
        "view": "2060"
      }
    },
    {
      "type": "Feature",
      "geometry": {
        "type": "Polygon",
        "coordinates": [
          [
            [
              18.17096,
              59.31448
            ],
            [
              18.172560000000004,
              59.31448
            ],
            [
              18.172560000000004,
              59.31608
            ],
            [
              18.17096,
              59.31608
            ],
            [
              18.17096,
              59.31448
            ]
          ]
        ]
      },
      "properties": {
        "id": "fb60-Nacka-29",
        "municipality": "Nacka",
        "type": "flerbostadshus",
        "view": "2060"
      }
    },
    {
      "type": "Feature",
      "geometry": {
        "type": "Polygon",
        "coordinates": [
          [
            [
              18.17272,
              59.31448
            ],
            [
              18.174320000000005,
              59.31448
            ],
            [
              18.174320000000005,
              59.31608
            ],
            [
              18.17272,
              59.31608
            ],
            [
              18.17272,
              59.31448
            ]
          ]
        ]
      },
      "properties": {
        "id": "fb60-Nacka-30",
        "municipality": "Nacka",
        "type": "flerbostadshus",
        "view": "2060"
      }
    },
    {
      "type": "Feature",
      "geometry": {
        "type": "Polygon",
        "coordinates": [
          [
            [
              18.17448,
              59.31448
            ],
            [
              18.176080000000002,
              59.31448
            ],
            [
              18.176080000000002,
              59.31608
            ],
            [
              18.17448,
              59.31608
            ],
            [
              18.17448,
              59.31448
            ]
          ]
        ]
      },
      "properties": {
        "id": "fb60-Nacka-31",
        "municipality": "Nacka",
        "type": "flerbostadshus",
        "view": "2060"
      }
    },
    {
      "type": "Feature",
      "geometry": {
        "type": "Polygon",
        "coordinates": [
          [
            [
              18.16216,
              59.31624000000001
            ],
            [
              18.163760000000003,
              59.31624000000001
            ],
            [
              18.163760000000003,
              59.317840000000004
            ],
            [
              18.16216,
              59.317840000000004
            ],
            [
              18.16216,
              59.31624000000001
            ]
          ]
        ]
      },
      "properties": {
        "id": "fb60-Nacka-32",
        "municipality": "Nacka",
        "type": "flerbostadshus",
        "view": "2060"
      }
    },
    {
      "type": "Feature",
      "geometry": {
        "type": "Polygon",
        "coordinates": [
          [
            [
              18.16392,
              59.31624000000001
            ],
            [
              18.165520000000004,
              59.31624000000001
            ],
            [
              18.165520000000004,
              59.317840000000004
            ],
            [
              18.16392,
              59.317840000000004
            ],
            [
              18.16392,
              59.31624000000001
            ]
          ]
        ]
      },
      "properties": {
        "id": "fb60-Nacka-33",
        "municipality": "Nacka",
        "type": "flerbostadshus",
        "view": "2060"
      }
    },
    {
      "type": "Feature",
      "geometry": {
        "type": "Polygon",
        "coordinates": [
          [
            [
              18.16568,
              59.31624000000001
            ],
            [
              18.16728,
              59.31624000000001
            ],
            [
              18.16728,
              59.317840000000004
            ],
            [
              18.16568,
              59.317840000000004
            ],
            [
              18.16568,
              59.31624000000001
            ]
          ]
        ]
      },
      "properties": {
        "id": "fb60-Nacka-34",
        "municipality": "Nacka",
        "type": "flerbostadshus",
        "view": "2060"
      }
    },
    {
      "type": "Feature",
      "geometry": {
        "type": "Polygon",
        "coordinates": [
          [
            [
              18.16744,
              59.31624000000001
            ],
            [
              18.169040000000003,
              59.31624000000001
            ],
            [
              18.169040000000003,
              59.317840000000004
            ],
            [
              18.16744,
              59.317840000000004
            ],
            [
              18.16744,
              59.31624000000001
            ]
          ]
        ]
      },
      "properties": {
        "id": "fb60-Nacka-35",
        "municipality": "Nacka",
        "type": "flerbostadshus",
        "view": "2060"
      }
    },
    {
      "type": "Feature",
      "geometry": {
        "type": "Polygon",
        "coordinates": [
          [
            [
              18.1692,
              59.31624000000001
            ],
            [
              18.170800000000003,
              59.31624000000001
            ],
            [
              18.170800000000003,
              59.317840000000004
            ],
            [
              18.1692,
              59.317840000000004
            ],
            [
              18.1692,
              59.31624000000001
            ]
          ]
        ]
      },
      "properties": {
        "id": "fb60-Nacka-36",
        "municipality": "Nacka",
        "type": "flerbostadshus",
        "view": "2060"
      }
    },
    {
      "type": "Feature",
      "geometry": {
        "type": "Polygon",
        "coordinates": [
          [
            [
              18.17096,
              59.31624000000001
            ],
            [
              18.172560000000004,
              59.31624000000001
            ],
            [
              18.172560000000004,
              59.317840000000004
            ],
            [
              18.17096,
              59.317840000000004
            ],
            [
              18.17096,
              59.31624000000001
            ]
          ]
        ]
      },
      "properties": {
        "id": "fb60-Nacka-37",
        "municipality": "Nacka",
        "type": "flerbostadshus",
        "view": "2060"
      }
    },
    {
      "type": "Feature",
      "geometry": {
        "type": "Polygon",
        "coordinates": [
          [
            [
              18.17272,
              59.31624000000001
            ],
            [
              18.174320000000005,
              59.31624000000001
            ],
            [
              18.174320000000005,
              59.317840000000004
            ],
            [
              18.17272,
              59.317840000000004
            ],
            [
              18.17272,
              59.31624000000001
            ]
          ]
        ]
      },
      "properties": {
        "id": "fb60-Nacka-38",
        "municipality": "Nacka",
        "type": "flerbostadshus",
        "view": "2060"
      }
    },
    {
      "type": "Feature",
      "geometry": {
        "type": "Polygon",
        "coordinates": [
          [
            [
              18.17448,
              59.31624000000001
            ],
            [
              18.176080000000002,
              59.31624000000001
            ],
            [
              18.176080000000002,
              59.317840000000004
            ],
            [
              18.17448,
              59.317840000000004
            ],
            [
              18.17448,
              59.31624000000001
            ]
          ]
        ]
      },
      "properties": {
        "id": "fb60-Nacka-39",
        "municipality": "Nacka",
        "type": "flerbostadshus",
        "view": "2060"
      }
    },
    {
      "type": "Feature",
      "geometry": {
        "type": "Polygon",
        "coordinates": [
          [
            [
              18.16216,
              59.318000000000005
            ],
            [
              18.163760000000003,
              59.318000000000005
            ],
            [
              18.163760000000003,
              59.3196
            ],
            [
              18.16216,
              59.3196
            ],
            [
              18.16216,
              59.318000000000005
            ]
          ]
        ]
      },
      "properties": {
        "id": "fb60-Nacka-40",
        "municipality": "Nacka",
        "type": "flerbostadshus",
        "view": "2060"
      }
    },
    {
      "type": "Feature",
      "geometry": {
        "type": "Polygon",
        "coordinates": [
          [
            [
              18.16392,
              59.318000000000005
            ],
            [
              18.165520000000004,
              59.318000000000005
            ],
            [
              18.165520000000004,
              59.3196
            ],
            [
              18.16392,
              59.3196
            ],
            [
              18.16392,
              59.318000000000005
            ]
          ]
        ]
      },
      "properties": {
        "id": "fb60-Nacka-41",
        "municipality": "Nacka",
        "type": "flerbostadshus",
        "view": "2060"
      }
    },
    {
      "type": "Feature",
      "geometry": {
        "type": "Polygon",
        "coordinates": [
          [
            [
              18.16568,
              59.318000000000005
            ],
            [
              18.16728,
              59.318000000000005
            ],
            [
              18.16728,
              59.3196
            ],
            [
              18.16568,
              59.3196
            ],
            [
              18.16568,
              59.318000000000005
            ]
          ]
        ]
      },
      "properties": {
        "id": "fb60-Nacka-42",
        "municipality": "Nacka",
        "type": "flerbostadshus",
        "view": "2060"
      }
    },
    {
      "type": "Feature",
      "geometry": {
        "type": "Polygon",
        "coordinates": [
          [
            [
              18.16744,
              59.318000000000005
            ],
            [
              18.169040000000003,
              59.318000000000005
            ],
            [
              18.169040000000003,
              59.3196
            ],
            [
              18.16744,
              59.3196
            ],
            [
              18.16744,
              59.318000000000005
            ]
          ]
        ]
      },
      "properties": {
        "id": "fb60-Nacka-43",
        "municipality": "Nacka",
        "type": "flerbostadshus",
        "view": "2060"
      }
    },
    {
      "type": "Feature",
      "geometry": {
        "type": "Polygon",
        "coordinates": [
          [
            [
              18.1692,
              59.318000000000005
            ],
            [
              18.170800000000003,
              59.318000000000005
            ],
            [
              18.170800000000003,
              59.3196
            ],
            [
              18.1692,
              59.3196
            ],
            [
              18.1692,
              59.318000000000005
            ]
          ]
        ]
      },
      "properties": {
        "id": "fb60-Nacka-44",
        "municipality": "Nacka",
        "type": "flerbostadshus",
        "view": "2060"
      }
    },
    {
      "type": "Feature",
      "geometry": {
        "type": "Polygon",
        "coordinates": [
          [
            [
              18.17096,
              59.318000000000005
            ],
            [
              18.172560000000004,
              59.318000000000005
            ],
            [
              18.172560000000004,
              59.3196
            ],
            [
              18.17096,
              59.3196
            ],
            [
              18.17096,
              59.318000000000005
            ]
          ]
        ]
      },
      "properties": {
        "id": "fb60-Nacka-45",
        "municipality": "Nacka",
        "type": "flerbostadshus",
        "view": "2060"
      }
    },
    {
      "type": "Feature",
      "geometry": {
        "type": "Polygon",
        "coordinates": [
          [
            [
              18.17272,
              59.318000000000005
            ],
            [
              18.174320000000005,
              59.318000000000005
            ],
            [
              18.174320000000005,
              59.3196
            ],
            [
              18.17272,
              59.3196
            ],
            [
              18.17272,
              59.318000000000005
            ]
          ]
        ]
      },
      "properties": {
        "id": "fb60-Nacka-46",
        "municipality": "Nacka",
        "type": "flerbostadshus",
        "view": "2060"
      }
    },
    {
      "type": "Feature",
      "geometry": {
        "type": "Polygon",
        "coordinates": [
          [
            [
              18.17448,
              59.318000000000005
            ],
            [
              18.176080000000002,
              59.318000000000005
            ],
            [
              18.176080000000002,
              59.3196
            ],
            [
              18.17448,
              59.3196
            ],
            [
              18.17448,
              59.318000000000005
            ]
          ]
        ]
      },
      "properties": {
        "id": "fb60-Nacka-47",
        "municipality": "Nacka",
        "type": "flerbostadshus",
        "view": "2060"
      }
    },
    {
      "type": "Feature",
      "geometry": {
        "type": "Polygon",
        "coordinates": [
          [
            [
              18.16216,
              59.31976
            ],
            [
              18.163760000000003,
              59.31976
            ],
            [
              18.163760000000003,
              59.32136
            ],
            [
              18.16216,
              59.32136
            ],
            [
              18.16216,
              59.31976
            ]
          ]
        ]
      },
      "properties": {
        "id": "fb60-Nacka-48",
        "municipality": "Nacka",
        "type": "flerbostadshus",
        "view": "2060"
      }
    },
    {
      "type": "Feature",
      "geometry": {
        "type": "Polygon",
        "coordinates": [
          [
            [
              18.16392,
              59.31976
            ],
            [
              18.165520000000004,
              59.31976
            ],
            [
              18.165520000000004,
              59.32136
            ],
            [
              18.16392,
              59.32136
            ],
            [
              18.16392,
              59.31976
            ]
          ]
        ]
      },
      "properties": {
        "id": "fb60-Nacka-49",
        "municipality": "Nacka",
        "type": "flerbostadshus",
        "view": "2060"
      }
    },
    {
      "type": "Feature",
      "geometry": {
        "type": "Polygon",
        "coordinates": [
          [
            [
              18.16568,
              59.31976
            ],
            [
              18.16728,
              59.31976
            ],
            [
              18.16728,
              59.32136
            ],
            [
              18.16568,
              59.32136
            ],
            [
              18.16568,
              59.31976
            ]
          ]
        ]
      },
      "properties": {
        "id": "fb60-Nacka-50",
        "municipality": "Nacka",
        "type": "flerbostadshus",
        "view": "2060"
      }
    },
    {
      "type": "Feature",
      "geometry": {
        "type": "Polygon",
        "coordinates": [
          [
            [
              18.16744,
              59.31976
            ],
            [
              18.169040000000003,
              59.31976
            ],
            [
              18.169040000000003,
              59.32136
            ],
            [
              18.16744,
              59.32136
            ],
            [
              18.16744,
              59.31976
            ]
          ]
        ]
      },
      "properties": {
        "id": "fb60-Nacka-51",
        "municipality": "Nacka",
        "type": "flerbostadshus",
        "view": "2060"
      }
    },
    {
      "type": "Feature",
      "geometry": {
        "type": "Polygon",
        "coordinates": [
          [
            [
              18.1692,
              59.31976
            ],
            [
              18.170800000000003,
              59.31976
            ],
            [
              18.170800000000003,
              59.32136
            ],
            [
              18.1692,
              59.32136
            ],
            [
              18.1692,
              59.31976
            ]
          ]
        ]
      },
      "properties": {
        "id": "fb60-Nacka-52",
        "municipality": "Nacka",
        "type": "flerbostadshus",
        "view": "2060"
      }
    },
    {
      "type": "Feature",
      "geometry": {
        "type": "Polygon",
        "coordinates": [
          [
            [
              18.17096,
              59.31976
            ],
            [
              18.172560000000004,
              59.31976
            ],
            [
              18.172560000000004,
              59.32136
            ],
            [
              18.17096,
              59.32136
            ],
            [
              18.17096,
              59.31976
            ]
          ]
        ]
      },
      "properties": {
        "id": "fb60-Nacka-53",
        "municipality": "Nacka",
        "type": "flerbostadshus",
        "view": "2060"
      }
    },
    {
      "type": "Feature",
      "geometry": {
        "type": "Polygon",
        "coordinates": [
          [
            [
              18.70216,
              59.7592
            ],
            [
              18.703760000000003,
              59.7592
            ],
            [
              18.703760000000003,
              59.760799999999996
            ],
            [
              18.70216,
              59.760799999999996
            ],
            [
              18.70216,
              59.7592
            ]
          ]
        ]
      },
      "properties": {
        "id": "fb60-Norrtälje-0",
        "municipality": "Norrtälje",
        "type": "flerbostadshus",
        "view": "2060"
      }
    },
    {
      "type": "Feature",
      "geometry": {
        "type": "Polygon",
        "coordinates": [
          [
            [
              18.70392,
              59.7592
            ],
            [
              18.705520000000003,
              59.7592
            ],
            [
              18.705520000000003,
              59.760799999999996
            ],
            [
              18.70392,
              59.760799999999996
            ],
            [
              18.70392,
              59.7592
            ]
          ]
        ]
      },
      "properties": {
        "id": "fb60-Norrtälje-1",
        "municipality": "Norrtälje",
        "type": "flerbostadshus",
        "view": "2060"
      }
    },
    {
      "type": "Feature",
      "geometry": {
        "type": "Polygon",
        "coordinates": [
          [
            [
              18.705679999999997,
              59.7592
            ],
            [
              18.70728,
              59.7592
            ],
            [
              18.70728,
              59.760799999999996
            ],
            [
              18.705679999999997,
              59.760799999999996
            ],
            [
              18.705679999999997,
              59.7592
            ]
          ]
        ]
      },
      "properties": {
        "id": "fb60-Norrtälje-2",
        "municipality": "Norrtälje",
        "type": "flerbostadshus",
        "view": "2060"
      }
    },
    {
      "type": "Feature",
      "geometry": {
        "type": "Polygon",
        "coordinates": [
          [
            [
              18.70744,
              59.7592
            ],
            [
              18.70904,
              59.7592
            ],
            [
              18.70904,
              59.760799999999996
            ],
            [
              18.70744,
              59.760799999999996
            ],
            [
              18.70744,
              59.7592
            ]
          ]
        ]
      },
      "properties": {
        "id": "fb60-Norrtälje-3",
        "municipality": "Norrtälje",
        "type": "flerbostadshus",
        "view": "2060"
      }
    },
    {
      "type": "Feature",
      "geometry": {
        "type": "Polygon",
        "coordinates": [
          [
            [
              18.7092,
              59.7592
            ],
            [
              18.710800000000003,
              59.7592
            ],
            [
              18.710800000000003,
              59.760799999999996
            ],
            [
              18.7092,
              59.760799999999996
            ],
            [
              18.7092,
              59.7592
            ]
          ]
        ]
      },
      "properties": {
        "id": "fb60-Norrtälje-4",
        "municipality": "Norrtälje",
        "type": "flerbostadshus",
        "view": "2060"
      }
    },
    {
      "type": "Feature",
      "geometry": {
        "type": "Polygon",
        "coordinates": [
          [
            [
              18.71096,
              59.7592
            ],
            [
              18.712560000000003,
              59.7592
            ],
            [
              18.712560000000003,
              59.760799999999996
            ],
            [
              18.71096,
              59.760799999999996
            ],
            [
              18.71096,
              59.7592
            ]
          ]
        ]
      },
      "properties": {
        "id": "fb60-Norrtälje-5",
        "municipality": "Norrtälje",
        "type": "flerbostadshus",
        "view": "2060"
      }
    },
    {
      "type": "Feature",
      "geometry": {
        "type": "Polygon",
        "coordinates": [
          [
            [
              18.71272,
              59.7592
            ],
            [
              18.714320000000004,
              59.7592
            ],
            [
              18.714320000000004,
              59.760799999999996
            ],
            [
              18.71272,
              59.760799999999996
            ],
            [
              18.71272,
              59.7592
            ]
          ]
        ]
      },
      "properties": {
        "id": "fb60-Norrtälje-6",
        "municipality": "Norrtälje",
        "type": "flerbostadshus",
        "view": "2060"
      }
    },
    {
      "type": "Feature",
      "geometry": {
        "type": "Polygon",
        "coordinates": [
          [
            [
              18.71448,
              59.7592
            ],
            [
              18.71608,
              59.7592
            ],
            [
              18.71608,
              59.760799999999996
            ],
            [
              18.71448,
              59.760799999999996
            ],
            [
              18.71448,
              59.7592
            ]
          ]
        ]
      },
      "properties": {
        "id": "fb60-Norrtälje-7",
        "municipality": "Norrtälje",
        "type": "flerbostadshus",
        "view": "2060"
      }
    },
    {
      "type": "Feature",
      "geometry": {
        "type": "Polygon",
        "coordinates": [
          [
            [
              18.70216,
              59.76096
            ],
            [
              18.703760000000003,
              59.76096
            ],
            [
              18.703760000000003,
              59.76255999999999
            ],
            [
              18.70216,
              59.76255999999999
            ],
            [
              18.70216,
              59.76096
            ]
          ]
        ]
      },
      "properties": {
        "id": "fb60-Norrtälje-8",
        "municipality": "Norrtälje",
        "type": "flerbostadshus",
        "view": "2060"
      }
    },
    {
      "type": "Feature",
      "geometry": {
        "type": "Polygon",
        "coordinates": [
          [
            [
              18.70392,
              59.76096
            ],
            [
              18.705520000000003,
              59.76096
            ],
            [
              18.705520000000003,
              59.76255999999999
            ],
            [
              18.70392,
              59.76255999999999
            ],
            [
              18.70392,
              59.76096
            ]
          ]
        ]
      },
      "properties": {
        "id": "fb60-Norrtälje-9",
        "municipality": "Norrtälje",
        "type": "flerbostadshus",
        "view": "2060"
      }
    },
    {
      "type": "Feature",
      "geometry": {
        "type": "Polygon",
        "coordinates": [
          [
            [
              18.705679999999997,
              59.76096
            ],
            [
              18.70728,
              59.76096
            ],
            [
              18.70728,
              59.76255999999999
            ],
            [
              18.705679999999997,
              59.76255999999999
            ],
            [
              18.705679999999997,
              59.76096
            ]
          ]
        ]
      },
      "properties": {
        "id": "fb60-Norrtälje-10",
        "municipality": "Norrtälje",
        "type": "flerbostadshus",
        "view": "2060"
      }
    },
    {
      "type": "Feature",
      "geometry": {
        "type": "Polygon",
        "coordinates": [
          [
            [
              18.70744,
              59.76096
            ],
            [
              18.70904,
              59.76096
            ],
            [
              18.70904,
              59.76255999999999
            ],
            [
              18.70744,
              59.76255999999999
            ],
            [
              18.70744,
              59.76096
            ]
          ]
        ]
      },
      "properties": {
        "id": "fb60-Norrtälje-11",
        "municipality": "Norrtälje",
        "type": "flerbostadshus",
        "view": "2060"
      }
    },
    {
      "type": "Feature",
      "geometry": {
        "type": "Polygon",
        "coordinates": [
          [
            [
              18.7092,
              59.76096
            ],
            [
              18.710800000000003,
              59.76096
            ],
            [
              18.710800000000003,
              59.76255999999999
            ],
            [
              18.7092,
              59.76255999999999
            ],
            [
              18.7092,
              59.76096
            ]
          ]
        ]
      },
      "properties": {
        "id": "fb60-Norrtälje-12",
        "municipality": "Norrtälje",
        "type": "flerbostadshus",
        "view": "2060"
      }
    },
    {
      "type": "Feature",
      "geometry": {
        "type": "Polygon",
        "coordinates": [
          [
            [
              18.71096,
              59.76096
            ],
            [
              18.712560000000003,
              59.76096
            ],
            [
              18.712560000000003,
              59.76255999999999
            ],
            [
              18.71096,
              59.76255999999999
            ],
            [
              18.71096,
              59.76096
            ]
          ]
        ]
      },
      "properties": {
        "id": "fb60-Norrtälje-13",
        "municipality": "Norrtälje",
        "type": "flerbostadshus",
        "view": "2060"
      }
    },
    {
      "type": "Feature",
      "geometry": {
        "type": "Polygon",
        "coordinates": [
          [
            [
              18.71272,
              59.76096
            ],
            [
              18.714320000000004,
              59.76096
            ],
            [
              18.714320000000004,
              59.76255999999999
            ],
            [
              18.71272,
              59.76255999999999
            ],
            [
              18.71272,
              59.76096
            ]
          ]
        ]
      },
      "properties": {
        "id": "fb60-Norrtälje-14",
        "municipality": "Norrtälje",
        "type": "flerbostadshus",
        "view": "2060"
      }
    },
    {
      "type": "Feature",
      "geometry": {
        "type": "Polygon",
        "coordinates": [
          [
            [
              18.71448,
              59.76096
            ],
            [
              18.71608,
              59.76096
            ],
            [
              18.71608,
              59.76255999999999
            ],
            [
              18.71448,
              59.76255999999999
            ],
            [
              18.71448,
              59.76096
            ]
          ]
        ]
      },
      "properties": {
        "id": "fb60-Norrtälje-15",
        "municipality": "Norrtälje",
        "type": "flerbostadshus",
        "view": "2060"
      }
    },
    {
      "type": "Feature",
      "geometry": {
        "type": "Polygon",
        "coordinates": [
          [
            [
              18.70216,
              59.76272
            ],
            [
              18.703760000000003,
              59.76272
            ],
            [
              18.703760000000003,
              59.76432
            ],
            [
              18.70216,
              59.76432
            ],
            [
              18.70216,
              59.76272
            ]
          ]
        ]
      },
      "properties": {
        "id": "fb60-Norrtälje-16",
        "municipality": "Norrtälje",
        "type": "flerbostadshus",
        "view": "2060"
      }
    },
    {
      "type": "Feature",
      "geometry": {
        "type": "Polygon",
        "coordinates": [
          [
            [
              18.70392,
              59.76272
            ],
            [
              18.705520000000003,
              59.76272
            ],
            [
              18.705520000000003,
              59.76432
            ],
            [
              18.70392,
              59.76432
            ],
            [
              18.70392,
              59.76272
            ]
          ]
        ]
      },
      "properties": {
        "id": "fb60-Norrtälje-17",
        "municipality": "Norrtälje",
        "type": "flerbostadshus",
        "view": "2060"
      }
    },
    {
      "type": "Feature",
      "geometry": {
        "type": "Polygon",
        "coordinates": [
          [
            [
              18.705679999999997,
              59.76272
            ],
            [
              18.70728,
              59.76272
            ],
            [
              18.70728,
              59.76432
            ],
            [
              18.705679999999997,
              59.76432
            ],
            [
              18.705679999999997,
              59.76272
            ]
          ]
        ]
      },
      "properties": {
        "id": "fb60-Norrtälje-18",
        "municipality": "Norrtälje",
        "type": "flerbostadshus",
        "view": "2060"
      }
    },
    {
      "type": "Feature",
      "geometry": {
        "type": "Polygon",
        "coordinates": [
          [
            [
              18.70744,
              59.76272
            ],
            [
              18.70904,
              59.76272
            ],
            [
              18.70904,
              59.76432
            ],
            [
              18.70744,
              59.76432
            ],
            [
              18.70744,
              59.76272
            ]
          ]
        ]
      },
      "properties": {
        "id": "fb60-Norrtälje-19",
        "municipality": "Norrtälje",
        "type": "flerbostadshus",
        "view": "2060"
      }
    },
    {
      "type": "Feature",
      "geometry": {
        "type": "Polygon",
        "coordinates": [
          [
            [
              18.7092,
              59.76272
            ],
            [
              18.710800000000003,
              59.76272
            ],
            [
              18.710800000000003,
              59.76432
            ],
            [
              18.7092,
              59.76432
            ],
            [
              18.7092,
              59.76272
            ]
          ]
        ]
      },
      "properties": {
        "id": "fb60-Norrtälje-20",
        "municipality": "Norrtälje",
        "type": "flerbostadshus",
        "view": "2060"
      }
    },
    {
      "type": "Feature",
      "geometry": {
        "type": "Polygon",
        "coordinates": [
          [
            [
              18.71096,
              59.76272
            ],
            [
              18.712560000000003,
              59.76272
            ],
            [
              18.712560000000003,
              59.76432
            ],
            [
              18.71096,
              59.76432
            ],
            [
              18.71096,
              59.76272
            ]
          ]
        ]
      },
      "properties": {
        "id": "fb60-Norrtälje-21",
        "municipality": "Norrtälje",
        "type": "flerbostadshus",
        "view": "2060"
      }
    },
    {
      "type": "Feature",
      "geometry": {
        "type": "Polygon",
        "coordinates": [
          [
            [
              18.71272,
              59.76272
            ],
            [
              18.714320000000004,
              59.76272
            ],
            [
              18.714320000000004,
              59.76432
            ],
            [
              18.71272,
              59.76432
            ],
            [
              18.71272,
              59.76272
            ]
          ]
        ]
      },
      "properties": {
        "id": "fb60-Norrtälje-22",
        "municipality": "Norrtälje",
        "type": "flerbostadshus",
        "view": "2060"
      }
    },
    {
      "type": "Feature",
      "geometry": {
        "type": "Polygon",
        "coordinates": [
          [
            [
              18.71448,
              59.76272
            ],
            [
              18.71608,
              59.76272
            ],
            [
              18.71608,
              59.76432
            ],
            [
              18.71448,
              59.76432
            ],
            [
              18.71448,
              59.76272
            ]
          ]
        ]
      },
      "properties": {
        "id": "fb60-Norrtälje-23",
        "municipality": "Norrtälje",
        "type": "flerbostadshus",
        "view": "2060"
      }
    },
    {
      "type": "Feature",
      "geometry": {
        "type": "Polygon",
        "coordinates": [
          [
            [
              18.70216,
              59.76448
            ],
            [
              18.703760000000003,
              59.76448
            ],
            [
              18.703760000000003,
              59.766079999999995
            ],
            [
              18.70216,
              59.766079999999995
            ],
            [
              18.70216,
              59.76448
            ]
          ]
        ]
      },
      "properties": {
        "id": "fb60-Norrtälje-24",
        "municipality": "Norrtälje",
        "type": "flerbostadshus",
        "view": "2060"
      }
    },
    {
      "type": "Feature",
      "geometry": {
        "type": "Polygon",
        "coordinates": [
          [
            [
              18.70392,
              59.76448
            ],
            [
              18.705520000000003,
              59.76448
            ],
            [
              18.705520000000003,
              59.766079999999995
            ],
            [
              18.70392,
              59.766079999999995
            ],
            [
              18.70392,
              59.76448
            ]
          ]
        ]
      },
      "properties": {
        "id": "fb60-Norrtälje-25",
        "municipality": "Norrtälje",
        "type": "flerbostadshus",
        "view": "2060"
      }
    },
    {
      "type": "Feature",
      "geometry": {
        "type": "Polygon",
        "coordinates": [
          [
            [
              18.705679999999997,
              59.76448
            ],
            [
              18.70728,
              59.76448
            ],
            [
              18.70728,
              59.766079999999995
            ],
            [
              18.705679999999997,
              59.766079999999995
            ],
            [
              18.705679999999997,
              59.76448
            ]
          ]
        ]
      },
      "properties": {
        "id": "fb60-Norrtälje-26",
        "municipality": "Norrtälje",
        "type": "flerbostadshus",
        "view": "2060"
      }
    },
    {
      "type": "Feature",
      "geometry": {
        "type": "Polygon",
        "coordinates": [
          [
            [
              18.70744,
              59.76448
            ],
            [
              18.70904,
              59.76448
            ],
            [
              18.70904,
              59.766079999999995
            ],
            [
              18.70744,
              59.766079999999995
            ],
            [
              18.70744,
              59.76448
            ]
          ]
        ]
      },
      "properties": {
        "id": "fb60-Norrtälje-27",
        "municipality": "Norrtälje",
        "type": "flerbostadshus",
        "view": "2060"
      }
    },
    {
      "type": "Feature",
      "geometry": {
        "type": "Polygon",
        "coordinates": [
          [
            [
              18.7092,
              59.76448
            ],
            [
              18.710800000000003,
              59.76448
            ],
            [
              18.710800000000003,
              59.766079999999995
            ],
            [
              18.7092,
              59.766079999999995
            ],
            [
              18.7092,
              59.76448
            ]
          ]
        ]
      },
      "properties": {
        "id": "fb60-Norrtälje-28",
        "municipality": "Norrtälje",
        "type": "flerbostadshus",
        "view": "2060"
      }
    },
    {
      "type": "Feature",
      "geometry": {
        "type": "Polygon",
        "coordinates": [
          [
            [
              17.422159999999998,
              59.1792
            ],
            [
              17.42376,
              59.1792
            ],
            [
              17.42376,
              59.1808
            ],
            [
              17.422159999999998,
              59.1808
            ],
            [
              17.422159999999998,
              59.1792
            ]
          ]
        ]
      },
      "properties": {
        "id": "fb60-Nykvarn-0",
        "municipality": "Nykvarn",
        "type": "flerbostadshus",
        "view": "2060"
      }
    },
    {
      "type": "Feature",
      "geometry": {
        "type": "Polygon",
        "coordinates": [
          [
            [
              17.42392,
              59.1792
            ],
            [
              17.425520000000002,
              59.1792
            ],
            [
              17.425520000000002,
              59.1808
            ],
            [
              17.42392,
              59.1808
            ],
            [
              17.42392,
              59.1792
            ]
          ]
        ]
      },
      "properties": {
        "id": "fb60-Nykvarn-1",
        "municipality": "Nykvarn",
        "type": "flerbostadshus",
        "view": "2060"
      }
    },
    {
      "type": "Feature",
      "geometry": {
        "type": "Polygon",
        "coordinates": [
          [
            [
              17.425679999999996,
              59.1792
            ],
            [
              17.42728,
              59.1792
            ],
            [
              17.42728,
              59.1808
            ],
            [
              17.425679999999996,
              59.1808
            ],
            [
              17.425679999999996,
              59.1792
            ]
          ]
        ]
      },
      "properties": {
        "id": "fb60-Nykvarn-2",
        "municipality": "Nykvarn",
        "type": "flerbostadshus",
        "view": "2060"
      }
    },
    {
      "type": "Feature",
      "geometry": {
        "type": "Polygon",
        "coordinates": [
          [
            [
              17.427439999999997,
              59.1792
            ],
            [
              17.42904,
              59.1792
            ],
            [
              17.42904,
              59.1808
            ],
            [
              17.427439999999997,
              59.1808
            ],
            [
              17.427439999999997,
              59.1792
            ]
          ]
        ]
      },
      "properties": {
        "id": "fb60-Nykvarn-3",
        "municipality": "Nykvarn",
        "type": "flerbostadshus",
        "view": "2060"
      }
    },
    {
      "type": "Feature",
      "geometry": {
        "type": "Polygon",
        "coordinates": [
          [
            [
              17.429199999999998,
              59.1792
            ],
            [
              17.4308,
              59.1792
            ],
            [
              17.4308,
              59.1808
            ],
            [
              17.429199999999998,
              59.1808
            ],
            [
              17.429199999999998,
              59.1792
            ]
          ]
        ]
      },
      "properties": {
        "id": "fb60-Nykvarn-4",
        "municipality": "Nykvarn",
        "type": "flerbostadshus",
        "view": "2060"
      }
    },
    {
      "type": "Feature",
      "geometry": {
        "type": "Polygon",
        "coordinates": [
          [
            [
              17.942159999999998,
              58.8992
            ],
            [
              17.94376,
              58.8992
            ],
            [
              17.94376,
              58.9008
            ],
            [
              17.942159999999998,
              58.9008
            ],
            [
              17.942159999999998,
              58.8992
            ]
          ]
        ]
      },
      "properties": {
        "id": "fb60-Nynäshamn-0",
        "municipality": "Nynäshamn",
        "type": "flerbostadshus",
        "view": "2060"
      }
    },
    {
      "type": "Feature",
      "geometry": {
        "type": "Polygon",
        "coordinates": [
          [
            [
              17.94392,
              58.8992
            ],
            [
              17.945520000000002,
              58.8992
            ],
            [
              17.945520000000002,
              58.9008
            ],
            [
              17.94392,
              58.9008
            ],
            [
              17.94392,
              58.8992
            ]
          ]
        ]
      },
      "properties": {
        "id": "fb60-Nynäshamn-1",
        "municipality": "Nynäshamn",
        "type": "flerbostadshus",
        "view": "2060"
      }
    },
    {
      "type": "Feature",
      "geometry": {
        "type": "Polygon",
        "coordinates": [
          [
            [
              17.945679999999996,
              58.8992
            ],
            [
              17.94728,
              58.8992
            ],
            [
              17.94728,
              58.9008
            ],
            [
              17.945679999999996,
              58.9008
            ],
            [
              17.945679999999996,
              58.8992
            ]
          ]
        ]
      },
      "properties": {
        "id": "fb60-Nynäshamn-2",
        "municipality": "Nynäshamn",
        "type": "flerbostadshus",
        "view": "2060"
      }
    },
    {
      "type": "Feature",
      "geometry": {
        "type": "Polygon",
        "coordinates": [
          [
            [
              17.947439999999997,
              58.8992
            ],
            [
              17.94904,
              58.8992
            ],
            [
              17.94904,
              58.9008
            ],
            [
              17.947439999999997,
              58.9008
            ],
            [
              17.947439999999997,
              58.8992
            ]
          ]
        ]
      },
      "properties": {
        "id": "fb60-Nynäshamn-3",
        "municipality": "Nynäshamn",
        "type": "flerbostadshus",
        "view": "2060"
      }
    },
    {
      "type": "Feature",
      "geometry": {
        "type": "Polygon",
        "coordinates": [
          [
            [
              17.949199999999998,
              58.8992
            ],
            [
              17.9508,
              58.8992
            ],
            [
              17.9508,
              58.9008
            ],
            [
              17.949199999999998,
              58.9008
            ],
            [
              17.949199999999998,
              58.8992
            ]
          ]
        ]
      },
      "properties": {
        "id": "fb60-Nynäshamn-4",
        "municipality": "Nynäshamn",
        "type": "flerbostadshus",
        "view": "2060"
      }
    },
    {
      "type": "Feature",
      "geometry": {
        "type": "Polygon",
        "coordinates": [
          [
            [
              17.95096,
              58.8992
            ],
            [
              17.952560000000002,
              58.8992
            ],
            [
              17.952560000000002,
              58.9008
            ],
            [
              17.95096,
              58.9008
            ],
            [
              17.95096,
              58.8992
            ]
          ]
        ]
      },
      "properties": {
        "id": "fb60-Nynäshamn-5",
        "municipality": "Nynäshamn",
        "type": "flerbostadshus",
        "view": "2060"
      }
    },
    {
      "type": "Feature",
      "geometry": {
        "type": "Polygon",
        "coordinates": [
          [
            [
              17.95272,
              58.8992
            ],
            [
              17.954320000000003,
              58.8992
            ],
            [
              17.954320000000003,
              58.9008
            ],
            [
              17.95272,
              58.9008
            ],
            [
              17.95272,
              58.8992
            ]
          ]
        ]
      },
      "properties": {
        "id": "fb60-Nynäshamn-6",
        "municipality": "Nynäshamn",
        "type": "flerbostadshus",
        "view": "2060"
      }
    },
    {
      "type": "Feature",
      "geometry": {
        "type": "Polygon",
        "coordinates": [
          [
            [
              17.954479999999997,
              58.8992
            ],
            [
              17.95608,
              58.8992
            ],
            [
              17.95608,
              58.9008
            ],
            [
              17.954479999999997,
              58.9008
            ],
            [
              17.954479999999997,
              58.8992
            ]
          ]
        ]
      },
      "properties": {
        "id": "fb60-Nynäshamn-7",
        "municipality": "Nynäshamn",
        "type": "flerbostadshus",
        "view": "2060"
      }
    },
    {
      "type": "Feature",
      "geometry": {
        "type": "Polygon",
        "coordinates": [
          [
            [
              17.942159999999998,
              58.90096
            ],
            [
              17.94376,
              58.90096
            ],
            [
              17.94376,
              58.902559999999994
            ],
            [
              17.942159999999998,
              58.902559999999994
            ],
            [
              17.942159999999998,
              58.90096
            ]
          ]
        ]
      },
      "properties": {
        "id": "fb60-Nynäshamn-8",
        "municipality": "Nynäshamn",
        "type": "flerbostadshus",
        "view": "2060"
      }
    },
    {
      "type": "Feature",
      "geometry": {
        "type": "Polygon",
        "coordinates": [
          [
            [
              17.94392,
              58.90096
            ],
            [
              17.945520000000002,
              58.90096
            ],
            [
              17.945520000000002,
              58.902559999999994
            ],
            [
              17.94392,
              58.902559999999994
            ],
            [
              17.94392,
              58.90096
            ]
          ]
        ]
      },
      "properties": {
        "id": "fb60-Nynäshamn-9",
        "municipality": "Nynäshamn",
        "type": "flerbostadshus",
        "view": "2060"
      }
    },
    {
      "type": "Feature",
      "geometry": {
        "type": "Polygon",
        "coordinates": [
          [
            [
              17.945679999999996,
              58.90096
            ],
            [
              17.94728,
              58.90096
            ],
            [
              17.94728,
              58.902559999999994
            ],
            [
              17.945679999999996,
              58.902559999999994
            ],
            [
              17.945679999999996,
              58.90096
            ]
          ]
        ]
      },
      "properties": {
        "id": "fb60-Nynäshamn-10",
        "municipality": "Nynäshamn",
        "type": "flerbostadshus",
        "view": "2060"
      }
    },
    {
      "type": "Feature",
      "geometry": {
        "type": "Polygon",
        "coordinates": [
          [
            [
              17.947439999999997,
              58.90096
            ],
            [
              17.94904,
              58.90096
            ],
            [
              17.94904,
              58.902559999999994
            ],
            [
              17.947439999999997,
              58.902559999999994
            ],
            [
              17.947439999999997,
              58.90096
            ]
          ]
        ]
      },
      "properties": {
        "id": "fb60-Nynäshamn-11",
        "municipality": "Nynäshamn",
        "type": "flerbostadshus",
        "view": "2060"
      }
    },
    {
      "type": "Feature",
      "geometry": {
        "type": "Polygon",
        "coordinates": [
          [
            [
              17.762159999999998,
              59.199200000000005
            ],
            [
              17.76376,
              59.199200000000005
            ],
            [
              17.76376,
              59.2008
            ],
            [
              17.762159999999998,
              59.2008
            ],
            [
              17.762159999999998,
              59.199200000000005
            ]
          ]
        ]
      },
      "properties": {
        "id": "fb60-Salem-0",
        "municipality": "Salem",
        "type": "flerbostadshus",
        "view": "2060"
      }
    },
    {
      "type": "Feature",
      "geometry": {
        "type": "Polygon",
        "coordinates": [
          [
            [
              17.76392,
              59.199200000000005
            ],
            [
              17.765520000000002,
              59.199200000000005
            ],
            [
              17.765520000000002,
              59.2008
            ],
            [
              17.76392,
              59.2008
            ],
            [
              17.76392,
              59.199200000000005
            ]
          ]
        ]
      },
      "properties": {
        "id": "fb60-Salem-1",
        "municipality": "Salem",
        "type": "flerbostadshus",
        "view": "2060"
      }
    },
    {
      "type": "Feature",
      "geometry": {
        "type": "Polygon",
        "coordinates": [
          [
            [
              17.765679999999996,
              59.199200000000005
            ],
            [
              17.76728,
              59.199200000000005
            ],
            [
              17.76728,
              59.2008
            ],
            [
              17.765679999999996,
              59.2008
            ],
            [
              17.765679999999996,
              59.199200000000005
            ]
          ]
        ]
      },
      "properties": {
        "id": "fb60-Salem-2",
        "municipality": "Salem",
        "type": "flerbostadshus",
        "view": "2060"
      }
    },
    {
      "type": "Feature",
      "geometry": {
        "type": "Polygon",
        "coordinates": [
          [
            [
              17.767439999999997,
              59.199200000000005
            ],
            [
              17.76904,
              59.199200000000005
            ],
            [
              17.76904,
              59.2008
            ],
            [
              17.767439999999997,
              59.2008
            ],
            [
              17.767439999999997,
              59.199200000000005
            ]
          ]
        ]
      },
      "properties": {
        "id": "fb60-Salem-3",
        "municipality": "Salem",
        "type": "flerbostadshus",
        "view": "2060"
      }
    },
    {
      "type": "Feature",
      "geometry": {
        "type": "Polygon",
        "coordinates": [
          [
            [
              17.769199999999998,
              59.199200000000005
            ],
            [
              17.7708,
              59.199200000000005
            ],
            [
              17.7708,
              59.2008
            ],
            [
              17.769199999999998,
              59.2008
            ],
            [
              17.769199999999998,
              59.199200000000005
            ]
          ]
        ]
      },
      "properties": {
        "id": "fb60-Salem-4",
        "municipality": "Salem",
        "type": "flerbostadshus",
        "view": "2060"
      }
    },
    {
      "type": "Feature",
      "geometry": {
        "type": "Polygon",
        "coordinates": [
          [
            [
              17.77096,
              59.199200000000005
            ],
            [
              17.772560000000002,
              59.199200000000005
            ],
            [
              17.772560000000002,
              59.2008
            ],
            [
              17.77096,
              59.2008
            ],
            [
              17.77096,
              59.199200000000005
            ]
          ]
        ]
      },
      "properties": {
        "id": "fb60-Salem-5",
        "municipality": "Salem",
        "type": "flerbostadshus",
        "view": "2060"
      }
    },
    {
      "type": "Feature",
      "geometry": {
        "type": "Polygon",
        "coordinates": [
          [
            [
              17.712159999999997,
              59.6192
            ],
            [
              17.71376,
              59.6192
            ],
            [
              17.71376,
              59.620799999999996
            ],
            [
              17.712159999999997,
              59.620799999999996
            ],
            [
              17.712159999999997,
              59.6192
            ]
          ]
        ]
      },
      "properties": {
        "id": "fb60-Sigtuna-0",
        "municipality": "Sigtuna",
        "type": "flerbostadshus",
        "view": "2060"
      }
    },
    {
      "type": "Feature",
      "geometry": {
        "type": "Polygon",
        "coordinates": [
          [
            [
              17.713919999999998,
              59.6192
            ],
            [
              17.71552,
              59.6192
            ],
            [
              17.71552,
              59.620799999999996
            ],
            [
              17.713919999999998,
              59.620799999999996
            ],
            [
              17.713919999999998,
              59.6192
            ]
          ]
        ]
      },
      "properties": {
        "id": "fb60-Sigtuna-1",
        "municipality": "Sigtuna",
        "type": "flerbostadshus",
        "view": "2060"
      }
    },
    {
      "type": "Feature",
      "geometry": {
        "type": "Polygon",
        "coordinates": [
          [
            [
              17.715679999999995,
              59.6192
            ],
            [
              17.71728,
              59.6192
            ],
            [
              17.71728,
              59.620799999999996
            ],
            [
              17.715679999999995,
              59.620799999999996
            ],
            [
              17.715679999999995,
              59.6192
            ]
          ]
        ]
      },
      "properties": {
        "id": "fb60-Sigtuna-2",
        "municipality": "Sigtuna",
        "type": "flerbostadshus",
        "view": "2060"
      }
    },
    {
      "type": "Feature",
      "geometry": {
        "type": "Polygon",
        "coordinates": [
          [
            [
              17.717439999999996,
              59.6192
            ],
            [
              17.71904,
              59.6192
            ],
            [
              17.71904,
              59.620799999999996
            ],
            [
              17.717439999999996,
              59.620799999999996
            ],
            [
              17.717439999999996,
              59.6192
            ]
          ]
        ]
      },
      "properties": {
        "id": "fb60-Sigtuna-3",
        "municipality": "Sigtuna",
        "type": "flerbostadshus",
        "view": "2060"
      }
    },
    {
      "type": "Feature",
      "geometry": {
        "type": "Polygon",
        "coordinates": [
          [
            [
              17.719199999999997,
              59.6192
            ],
            [
              17.7208,
              59.6192
            ],
            [
              17.7208,
              59.620799999999996
            ],
            [
              17.719199999999997,
              59.620799999999996
            ],
            [
              17.719199999999997,
              59.6192
            ]
          ]
        ]
      },
      "properties": {
        "id": "fb60-Sigtuna-4",
        "municipality": "Sigtuna",
        "type": "flerbostadshus",
        "view": "2060"
      }
    },
    {
      "type": "Feature",
      "geometry": {
        "type": "Polygon",
        "coordinates": [
          [
            [
              17.720959999999998,
              59.6192
            ],
            [
              17.72256,
              59.6192
            ],
            [
              17.72256,
              59.620799999999996
            ],
            [
              17.720959999999998,
              59.620799999999996
            ],
            [
              17.720959999999998,
              59.6192
            ]
          ]
        ]
      },
      "properties": {
        "id": "fb60-Sigtuna-5",
        "municipality": "Sigtuna",
        "type": "flerbostadshus",
        "view": "2060"
      }
    },
    {
      "type": "Feature",
      "geometry": {
        "type": "Polygon",
        "coordinates": [
          [
            [
              17.72272,
              59.6192
            ],
            [
              17.724320000000002,
              59.6192
            ],
            [
              17.724320000000002,
              59.620799999999996
            ],
            [
              17.72272,
              59.620799999999996
            ],
            [
              17.72272,
              59.6192
            ]
          ]
        ]
      },
      "properties": {
        "id": "fb60-Sigtuna-6",
        "municipality": "Sigtuna",
        "type": "flerbostadshus",
        "view": "2060"
      }
    },
    {
      "type": "Feature",
      "geometry": {
        "type": "Polygon",
        "coordinates": [
          [
            [
              17.724479999999996,
              59.6192
            ],
            [
              17.72608,
              59.6192
            ],
            [
              17.72608,
              59.620799999999996
            ],
            [
              17.724479999999996,
              59.620799999999996
            ],
            [
              17.724479999999996,
              59.6192
            ]
          ]
        ]
      },
      "properties": {
        "id": "fb60-Sigtuna-7",
        "municipality": "Sigtuna",
        "type": "flerbostadshus",
        "view": "2060"
      }
    },
    {
      "type": "Feature",
      "geometry": {
        "type": "Polygon",
        "coordinates": [
          [
            [
              17.712159999999997,
              59.62096
            ],
            [
              17.71376,
              59.62096
            ],
            [
              17.71376,
              59.62255999999999
            ],
            [
              17.712159999999997,
              59.62255999999999
            ],
            [
              17.712159999999997,
              59.62096
            ]
          ]
        ]
      },
      "properties": {
        "id": "fb60-Sigtuna-8",
        "municipality": "Sigtuna",
        "type": "flerbostadshus",
        "view": "2060"
      }
    },
    {
      "type": "Feature",
      "geometry": {
        "type": "Polygon",
        "coordinates": [
          [
            [
              17.713919999999998,
              59.62096
            ],
            [
              17.71552,
              59.62096
            ],
            [
              17.71552,
              59.62255999999999
            ],
            [
              17.713919999999998,
              59.62255999999999
            ],
            [
              17.713919999999998,
              59.62096
            ]
          ]
        ]
      },
      "properties": {
        "id": "fb60-Sigtuna-9",
        "municipality": "Sigtuna",
        "type": "flerbostadshus",
        "view": "2060"
      }
    },
    {
      "type": "Feature",
      "geometry": {
        "type": "Polygon",
        "coordinates": [
          [
            [
              17.715679999999995,
              59.62096
            ],
            [
              17.71728,
              59.62096
            ],
            [
              17.71728,
              59.62255999999999
            ],
            [
              17.715679999999995,
              59.62255999999999
            ],
            [
              17.715679999999995,
              59.62096
            ]
          ]
        ]
      },
      "properties": {
        "id": "fb60-Sigtuna-10",
        "municipality": "Sigtuna",
        "type": "flerbostadshus",
        "view": "2060"
      }
    },
    {
      "type": "Feature",
      "geometry": {
        "type": "Polygon",
        "coordinates": [
          [
            [
              17.717439999999996,
              59.62096
            ],
            [
              17.71904,
              59.62096
            ],
            [
              17.71904,
              59.62255999999999
            ],
            [
              17.717439999999996,
              59.62255999999999
            ],
            [
              17.717439999999996,
              59.62096
            ]
          ]
        ]
      },
      "properties": {
        "id": "fb60-Sigtuna-11",
        "municipality": "Sigtuna",
        "type": "flerbostadshus",
        "view": "2060"
      }
    },
    {
      "type": "Feature",
      "geometry": {
        "type": "Polygon",
        "coordinates": [
          [
            [
              17.719199999999997,
              59.62096
            ],
            [
              17.7208,
              59.62096
            ],
            [
              17.7208,
              59.62255999999999
            ],
            [
              17.719199999999997,
              59.62255999999999
            ],
            [
              17.719199999999997,
              59.62096
            ]
          ]
        ]
      },
      "properties": {
        "id": "fb60-Sigtuna-12",
        "municipality": "Sigtuna",
        "type": "flerbostadshus",
        "view": "2060"
      }
    },
    {
      "type": "Feature",
      "geometry": {
        "type": "Polygon",
        "coordinates": [
          [
            [
              17.720959999999998,
              59.62096
            ],
            [
              17.72256,
              59.62096
            ],
            [
              17.72256,
              59.62255999999999
            ],
            [
              17.720959999999998,
              59.62255999999999
            ],
            [
              17.720959999999998,
              59.62096
            ]
          ]
        ]
      },
      "properties": {
        "id": "fb60-Sigtuna-13",
        "municipality": "Sigtuna",
        "type": "flerbostadshus",
        "view": "2060"
      }
    },
    {
      "type": "Feature",
      "geometry": {
        "type": "Polygon",
        "coordinates": [
          [
            [
              17.72272,
              59.62096
            ],
            [
              17.724320000000002,
              59.62096
            ],
            [
              17.724320000000002,
              59.62255999999999
            ],
            [
              17.72272,
              59.62255999999999
            ],
            [
              17.72272,
              59.62096
            ]
          ]
        ]
      },
      "properties": {
        "id": "fb60-Sigtuna-14",
        "municipality": "Sigtuna",
        "type": "flerbostadshus",
        "view": "2060"
      }
    },
    {
      "type": "Feature",
      "geometry": {
        "type": "Polygon",
        "coordinates": [
          [
            [
              17.724479999999996,
              59.62096
            ],
            [
              17.72608,
              59.62096
            ],
            [
              17.72608,
              59.62255999999999
            ],
            [
              17.724479999999996,
              59.62255999999999
            ],
            [
              17.724479999999996,
              59.62096
            ]
          ]
        ]
      },
      "properties": {
        "id": "fb60-Sigtuna-15",
        "municipality": "Sigtuna",
        "type": "flerbostadshus",
        "view": "2060"
      }
    },
    {
      "type": "Feature",
      "geometry": {
        "type": "Polygon",
        "coordinates": [
          [
            [
              17.712159999999997,
              59.62272
            ],
            [
              17.71376,
              59.62272
            ],
            [
              17.71376,
              59.62432
            ],
            [
              17.712159999999997,
              59.62432
            ],
            [
              17.712159999999997,
              59.62272
            ]
          ]
        ]
      },
      "properties": {
        "id": "fb60-Sigtuna-16",
        "municipality": "Sigtuna",
        "type": "flerbostadshus",
        "view": "2060"
      }
    },
    {
      "type": "Feature",
      "geometry": {
        "type": "Polygon",
        "coordinates": [
          [
            [
              17.713919999999998,
              59.62272
            ],
            [
              17.71552,
              59.62272
            ],
            [
              17.71552,
              59.62432
            ],
            [
              17.713919999999998,
              59.62432
            ],
            [
              17.713919999999998,
              59.62272
            ]
          ]
        ]
      },
      "properties": {
        "id": "fb60-Sigtuna-17",
        "municipality": "Sigtuna",
        "type": "flerbostadshus",
        "view": "2060"
      }
    },
    {
      "type": "Feature",
      "geometry": {
        "type": "Polygon",
        "coordinates": [
          [
            [
              17.715679999999995,
              59.62272
            ],
            [
              17.71728,
              59.62272
            ],
            [
              17.71728,
              59.62432
            ],
            [
              17.715679999999995,
              59.62432
            ],
            [
              17.715679999999995,
              59.62272
            ]
          ]
        ]
      },
      "properties": {
        "id": "fb60-Sigtuna-18",
        "municipality": "Sigtuna",
        "type": "flerbostadshus",
        "view": "2060"
      }
    },
    {
      "type": "Feature",
      "geometry": {
        "type": "Polygon",
        "coordinates": [
          [
            [
              17.717439999999996,
              59.62272
            ],
            [
              17.71904,
              59.62272
            ],
            [
              17.71904,
              59.62432
            ],
            [
              17.717439999999996,
              59.62432
            ],
            [
              17.717439999999996,
              59.62272
            ]
          ]
        ]
      },
      "properties": {
        "id": "fb60-Sigtuna-19",
        "municipality": "Sigtuna",
        "type": "flerbostadshus",
        "view": "2060"
      }
    },
    {
      "type": "Feature",
      "geometry": {
        "type": "Polygon",
        "coordinates": [
          [
            [
              17.719199999999997,
              59.62272
            ],
            [
              17.7208,
              59.62272
            ],
            [
              17.7208,
              59.62432
            ],
            [
              17.719199999999997,
              59.62432
            ],
            [
              17.719199999999997,
              59.62272
            ]
          ]
        ]
      },
      "properties": {
        "id": "fb60-Sigtuna-20",
        "municipality": "Sigtuna",
        "type": "flerbostadshus",
        "view": "2060"
      }
    },
    {
      "type": "Feature",
      "geometry": {
        "type": "Polygon",
        "coordinates": [
          [
            [
              17.720959999999998,
              59.62272
            ],
            [
              17.72256,
              59.62272
            ],
            [
              17.72256,
              59.62432
            ],
            [
              17.720959999999998,
              59.62432
            ],
            [
              17.720959999999998,
              59.62272
            ]
          ]
        ]
      },
      "properties": {
        "id": "fb60-Sigtuna-21",
        "municipality": "Sigtuna",
        "type": "flerbostadshus",
        "view": "2060"
      }
    },
    {
      "type": "Feature",
      "geometry": {
        "type": "Polygon",
        "coordinates": [
          [
            [
              17.72272,
              59.62272
            ],
            [
              17.724320000000002,
              59.62272
            ],
            [
              17.724320000000002,
              59.62432
            ],
            [
              17.72272,
              59.62432
            ],
            [
              17.72272,
              59.62272
            ]
          ]
        ]
      },
      "properties": {
        "id": "fb60-Sigtuna-22",
        "municipality": "Sigtuna",
        "type": "flerbostadshus",
        "view": "2060"
      }
    },
    {
      "type": "Feature",
      "geometry": {
        "type": "Polygon",
        "coordinates": [
          [
            [
              17.724479999999996,
              59.62272
            ],
            [
              17.72608,
              59.62272
            ],
            [
              17.72608,
              59.62432
            ],
            [
              17.724479999999996,
              59.62432
            ],
            [
              17.724479999999996,
              59.62272
            ]
          ]
        ]
      },
      "properties": {
        "id": "fb60-Sigtuna-23",
        "municipality": "Sigtuna",
        "type": "flerbostadshus",
        "view": "2060"
      }
    },
    {
      "type": "Feature",
      "geometry": {
        "type": "Polygon",
        "coordinates": [
          [
            [
              17.942159999999998,
              59.4292
            ],
            [
              17.94376,
              59.4292
            ],
            [
              17.94376,
              59.4308
            ],
            [
              17.942159999999998,
              59.4308
            ],
            [
              17.942159999999998,
              59.4292
            ]
          ]
        ]
      },
      "properties": {
        "id": "fb60-Sollentuna-0",
        "municipality": "Sollentuna",
        "type": "flerbostadshus",
        "view": "2060"
      }
    },
    {
      "type": "Feature",
      "geometry": {
        "type": "Polygon",
        "coordinates": [
          [
            [
              17.94392,
              59.4292
            ],
            [
              17.945520000000002,
              59.4292
            ],
            [
              17.945520000000002,
              59.4308
            ],
            [
              17.94392,
              59.4308
            ],
            [
              17.94392,
              59.4292
            ]
          ]
        ]
      },
      "properties": {
        "id": "fb60-Sollentuna-1",
        "municipality": "Sollentuna",
        "type": "flerbostadshus",
        "view": "2060"
      }
    },
    {
      "type": "Feature",
      "geometry": {
        "type": "Polygon",
        "coordinates": [
          [
            [
              17.945679999999996,
              59.4292
            ],
            [
              17.94728,
              59.4292
            ],
            [
              17.94728,
              59.4308
            ],
            [
              17.945679999999996,
              59.4308
            ],
            [
              17.945679999999996,
              59.4292
            ]
          ]
        ]
      },
      "properties": {
        "id": "fb60-Sollentuna-2",
        "municipality": "Sollentuna",
        "type": "flerbostadshus",
        "view": "2060"
      }
    },
    {
      "type": "Feature",
      "geometry": {
        "type": "Polygon",
        "coordinates": [
          [
            [
              17.947439999999997,
              59.4292
            ],
            [
              17.94904,
              59.4292
            ],
            [
              17.94904,
              59.4308
            ],
            [
              17.947439999999997,
              59.4308
            ],
            [
              17.947439999999997,
              59.4292
            ]
          ]
        ]
      },
      "properties": {
        "id": "fb60-Sollentuna-3",
        "municipality": "Sollentuna",
        "type": "flerbostadshus",
        "view": "2060"
      }
    },
    {
      "type": "Feature",
      "geometry": {
        "type": "Polygon",
        "coordinates": [
          [
            [
              17.949199999999998,
              59.4292
            ],
            [
              17.9508,
              59.4292
            ],
            [
              17.9508,
              59.4308
            ],
            [
              17.949199999999998,
              59.4308
            ],
            [
              17.949199999999998,
              59.4292
            ]
          ]
        ]
      },
      "properties": {
        "id": "fb60-Sollentuna-4",
        "municipality": "Sollentuna",
        "type": "flerbostadshus",
        "view": "2060"
      }
    },
    {
      "type": "Feature",
      "geometry": {
        "type": "Polygon",
        "coordinates": [
          [
            [
              17.95096,
              59.4292
            ],
            [
              17.952560000000002,
              59.4292
            ],
            [
              17.952560000000002,
              59.4308
            ],
            [
              17.95096,
              59.4308
            ],
            [
              17.95096,
              59.4292
            ]
          ]
        ]
      },
      "properties": {
        "id": "fb60-Sollentuna-5",
        "municipality": "Sollentuna",
        "type": "flerbostadshus",
        "view": "2060"
      }
    },
    {
      "type": "Feature",
      "geometry": {
        "type": "Polygon",
        "coordinates": [
          [
            [
              17.95272,
              59.4292
            ],
            [
              17.954320000000003,
              59.4292
            ],
            [
              17.954320000000003,
              59.4308
            ],
            [
              17.95272,
              59.4308
            ],
            [
              17.95272,
              59.4292
            ]
          ]
        ]
      },
      "properties": {
        "id": "fb60-Sollentuna-6",
        "municipality": "Sollentuna",
        "type": "flerbostadshus",
        "view": "2060"
      }
    },
    {
      "type": "Feature",
      "geometry": {
        "type": "Polygon",
        "coordinates": [
          [
            [
              17.954479999999997,
              59.4292
            ],
            [
              17.95608,
              59.4292
            ],
            [
              17.95608,
              59.4308
            ],
            [
              17.954479999999997,
              59.4308
            ],
            [
              17.954479999999997,
              59.4292
            ]
          ]
        ]
      },
      "properties": {
        "id": "fb60-Sollentuna-7",
        "municipality": "Sollentuna",
        "type": "flerbostadshus",
        "view": "2060"
      }
    },
    {
      "type": "Feature",
      "geometry": {
        "type": "Polygon",
        "coordinates": [
          [
            [
              17.942159999999998,
              59.43096
            ],
            [
              17.94376,
              59.43096
            ],
            [
              17.94376,
              59.432559999999995
            ],
            [
              17.942159999999998,
              59.432559999999995
            ],
            [
              17.942159999999998,
              59.43096
            ]
          ]
        ]
      },
      "properties": {
        "id": "fb60-Sollentuna-8",
        "municipality": "Sollentuna",
        "type": "flerbostadshus",
        "view": "2060"
      }
    },
    {
      "type": "Feature",
      "geometry": {
        "type": "Polygon",
        "coordinates": [
          [
            [
              17.94392,
              59.43096
            ],
            [
              17.945520000000002,
              59.43096
            ],
            [
              17.945520000000002,
              59.432559999999995
            ],
            [
              17.94392,
              59.432559999999995
            ],
            [
              17.94392,
              59.43096
            ]
          ]
        ]
      },
      "properties": {
        "id": "fb60-Sollentuna-9",
        "municipality": "Sollentuna",
        "type": "flerbostadshus",
        "view": "2060"
      }
    },
    {
      "type": "Feature",
      "geometry": {
        "type": "Polygon",
        "coordinates": [
          [
            [
              17.945679999999996,
              59.43096
            ],
            [
              17.94728,
              59.43096
            ],
            [
              17.94728,
              59.432559999999995
            ],
            [
              17.945679999999996,
              59.432559999999995
            ],
            [
              17.945679999999996,
              59.43096
            ]
          ]
        ]
      },
      "properties": {
        "id": "fb60-Sollentuna-10",
        "municipality": "Sollentuna",
        "type": "flerbostadshus",
        "view": "2060"
      }
    },
    {
      "type": "Feature",
      "geometry": {
        "type": "Polygon",
        "coordinates": [
          [
            [
              17.947439999999997,
              59.43096
            ],
            [
              17.94904,
              59.43096
            ],
            [
              17.94904,
              59.432559999999995
            ],
            [
              17.947439999999997,
              59.432559999999995
            ],
            [
              17.947439999999997,
              59.43096
            ]
          ]
        ]
      },
      "properties": {
        "id": "fb60-Sollentuna-11",
        "municipality": "Sollentuna",
        "type": "flerbostadshus",
        "view": "2060"
      }
    },
    {
      "type": "Feature",
      "geometry": {
        "type": "Polygon",
        "coordinates": [
          [
            [
              17.949199999999998,
              59.43096
            ],
            [
              17.9508,
              59.43096
            ],
            [
              17.9508,
              59.432559999999995
            ],
            [
              17.949199999999998,
              59.432559999999995
            ],
            [
              17.949199999999998,
              59.43096
            ]
          ]
        ]
      },
      "properties": {
        "id": "fb60-Sollentuna-12",
        "municipality": "Sollentuna",
        "type": "flerbostadshus",
        "view": "2060"
      }
    },
    {
      "type": "Feature",
      "geometry": {
        "type": "Polygon",
        "coordinates": [
          [
            [
              17.95096,
              59.43096
            ],
            [
              17.952560000000002,
              59.43096
            ],
            [
              17.952560000000002,
              59.432559999999995
            ],
            [
              17.95096,
              59.432559999999995
            ],
            [
              17.95096,
              59.43096
            ]
          ]
        ]
      },
      "properties": {
        "id": "fb60-Sollentuna-13",
        "municipality": "Sollentuna",
        "type": "flerbostadshus",
        "view": "2060"
      }
    },
    {
      "type": "Feature",
      "geometry": {
        "type": "Polygon",
        "coordinates": [
          [
            [
              17.95272,
              59.43096
            ],
            [
              17.954320000000003,
              59.43096
            ],
            [
              17.954320000000003,
              59.432559999999995
            ],
            [
              17.95272,
              59.432559999999995
            ],
            [
              17.95272,
              59.43096
            ]
          ]
        ]
      },
      "properties": {
        "id": "fb60-Sollentuna-14",
        "municipality": "Sollentuna",
        "type": "flerbostadshus",
        "view": "2060"
      }
    },
    {
      "type": "Feature",
      "geometry": {
        "type": "Polygon",
        "coordinates": [
          [
            [
              17.954479999999997,
              59.43096
            ],
            [
              17.95608,
              59.43096
            ],
            [
              17.95608,
              59.432559999999995
            ],
            [
              17.954479999999997,
              59.432559999999995
            ],
            [
              17.954479999999997,
              59.43096
            ]
          ]
        ]
      },
      "properties": {
        "id": "fb60-Sollentuna-15",
        "municipality": "Sollentuna",
        "type": "flerbostadshus",
        "view": "2060"
      }
    },
    {
      "type": "Feature",
      "geometry": {
        "type": "Polygon",
        "coordinates": [
          [
            [
              17.942159999999998,
              59.43272
            ],
            [
              17.94376,
              59.43272
            ],
            [
              17.94376,
              59.43432
            ],
            [
              17.942159999999998,
              59.43432
            ],
            [
              17.942159999999998,
              59.43272
            ]
          ]
        ]
      },
      "properties": {
        "id": "fb60-Sollentuna-16",
        "municipality": "Sollentuna",
        "type": "flerbostadshus",
        "view": "2060"
      }
    },
    {
      "type": "Feature",
      "geometry": {
        "type": "Polygon",
        "coordinates": [
          [
            [
              17.94392,
              59.43272
            ],
            [
              17.945520000000002,
              59.43272
            ],
            [
              17.945520000000002,
              59.43432
            ],
            [
              17.94392,
              59.43432
            ],
            [
              17.94392,
              59.43272
            ]
          ]
        ]
      },
      "properties": {
        "id": "fb60-Sollentuna-17",
        "municipality": "Sollentuna",
        "type": "flerbostadshus",
        "view": "2060"
      }
    },
    {
      "type": "Feature",
      "geometry": {
        "type": "Polygon",
        "coordinates": [
          [
            [
              17.945679999999996,
              59.43272
            ],
            [
              17.94728,
              59.43272
            ],
            [
              17.94728,
              59.43432
            ],
            [
              17.945679999999996,
              59.43432
            ],
            [
              17.945679999999996,
              59.43272
            ]
          ]
        ]
      },
      "properties": {
        "id": "fb60-Sollentuna-18",
        "municipality": "Sollentuna",
        "type": "flerbostadshus",
        "view": "2060"
      }
    },
    {
      "type": "Feature",
      "geometry": {
        "type": "Polygon",
        "coordinates": [
          [
            [
              17.947439999999997,
              59.43272
            ],
            [
              17.94904,
              59.43272
            ],
            [
              17.94904,
              59.43432
            ],
            [
              17.947439999999997,
              59.43432
            ],
            [
              17.947439999999997,
              59.43272
            ]
          ]
        ]
      },
      "properties": {
        "id": "fb60-Sollentuna-19",
        "municipality": "Sollentuna",
        "type": "flerbostadshus",
        "view": "2060"
      }
    },
    {
      "type": "Feature",
      "geometry": {
        "type": "Polygon",
        "coordinates": [
          [
            [
              17.949199999999998,
              59.43272
            ],
            [
              17.9508,
              59.43272
            ],
            [
              17.9508,
              59.43432
            ],
            [
              17.949199999999998,
              59.43432
            ],
            [
              17.949199999999998,
              59.43272
            ]
          ]
        ]
      },
      "properties": {
        "id": "fb60-Sollentuna-20",
        "municipality": "Sollentuna",
        "type": "flerbostadshus",
        "view": "2060"
      }
    },
    {
      "type": "Feature",
      "geometry": {
        "type": "Polygon",
        "coordinates": [
          [
            [
              17.95096,
              59.43272
            ],
            [
              17.952560000000002,
              59.43272
            ],
            [
              17.952560000000002,
              59.43432
            ],
            [
              17.95096,
              59.43432
            ],
            [
              17.95096,
              59.43272
            ]
          ]
        ]
      },
      "properties": {
        "id": "fb60-Sollentuna-21",
        "municipality": "Sollentuna",
        "type": "flerbostadshus",
        "view": "2060"
      }
    },
    {
      "type": "Feature",
      "geometry": {
        "type": "Polygon",
        "coordinates": [
          [
            [
              17.95272,
              59.43272
            ],
            [
              17.954320000000003,
              59.43272
            ],
            [
              17.954320000000003,
              59.43432
            ],
            [
              17.95272,
              59.43432
            ],
            [
              17.95272,
              59.43272
            ]
          ]
        ]
      },
      "properties": {
        "id": "fb60-Sollentuna-22",
        "municipality": "Sollentuna",
        "type": "flerbostadshus",
        "view": "2060"
      }
    },
    {
      "type": "Feature",
      "geometry": {
        "type": "Polygon",
        "coordinates": [
          [
            [
              17.954479999999997,
              59.43272
            ],
            [
              17.95608,
              59.43272
            ],
            [
              17.95608,
              59.43432
            ],
            [
              17.954479999999997,
              59.43432
            ],
            [
              17.954479999999997,
              59.43272
            ]
          ]
        ]
      },
      "properties": {
        "id": "fb60-Sollentuna-23",
        "municipality": "Sollentuna",
        "type": "flerbostadshus",
        "view": "2060"
      }
    },
    {
      "type": "Feature",
      "geometry": {
        "type": "Polygon",
        "coordinates": [
          [
            [
              17.942159999999998,
              59.43448
            ],
            [
              17.94376,
              59.43448
            ],
            [
              17.94376,
              59.43608
            ],
            [
              17.942159999999998,
              59.43608
            ],
            [
              17.942159999999998,
              59.43448
            ]
          ]
        ]
      },
      "properties": {
        "id": "fb60-Sollentuna-24",
        "municipality": "Sollentuna",
        "type": "flerbostadshus",
        "view": "2060"
      }
    },
    {
      "type": "Feature",
      "geometry": {
        "type": "Polygon",
        "coordinates": [
          [
            [
              17.94392,
              59.43448
            ],
            [
              17.945520000000002,
              59.43448
            ],
            [
              17.945520000000002,
              59.43608
            ],
            [
              17.94392,
              59.43608
            ],
            [
              17.94392,
              59.43448
            ]
          ]
        ]
      },
      "properties": {
        "id": "fb60-Sollentuna-25",
        "municipality": "Sollentuna",
        "type": "flerbostadshus",
        "view": "2060"
      }
    },
    {
      "type": "Feature",
      "geometry": {
        "type": "Polygon",
        "coordinates": [
          [
            [
              17.945679999999996,
              59.43448
            ],
            [
              17.94728,
              59.43448
            ],
            [
              17.94728,
              59.43608
            ],
            [
              17.945679999999996,
              59.43608
            ],
            [
              17.945679999999996,
              59.43448
            ]
          ]
        ]
      },
      "properties": {
        "id": "fb60-Sollentuna-26",
        "municipality": "Sollentuna",
        "type": "flerbostadshus",
        "view": "2060"
      }
    },
    {
      "type": "Feature",
      "geometry": {
        "type": "Polygon",
        "coordinates": [
          [
            [
              17.947439999999997,
              59.43448
            ],
            [
              17.94904,
              59.43448
            ],
            [
              17.94904,
              59.43608
            ],
            [
              17.947439999999997,
              59.43608
            ],
            [
              17.947439999999997,
              59.43448
            ]
          ]
        ]
      },
      "properties": {
        "id": "fb60-Sollentuna-27",
        "municipality": "Sollentuna",
        "type": "flerbostadshus",
        "view": "2060"
      }
    },
    {
      "type": "Feature",
      "geometry": {
        "type": "Polygon",
        "coordinates": [
          [
            [
              17.949199999999998,
              59.43448
            ],
            [
              17.9508,
              59.43448
            ],
            [
              17.9508,
              59.43608
            ],
            [
              17.949199999999998,
              59.43608
            ],
            [
              17.949199999999998,
              59.43448
            ]
          ]
        ]
      },
      "properties": {
        "id": "fb60-Sollentuna-28",
        "municipality": "Sollentuna",
        "type": "flerbostadshus",
        "view": "2060"
      }
    },
    {
      "type": "Feature",
      "geometry": {
        "type": "Polygon",
        "coordinates": [
          [
            [
              17.95096,
              59.43448
            ],
            [
              17.952560000000002,
              59.43448
            ],
            [
              17.952560000000002,
              59.43608
            ],
            [
              17.95096,
              59.43608
            ],
            [
              17.95096,
              59.43448
            ]
          ]
        ]
      },
      "properties": {
        "id": "fb60-Sollentuna-29",
        "municipality": "Sollentuna",
        "type": "flerbostadshus",
        "view": "2060"
      }
    },
    {
      "type": "Feature",
      "geometry": {
        "type": "Polygon",
        "coordinates": [
          [
            [
              17.95272,
              59.43448
            ],
            [
              17.954320000000003,
              59.43448
            ],
            [
              17.954320000000003,
              59.43608
            ],
            [
              17.95272,
              59.43608
            ],
            [
              17.95272,
              59.43448
            ]
          ]
        ]
      },
      "properties": {
        "id": "fb60-Sollentuna-30",
        "municipality": "Sollentuna",
        "type": "flerbostadshus",
        "view": "2060"
      }
    },
    {
      "type": "Feature",
      "geometry": {
        "type": "Polygon",
        "coordinates": [
          [
            [
              17.954479999999997,
              59.43448
            ],
            [
              17.95608,
              59.43448
            ],
            [
              17.95608,
              59.43608
            ],
            [
              17.954479999999997,
              59.43608
            ],
            [
              17.954479999999997,
              59.43448
            ]
          ]
        ]
      },
      "properties": {
        "id": "fb60-Sollentuna-31",
        "municipality": "Sollentuna",
        "type": "flerbostadshus",
        "view": "2060"
      }
    },
    {
      "type": "Feature",
      "geometry": {
        "type": "Polygon",
        "coordinates": [
          [
            [
              17.942159999999998,
              59.436240000000005
            ],
            [
              17.94376,
              59.436240000000005
            ],
            [
              17.94376,
              59.43784
            ],
            [
              17.942159999999998,
              59.43784
            ],
            [
              17.942159999999998,
              59.436240000000005
            ]
          ]
        ]
      },
      "properties": {
        "id": "fb60-Sollentuna-32",
        "municipality": "Sollentuna",
        "type": "flerbostadshus",
        "view": "2060"
      }
    },
    {
      "type": "Feature",
      "geometry": {
        "type": "Polygon",
        "coordinates": [
          [
            [
              17.94392,
              59.436240000000005
            ],
            [
              17.945520000000002,
              59.436240000000005
            ],
            [
              17.945520000000002,
              59.43784
            ],
            [
              17.94392,
              59.43784
            ],
            [
              17.94392,
              59.436240000000005
            ]
          ]
        ]
      },
      "properties": {
        "id": "fb60-Sollentuna-33",
        "municipality": "Sollentuna",
        "type": "flerbostadshus",
        "view": "2060"
      }
    },
    {
      "type": "Feature",
      "geometry": {
        "type": "Polygon",
        "coordinates": [
          [
            [
              17.99216,
              59.3592
            ],
            [
              17.99376,
              59.3592
            ],
            [
              17.99376,
              59.3608
            ],
            [
              17.99216,
              59.3608
            ],
            [
              17.99216,
              59.3592
            ]
          ]
        ]
      },
      "properties": {
        "id": "fb60-Solna-0",
        "municipality": "Solna",
        "type": "flerbostadshus",
        "view": "2060"
      }
    },
    {
      "type": "Feature",
      "geometry": {
        "type": "Polygon",
        "coordinates": [
          [
            [
              17.99392,
              59.3592
            ],
            [
              17.995520000000003,
              59.3592
            ],
            [
              17.995520000000003,
              59.3608
            ],
            [
              17.99392,
              59.3608
            ],
            [
              17.99392,
              59.3592
            ]
          ]
        ]
      },
      "properties": {
        "id": "fb60-Solna-1",
        "municipality": "Solna",
        "type": "flerbostadshus",
        "view": "2060"
      }
    },
    {
      "type": "Feature",
      "geometry": {
        "type": "Polygon",
        "coordinates": [
          [
            [
              17.995679999999997,
              59.3592
            ],
            [
              17.99728,
              59.3592
            ],
            [
              17.99728,
              59.3608
            ],
            [
              17.995679999999997,
              59.3608
            ],
            [
              17.995679999999997,
              59.3592
            ]
          ]
        ]
      },
      "properties": {
        "id": "fb60-Solna-2",
        "municipality": "Solna",
        "type": "flerbostadshus",
        "view": "2060"
      }
    },
    {
      "type": "Feature",
      "geometry": {
        "type": "Polygon",
        "coordinates": [
          [
            [
              17.997439999999997,
              59.3592
            ],
            [
              17.99904,
              59.3592
            ],
            [
              17.99904,
              59.3608
            ],
            [
              17.997439999999997,
              59.3608
            ],
            [
              17.997439999999997,
              59.3592
            ]
          ]
        ]
      },
      "properties": {
        "id": "fb60-Solna-3",
        "municipality": "Solna",
        "type": "flerbostadshus",
        "view": "2060"
      }
    },
    {
      "type": "Feature",
      "geometry": {
        "type": "Polygon",
        "coordinates": [
          [
            [
              17.9992,
              59.3592
            ],
            [
              18.0008,
              59.3592
            ],
            [
              18.0008,
              59.3608
            ],
            [
              17.9992,
              59.3608
            ],
            [
              17.9992,
              59.3592
            ]
          ]
        ]
      },
      "properties": {
        "id": "fb60-Solna-4",
        "municipality": "Solna",
        "type": "flerbostadshus",
        "view": "2060"
      }
    },
    {
      "type": "Feature",
      "geometry": {
        "type": "Polygon",
        "coordinates": [
          [
            [
              18.00096,
              59.3592
            ],
            [
              18.002560000000003,
              59.3592
            ],
            [
              18.002560000000003,
              59.3608
            ],
            [
              18.00096,
              59.3608
            ],
            [
              18.00096,
              59.3592
            ]
          ]
        ]
      },
      "properties": {
        "id": "fb60-Solna-5",
        "municipality": "Solna",
        "type": "flerbostadshus",
        "view": "2060"
      }
    },
    {
      "type": "Feature",
      "geometry": {
        "type": "Polygon",
        "coordinates": [
          [
            [
              18.00272,
              59.3592
            ],
            [
              18.004320000000003,
              59.3592
            ],
            [
              18.004320000000003,
              59.3608
            ],
            [
              18.00272,
              59.3608
            ],
            [
              18.00272,
              59.3592
            ]
          ]
        ]
      },
      "properties": {
        "id": "fb60-Solna-6",
        "municipality": "Solna",
        "type": "flerbostadshus",
        "view": "2060"
      }
    },
    {
      "type": "Feature",
      "geometry": {
        "type": "Polygon",
        "coordinates": [
          [
            [
              18.004479999999997,
              59.3592
            ],
            [
              18.00608,
              59.3592
            ],
            [
              18.00608,
              59.3608
            ],
            [
              18.004479999999997,
              59.3608
            ],
            [
              18.004479999999997,
              59.3592
            ]
          ]
        ]
      },
      "properties": {
        "id": "fb60-Solna-7",
        "municipality": "Solna",
        "type": "flerbostadshus",
        "view": "2060"
      }
    },
    {
      "type": "Feature",
      "geometry": {
        "type": "Polygon",
        "coordinates": [
          [
            [
              17.99216,
              59.36096
            ],
            [
              17.99376,
              59.36096
            ],
            [
              17.99376,
              59.362559999999995
            ],
            [
              17.99216,
              59.362559999999995
            ],
            [
              17.99216,
              59.36096
            ]
          ]
        ]
      },
      "properties": {
        "id": "fb60-Solna-8",
        "municipality": "Solna",
        "type": "flerbostadshus",
        "view": "2060"
      }
    },
    {
      "type": "Feature",
      "geometry": {
        "type": "Polygon",
        "coordinates": [
          [
            [
              17.99392,
              59.36096
            ],
            [
              17.995520000000003,
              59.36096
            ],
            [
              17.995520000000003,
              59.362559999999995
            ],
            [
              17.99392,
              59.362559999999995
            ],
            [
              17.99392,
              59.36096
            ]
          ]
        ]
      },
      "properties": {
        "id": "fb60-Solna-9",
        "municipality": "Solna",
        "type": "flerbostadshus",
        "view": "2060"
      }
    },
    {
      "type": "Feature",
      "geometry": {
        "type": "Polygon",
        "coordinates": [
          [
            [
              17.995679999999997,
              59.36096
            ],
            [
              17.99728,
              59.36096
            ],
            [
              17.99728,
              59.362559999999995
            ],
            [
              17.995679999999997,
              59.362559999999995
            ],
            [
              17.995679999999997,
              59.36096
            ]
          ]
        ]
      },
      "properties": {
        "id": "fb60-Solna-10",
        "municipality": "Solna",
        "type": "flerbostadshus",
        "view": "2060"
      }
    },
    {
      "type": "Feature",
      "geometry": {
        "type": "Polygon",
        "coordinates": [
          [
            [
              17.997439999999997,
              59.36096
            ],
            [
              17.99904,
              59.36096
            ],
            [
              17.99904,
              59.362559999999995
            ],
            [
              17.997439999999997,
              59.362559999999995
            ],
            [
              17.997439999999997,
              59.36096
            ]
          ]
        ]
      },
      "properties": {
        "id": "fb60-Solna-11",
        "municipality": "Solna",
        "type": "flerbostadshus",
        "view": "2060"
      }
    },
    {
      "type": "Feature",
      "geometry": {
        "type": "Polygon",
        "coordinates": [
          [
            [
              17.9992,
              59.36096
            ],
            [
              18.0008,
              59.36096
            ],
            [
              18.0008,
              59.362559999999995
            ],
            [
              17.9992,
              59.362559999999995
            ],
            [
              17.9992,
              59.36096
            ]
          ]
        ]
      },
      "properties": {
        "id": "fb60-Solna-12",
        "municipality": "Solna",
        "type": "flerbostadshus",
        "view": "2060"
      }
    },
    {
      "type": "Feature",
      "geometry": {
        "type": "Polygon",
        "coordinates": [
          [
            [
              18.00096,
              59.36096
            ],
            [
              18.002560000000003,
              59.36096
            ],
            [
              18.002560000000003,
              59.362559999999995
            ],
            [
              18.00096,
              59.362559999999995
            ],
            [
              18.00096,
              59.36096
            ]
          ]
        ]
      },
      "properties": {
        "id": "fb60-Solna-13",
        "municipality": "Solna",
        "type": "flerbostadshus",
        "view": "2060"
      }
    },
    {
      "type": "Feature",
      "geometry": {
        "type": "Polygon",
        "coordinates": [
          [
            [
              18.00272,
              59.36096
            ],
            [
              18.004320000000003,
              59.36096
            ],
            [
              18.004320000000003,
              59.362559999999995
            ],
            [
              18.00272,
              59.362559999999995
            ],
            [
              18.00272,
              59.36096
            ]
          ]
        ]
      },
      "properties": {
        "id": "fb60-Solna-14",
        "municipality": "Solna",
        "type": "flerbostadshus",
        "view": "2060"
      }
    },
    {
      "type": "Feature",
      "geometry": {
        "type": "Polygon",
        "coordinates": [
          [
            [
              18.004479999999997,
              59.36096
            ],
            [
              18.00608,
              59.36096
            ],
            [
              18.00608,
              59.362559999999995
            ],
            [
              18.004479999999997,
              59.362559999999995
            ],
            [
              18.004479999999997,
              59.36096
            ]
          ]
        ]
      },
      "properties": {
        "id": "fb60-Solna-15",
        "municipality": "Solna",
        "type": "flerbostadshus",
        "view": "2060"
      }
    },
    {
      "type": "Feature",
      "geometry": {
        "type": "Polygon",
        "coordinates": [
          [
            [
              17.99216,
              59.36272
            ],
            [
              17.99376,
              59.36272
            ],
            [
              17.99376,
              59.36432
            ],
            [
              17.99216,
              59.36432
            ],
            [
              17.99216,
              59.36272
            ]
          ]
        ]
      },
      "properties": {
        "id": "fb60-Solna-16",
        "municipality": "Solna",
        "type": "flerbostadshus",
        "view": "2060"
      }
    },
    {
      "type": "Feature",
      "geometry": {
        "type": "Polygon",
        "coordinates": [
          [
            [
              17.99392,
              59.36272
            ],
            [
              17.995520000000003,
              59.36272
            ],
            [
              17.995520000000003,
              59.36432
            ],
            [
              17.99392,
              59.36432
            ],
            [
              17.99392,
              59.36272
            ]
          ]
        ]
      },
      "properties": {
        "id": "fb60-Solna-17",
        "municipality": "Solna",
        "type": "flerbostadshus",
        "view": "2060"
      }
    },
    {
      "type": "Feature",
      "geometry": {
        "type": "Polygon",
        "coordinates": [
          [
            [
              17.995679999999997,
              59.36272
            ],
            [
              17.99728,
              59.36272
            ],
            [
              17.99728,
              59.36432
            ],
            [
              17.995679999999997,
              59.36432
            ],
            [
              17.995679999999997,
              59.36272
            ]
          ]
        ]
      },
      "properties": {
        "id": "fb60-Solna-18",
        "municipality": "Solna",
        "type": "flerbostadshus",
        "view": "2060"
      }
    },
    {
      "type": "Feature",
      "geometry": {
        "type": "Polygon",
        "coordinates": [
          [
            [
              17.997439999999997,
              59.36272
            ],
            [
              17.99904,
              59.36272
            ],
            [
              17.99904,
              59.36432
            ],
            [
              17.997439999999997,
              59.36432
            ],
            [
              17.997439999999997,
              59.36272
            ]
          ]
        ]
      },
      "properties": {
        "id": "fb60-Solna-19",
        "municipality": "Solna",
        "type": "flerbostadshus",
        "view": "2060"
      }
    },
    {
      "type": "Feature",
      "geometry": {
        "type": "Polygon",
        "coordinates": [
          [
            [
              17.9992,
              59.36272
            ],
            [
              18.0008,
              59.36272
            ],
            [
              18.0008,
              59.36432
            ],
            [
              17.9992,
              59.36432
            ],
            [
              17.9992,
              59.36272
            ]
          ]
        ]
      },
      "properties": {
        "id": "fb60-Solna-20",
        "municipality": "Solna",
        "type": "flerbostadshus",
        "view": "2060"
      }
    },
    {
      "type": "Feature",
      "geometry": {
        "type": "Polygon",
        "coordinates": [
          [
            [
              18.00096,
              59.36272
            ],
            [
              18.002560000000003,
              59.36272
            ],
            [
              18.002560000000003,
              59.36432
            ],
            [
              18.00096,
              59.36432
            ],
            [
              18.00096,
              59.36272
            ]
          ]
        ]
      },
      "properties": {
        "id": "fb60-Solna-21",
        "municipality": "Solna",
        "type": "flerbostadshus",
        "view": "2060"
      }
    },
    {
      "type": "Feature",
      "geometry": {
        "type": "Polygon",
        "coordinates": [
          [
            [
              18.00272,
              59.36272
            ],
            [
              18.004320000000003,
              59.36272
            ],
            [
              18.004320000000003,
              59.36432
            ],
            [
              18.00272,
              59.36432
            ],
            [
              18.00272,
              59.36272
            ]
          ]
        ]
      },
      "properties": {
        "id": "fb60-Solna-22",
        "municipality": "Solna",
        "type": "flerbostadshus",
        "view": "2060"
      }
    },
    {
      "type": "Feature",
      "geometry": {
        "type": "Polygon",
        "coordinates": [
          [
            [
              18.004479999999997,
              59.36272
            ],
            [
              18.00608,
              59.36272
            ],
            [
              18.00608,
              59.36432
            ],
            [
              18.004479999999997,
              59.36432
            ],
            [
              18.004479999999997,
              59.36272
            ]
          ]
        ]
      },
      "properties": {
        "id": "fb60-Solna-23",
        "municipality": "Solna",
        "type": "flerbostadshus",
        "view": "2060"
      }
    },
    {
      "type": "Feature",
      "geometry": {
        "type": "Polygon",
        "coordinates": [
          [
            [
              17.99216,
              59.36448
            ],
            [
              17.99376,
              59.36448
            ],
            [
              17.99376,
              59.36608
            ],
            [
              17.99216,
              59.36608
            ],
            [
              17.99216,
              59.36448
            ]
          ]
        ]
      },
      "properties": {
        "id": "fb60-Solna-24",
        "municipality": "Solna",
        "type": "flerbostadshus",
        "view": "2060"
      }
    },
    {
      "type": "Feature",
      "geometry": {
        "type": "Polygon",
        "coordinates": [
          [
            [
              17.99392,
              59.36448
            ],
            [
              17.995520000000003,
              59.36448
            ],
            [
              17.995520000000003,
              59.36608
            ],
            [
              17.99392,
              59.36608
            ],
            [
              17.99392,
              59.36448
            ]
          ]
        ]
      },
      "properties": {
        "id": "fb60-Solna-25",
        "municipality": "Solna",
        "type": "flerbostadshus",
        "view": "2060"
      }
    },
    {
      "type": "Feature",
      "geometry": {
        "type": "Polygon",
        "coordinates": [
          [
            [
              17.995679999999997,
              59.36448
            ],
            [
              17.99728,
              59.36448
            ],
            [
              17.99728,
              59.36608
            ],
            [
              17.995679999999997,
              59.36608
            ],
            [
              17.995679999999997,
              59.36448
            ]
          ]
        ]
      },
      "properties": {
        "id": "fb60-Solna-26",
        "municipality": "Solna",
        "type": "flerbostadshus",
        "view": "2060"
      }
    },
    {
      "type": "Feature",
      "geometry": {
        "type": "Polygon",
        "coordinates": [
          [
            [
              17.997439999999997,
              59.36448
            ],
            [
              17.99904,
              59.36448
            ],
            [
              17.99904,
              59.36608
            ],
            [
              17.997439999999997,
              59.36608
            ],
            [
              17.997439999999997,
              59.36448
            ]
          ]
        ]
      },
      "properties": {
        "id": "fb60-Solna-27",
        "municipality": "Solna",
        "type": "flerbostadshus",
        "view": "2060"
      }
    },
    {
      "type": "Feature",
      "geometry": {
        "type": "Polygon",
        "coordinates": [
          [
            [
              17.9992,
              59.36448
            ],
            [
              18.0008,
              59.36448
            ],
            [
              18.0008,
              59.36608
            ],
            [
              17.9992,
              59.36608
            ],
            [
              17.9992,
              59.36448
            ]
          ]
        ]
      },
      "properties": {
        "id": "fb60-Solna-28",
        "municipality": "Solna",
        "type": "flerbostadshus",
        "view": "2060"
      }
    },
    {
      "type": "Feature",
      "geometry": {
        "type": "Polygon",
        "coordinates": [
          [
            [
              18.00096,
              59.36448
            ],
            [
              18.002560000000003,
              59.36448
            ],
            [
              18.002560000000003,
              59.36608
            ],
            [
              18.00096,
              59.36608
            ],
            [
              18.00096,
              59.36448
            ]
          ]
        ]
      },
      "properties": {
        "id": "fb60-Solna-29",
        "municipality": "Solna",
        "type": "flerbostadshus",
        "view": "2060"
      }
    },
    {
      "type": "Feature",
      "geometry": {
        "type": "Polygon",
        "coordinates": [
          [
            [
              18.00272,
              59.36448
            ],
            [
              18.004320000000003,
              59.36448
            ],
            [
              18.004320000000003,
              59.36608
            ],
            [
              18.00272,
              59.36608
            ],
            [
              18.00272,
              59.36448
            ]
          ]
        ]
      },
      "properties": {
        "id": "fb60-Solna-30",
        "municipality": "Solna",
        "type": "flerbostadshus",
        "view": "2060"
      }
    },
    {
      "type": "Feature",
      "geometry": {
        "type": "Polygon",
        "coordinates": [
          [
            [
              18.004479999999997,
              59.36448
            ],
            [
              18.00608,
              59.36448
            ],
            [
              18.00608,
              59.36608
            ],
            [
              18.004479999999997,
              59.36608
            ],
            [
              18.004479999999997,
              59.36448
            ]
          ]
        ]
      },
      "properties": {
        "id": "fb60-Solna-31",
        "municipality": "Solna",
        "type": "flerbostadshus",
        "view": "2060"
      }
    },
    {
      "type": "Feature",
      "geometry": {
        "type": "Polygon",
        "coordinates": [
          [
            [
              17.99216,
              59.366240000000005
            ],
            [
              17.99376,
              59.366240000000005
            ],
            [
              17.99376,
              59.36784
            ],
            [
              17.99216,
              59.36784
            ],
            [
              17.99216,
              59.366240000000005
            ]
          ]
        ]
      },
      "properties": {
        "id": "fb60-Solna-32",
        "municipality": "Solna",
        "type": "flerbostadshus",
        "view": "2060"
      }
    },
    {
      "type": "Feature",
      "geometry": {
        "type": "Polygon",
        "coordinates": [
          [
            [
              17.99392,
              59.366240000000005
            ],
            [
              17.995520000000003,
              59.366240000000005
            ],
            [
              17.995520000000003,
              59.36784
            ],
            [
              17.99392,
              59.36784
            ],
            [
              17.99392,
              59.366240000000005
            ]
          ]
        ]
      },
      "properties": {
        "id": "fb60-Solna-33",
        "municipality": "Solna",
        "type": "flerbostadshus",
        "view": "2060"
      }
    },
    {
      "type": "Feature",
      "geometry": {
        "type": "Polygon",
        "coordinates": [
          [
            [
              17.995679999999997,
              59.366240000000005
            ],
            [
              17.99728,
              59.366240000000005
            ],
            [
              17.99728,
              59.36784
            ],
            [
              17.995679999999997,
              59.36784
            ],
            [
              17.995679999999997,
              59.366240000000005
            ]
          ]
        ]
      },
      "properties": {
        "id": "fb60-Solna-34",
        "municipality": "Solna",
        "type": "flerbostadshus",
        "view": "2060"
      }
    },
    {
      "type": "Feature",
      "geometry": {
        "type": "Polygon",
        "coordinates": [
          [
            [
              17.997439999999997,
              59.366240000000005
            ],
            [
              17.99904,
              59.366240000000005
            ],
            [
              17.99904,
              59.36784
            ],
            [
              17.997439999999997,
              59.36784
            ],
            [
              17.997439999999997,
              59.366240000000005
            ]
          ]
        ]
      },
      "properties": {
        "id": "fb60-Solna-35",
        "municipality": "Solna",
        "type": "flerbostadshus",
        "view": "2060"
      }
    },
    {
      "type": "Feature",
      "geometry": {
        "type": "Polygon",
        "coordinates": [
          [
            [
              17.9992,
              59.366240000000005
            ],
            [
              18.0008,
              59.366240000000005
            ],
            [
              18.0008,
              59.36784
            ],
            [
              17.9992,
              59.36784
            ],
            [
              17.9992,
              59.366240000000005
            ]
          ]
        ]
      },
      "properties": {
        "id": "fb60-Solna-36",
        "municipality": "Solna",
        "type": "flerbostadshus",
        "view": "2060"
      }
    },
    {
      "type": "Feature",
      "geometry": {
        "type": "Polygon",
        "coordinates": [
          [
            [
              18.00096,
              59.366240000000005
            ],
            [
              18.002560000000003,
              59.366240000000005
            ],
            [
              18.002560000000003,
              59.36784
            ],
            [
              18.00096,
              59.36784
            ],
            [
              18.00096,
              59.366240000000005
            ]
          ]
        ]
      },
      "properties": {
        "id": "fb60-Solna-37",
        "municipality": "Solna",
        "type": "flerbostadshus",
        "view": "2060"
      }
    },
    {
      "type": "Feature",
      "geometry": {
        "type": "Polygon",
        "coordinates": [
          [
            [
              18.00272,
              59.366240000000005
            ],
            [
              18.004320000000003,
              59.366240000000005
            ],
            [
              18.004320000000003,
              59.36784
            ],
            [
              18.00272,
              59.36784
            ],
            [
              18.00272,
              59.366240000000005
            ]
          ]
        ]
      },
      "properties": {
        "id": "fb60-Solna-38",
        "municipality": "Solna",
        "type": "flerbostadshus",
        "view": "2060"
      }
    },
    {
      "type": "Feature",
      "geometry": {
        "type": "Polygon",
        "coordinates": [
          [
            [
              18.004479999999997,
              59.366240000000005
            ],
            [
              18.00608,
              59.366240000000005
            ],
            [
              18.00608,
              59.36784
            ],
            [
              18.004479999999997,
              59.36784
            ],
            [
              18.004479999999997,
              59.366240000000005
            ]
          ]
        ]
      },
      "properties": {
        "id": "fb60-Solna-39",
        "municipality": "Solna",
        "type": "flerbostadshus",
        "view": "2060"
      }
    },
    {
      "type": "Feature",
      "geometry": {
        "type": "Polygon",
        "coordinates": [
          [
            [
              17.99216,
              59.368
            ],
            [
              17.99376,
              59.368
            ],
            [
              17.99376,
              59.3696
            ],
            [
              17.99216,
              59.3696
            ],
            [
              17.99216,
              59.368
            ]
          ]
        ]
      },
      "properties": {
        "id": "fb60-Solna-40",
        "municipality": "Solna",
        "type": "flerbostadshus",
        "view": "2060"
      }
    },
    {
      "type": "Feature",
      "geometry": {
        "type": "Polygon",
        "coordinates": [
          [
            [
              17.99392,
              59.368
            ],
            [
              17.995520000000003,
              59.368
            ],
            [
              17.995520000000003,
              59.3696
            ],
            [
              17.99392,
              59.3696
            ],
            [
              17.99392,
              59.368
            ]
          ]
        ]
      },
      "properties": {
        "id": "fb60-Solna-41",
        "municipality": "Solna",
        "type": "flerbostadshus",
        "view": "2060"
      }
    },
    {
      "type": "Feature",
      "geometry": {
        "type": "Polygon",
        "coordinates": [
          [
            [
              17.995679999999997,
              59.368
            ],
            [
              17.99728,
              59.368
            ],
            [
              17.99728,
              59.3696
            ],
            [
              17.995679999999997,
              59.3696
            ],
            [
              17.995679999999997,
              59.368
            ]
          ]
        ]
      },
      "properties": {
        "id": "fb60-Solna-42",
        "municipality": "Solna",
        "type": "flerbostadshus",
        "view": "2060"
      }
    },
    {
      "type": "Feature",
      "geometry": {
        "type": "Polygon",
        "coordinates": [
          [
            [
              17.997439999999997,
              59.368
            ],
            [
              17.99904,
              59.368
            ],
            [
              17.99904,
              59.3696
            ],
            [
              17.997439999999997,
              59.3696
            ],
            [
              17.997439999999997,
              59.368
            ]
          ]
        ]
      },
      "properties": {
        "id": "fb60-Solna-43",
        "municipality": "Solna",
        "type": "flerbostadshus",
        "view": "2060"
      }
    },
    {
      "type": "Feature",
      "geometry": {
        "type": "Polygon",
        "coordinates": [
          [
            [
              17.9992,
              59.368
            ],
            [
              18.0008,
              59.368
            ],
            [
              18.0008,
              59.3696
            ],
            [
              17.9992,
              59.3696
            ],
            [
              17.9992,
              59.368
            ]
          ]
        ]
      },
      "properties": {
        "id": "fb60-Solna-44",
        "municipality": "Solna",
        "type": "flerbostadshus",
        "view": "2060"
      }
    },
    {
      "type": "Feature",
      "geometry": {
        "type": "Polygon",
        "coordinates": [
          [
            [
              18.00096,
              59.368
            ],
            [
              18.002560000000003,
              59.368
            ],
            [
              18.002560000000003,
              59.3696
            ],
            [
              18.00096,
              59.3696
            ],
            [
              18.00096,
              59.368
            ]
          ]
        ]
      },
      "properties": {
        "id": "fb60-Solna-45",
        "municipality": "Solna",
        "type": "flerbostadshus",
        "view": "2060"
      }
    },
    {
      "type": "Feature",
      "geometry": {
        "type": "Polygon",
        "coordinates": [
          [
            [
              18.00272,
              59.368
            ],
            [
              18.004320000000003,
              59.368
            ],
            [
              18.004320000000003,
              59.3696
            ],
            [
              18.00272,
              59.3696
            ],
            [
              18.00272,
              59.368
            ]
          ]
        ]
      },
      "properties": {
        "id": "fb60-Solna-46",
        "municipality": "Solna",
        "type": "flerbostadshus",
        "view": "2060"
      }
    },
    {
      "type": "Feature",
      "geometry": {
        "type": "Polygon",
        "coordinates": [
          [
            [
              18.004479999999997,
              59.368
            ],
            [
              18.00608,
              59.368
            ],
            [
              18.00608,
              59.3696
            ],
            [
              18.004479999999997,
              59.3696
            ],
            [
              18.004479999999997,
              59.368
            ]
          ]
        ]
      },
      "properties": {
        "id": "fb60-Solna-47",
        "municipality": "Solna",
        "type": "flerbostadshus",
        "view": "2060"
      }
    },
    {
      "type": "Feature",
      "geometry": {
        "type": "Polygon",
        "coordinates": [
          [
            [
              17.99216,
              59.36976
            ],
            [
              17.99376,
              59.36976
            ],
            [
              17.99376,
              59.371359999999996
            ],
            [
              17.99216,
              59.371359999999996
            ],
            [
              17.99216,
              59.36976
            ]
          ]
        ]
      },
      "properties": {
        "id": "fb60-Solna-48",
        "municipality": "Solna",
        "type": "flerbostadshus",
        "view": "2060"
      }
    },
    {
      "type": "Feature",
      "geometry": {
        "type": "Polygon",
        "coordinates": [
          [
            [
              17.99392,
              59.36976
            ],
            [
              17.995520000000003,
              59.36976
            ],
            [
              17.995520000000003,
              59.371359999999996
            ],
            [
              17.99392,
              59.371359999999996
            ],
            [
              17.99392,
              59.36976
            ]
          ]
        ]
      },
      "properties": {
        "id": "fb60-Solna-49",
        "municipality": "Solna",
        "type": "flerbostadshus",
        "view": "2060"
      }
    },
    {
      "type": "Feature",
      "geometry": {
        "type": "Polygon",
        "coordinates": [
          [
            [
              17.995679999999997,
              59.36976
            ],
            [
              17.99728,
              59.36976
            ],
            [
              17.99728,
              59.371359999999996
            ],
            [
              17.995679999999997,
              59.371359999999996
            ],
            [
              17.995679999999997,
              59.36976
            ]
          ]
        ]
      },
      "properties": {
        "id": "fb60-Solna-50",
        "municipality": "Solna",
        "type": "flerbostadshus",
        "view": "2060"
      }
    },
    {
      "type": "Feature",
      "geometry": {
        "type": "Polygon",
        "coordinates": [
          [
            [
              17.997439999999997,
              59.36976
            ],
            [
              17.99904,
              59.36976
            ],
            [
              17.99904,
              59.371359999999996
            ],
            [
              17.997439999999997,
              59.371359999999996
            ],
            [
              17.997439999999997,
              59.36976
            ]
          ]
        ]
      },
      "properties": {
        "id": "fb60-Solna-51",
        "municipality": "Solna",
        "type": "flerbostadshus",
        "view": "2060"
      }
    },
    {
      "type": "Feature",
      "geometry": {
        "type": "Polygon",
        "coordinates": [
          [
            [
              17.9992,
              59.36976
            ],
            [
              18.0008,
              59.36976
            ],
            [
              18.0008,
              59.371359999999996
            ],
            [
              17.9992,
              59.371359999999996
            ],
            [
              17.9992,
              59.36976
            ]
          ]
        ]
      },
      "properties": {
        "id": "fb60-Solna-52",
        "municipality": "Solna",
        "type": "flerbostadshus",
        "view": "2060"
      }
    },
    {
      "type": "Feature",
      "geometry": {
        "type": "Polygon",
        "coordinates": [
          [
            [
              18.00096,
              59.36976
            ],
            [
              18.002560000000003,
              59.36976
            ],
            [
              18.002560000000003,
              59.371359999999996
            ],
            [
              18.00096,
              59.371359999999996
            ],
            [
              18.00096,
              59.36976
            ]
          ]
        ]
      },
      "properties": {
        "id": "fb60-Solna-53",
        "municipality": "Solna",
        "type": "flerbostadshus",
        "view": "2060"
      }
    },
    {
      "type": "Feature",
      "geometry": {
        "type": "Polygon",
        "coordinates": [
          [
            [
              18.00272,
              59.36976
            ],
            [
              18.004320000000003,
              59.36976
            ],
            [
              18.004320000000003,
              59.371359999999996
            ],
            [
              18.00272,
              59.371359999999996
            ],
            [
              18.00272,
              59.36976
            ]
          ]
        ]
      },
      "properties": {
        "id": "fb60-Solna-54",
        "municipality": "Solna",
        "type": "flerbostadshus",
        "view": "2060"
      }
    },
    {
      "type": "Feature",
      "geometry": {
        "type": "Polygon",
        "coordinates": [
          [
            [
              18.004479999999997,
              59.36976
            ],
            [
              18.00608,
              59.36976
            ],
            [
              18.00608,
              59.371359999999996
            ],
            [
              18.004479999999997,
              59.371359999999996
            ],
            [
              18.004479999999997,
              59.36976
            ]
          ]
        ]
      },
      "properties": {
        "id": "fb60-Solna-55",
        "municipality": "Solna",
        "type": "flerbostadshus",
        "view": "2060"
      }
    },
    {
      "type": "Feature",
      "geometry": {
        "type": "Polygon",
        "coordinates": [
          [
            [
              17.99216,
              59.371520000000004
            ],
            [
              17.99376,
              59.371520000000004
            ],
            [
              17.99376,
              59.37312
            ],
            [
              17.99216,
              59.37312
            ],
            [
              17.99216,
              59.371520000000004
            ]
          ]
        ]
      },
      "properties": {
        "id": "fb60-Solna-56",
        "municipality": "Solna",
        "type": "flerbostadshus",
        "view": "2060"
      }
    },
    {
      "type": "Feature",
      "geometry": {
        "type": "Polygon",
        "coordinates": [
          [
            [
              17.99392,
              59.371520000000004
            ],
            [
              17.995520000000003,
              59.371520000000004
            ],
            [
              17.995520000000003,
              59.37312
            ],
            [
              17.99392,
              59.37312
            ],
            [
              17.99392,
              59.371520000000004
            ]
          ]
        ]
      },
      "properties": {
        "id": "fb60-Solna-57",
        "municipality": "Solna",
        "type": "flerbostadshus",
        "view": "2060"
      }
    },
    {
      "type": "Feature",
      "geometry": {
        "type": "Polygon",
        "coordinates": [
          [
            [
              17.995679999999997,
              59.371520000000004
            ],
            [
              17.99728,
              59.371520000000004
            ],
            [
              17.99728,
              59.37312
            ],
            [
              17.995679999999997,
              59.37312
            ],
            [
              17.995679999999997,
              59.371520000000004
            ]
          ]
        ]
      },
      "properties": {
        "id": "fb60-Solna-58",
        "municipality": "Solna",
        "type": "flerbostadshus",
        "view": "2060"
      }
    },
    {
      "type": "Feature",
      "geometry": {
        "type": "Polygon",
        "coordinates": [
          [
            [
              17.997439999999997,
              59.371520000000004
            ],
            [
              17.99904,
              59.371520000000004
            ],
            [
              17.99904,
              59.37312
            ],
            [
              17.997439999999997,
              59.37312
            ],
            [
              17.997439999999997,
              59.371520000000004
            ]
          ]
        ]
      },
      "properties": {
        "id": "fb60-Solna-59",
        "municipality": "Solna",
        "type": "flerbostadshus",
        "view": "2060"
      }
    },
    {
      "type": "Feature",
      "geometry": {
        "type": "Polygon",
        "coordinates": [
          [
            [
              17.9992,
              59.371520000000004
            ],
            [
              18.0008,
              59.371520000000004
            ],
            [
              18.0008,
              59.37312
            ],
            [
              17.9992,
              59.37312
            ],
            [
              17.9992,
              59.371520000000004
            ]
          ]
        ]
      },
      "properties": {
        "id": "fb60-Solna-60",
        "municipality": "Solna",
        "type": "flerbostadshus",
        "view": "2060"
      }
    },
    {
      "type": "Feature",
      "geometry": {
        "type": "Polygon",
        "coordinates": [
          [
            [
              18.00096,
              59.371520000000004
            ],
            [
              18.002560000000003,
              59.371520000000004
            ],
            [
              18.002560000000003,
              59.37312
            ],
            [
              18.00096,
              59.37312
            ],
            [
              18.00096,
              59.371520000000004
            ]
          ]
        ]
      },
      "properties": {
        "id": "fb60-Solna-61",
        "municipality": "Solna",
        "type": "flerbostadshus",
        "view": "2060"
      }
    },
    {
      "type": "Feature",
      "geometry": {
        "type": "Polygon",
        "coordinates": [
          [
            [
              18.00272,
              59.371520000000004
            ],
            [
              18.004320000000003,
              59.371520000000004
            ],
            [
              18.004320000000003,
              59.37312
            ],
            [
              18.00272,
              59.37312
            ],
            [
              18.00272,
              59.371520000000004
            ]
          ]
        ]
      },
      "properties": {
        "id": "fb60-Solna-62",
        "municipality": "Solna",
        "type": "flerbostadshus",
        "view": "2060"
      }
    },
    {
      "type": "Feature",
      "geometry": {
        "type": "Polygon",
        "coordinates": [
          [
            [
              18.004479999999997,
              59.371520000000004
            ],
            [
              18.00608,
              59.371520000000004
            ],
            [
              18.00608,
              59.37312
            ],
            [
              18.004479999999997,
              59.37312
            ],
            [
              18.004479999999997,
              59.371520000000004
            ]
          ]
        ]
      },
      "properties": {
        "id": "fb60-Solna-63",
        "municipality": "Solna",
        "type": "flerbostadshus",
        "view": "2060"
      }
    },
    {
      "type": "Feature",
      "geometry": {
        "type": "Polygon",
        "coordinates": [
          [
            [
              17.99216,
              59.37328
            ],
            [
              17.99376,
              59.37328
            ],
            [
              17.99376,
              59.37488
            ],
            [
              17.99216,
              59.37488
            ],
            [
              17.99216,
              59.37328
            ]
          ]
        ]
      },
      "properties": {
        "id": "fb60-Solna-64",
        "municipality": "Solna",
        "type": "flerbostadshus",
        "view": "2060"
      }
    },
    {
      "type": "Feature",
      "geometry": {
        "type": "Polygon",
        "coordinates": [
          [
            [
              17.99392,
              59.37328
            ],
            [
              17.995520000000003,
              59.37328
            ],
            [
              17.995520000000003,
              59.37488
            ],
            [
              17.99392,
              59.37488
            ],
            [
              17.99392,
              59.37328
            ]
          ]
        ]
      },
      "properties": {
        "id": "fb60-Solna-65",
        "municipality": "Solna",
        "type": "flerbostadshus",
        "view": "2060"
      }
    },
    {
      "type": "Feature",
      "geometry": {
        "type": "Polygon",
        "coordinates": [
          [
            [
              18.06216,
              59.3292
            ],
            [
              18.063760000000002,
              59.3292
            ],
            [
              18.063760000000002,
              59.330799999999996
            ],
            [
              18.06216,
              59.330799999999996
            ],
            [
              18.06216,
              59.3292
            ]
          ]
        ]
      },
      "properties": {
        "id": "fb60-Stockholm-0",
        "municipality": "Stockholm",
        "type": "flerbostadshus",
        "view": "2060"
      }
    },
    {
      "type": "Feature",
      "geometry": {
        "type": "Polygon",
        "coordinates": [
          [
            [
              18.06392,
              59.3292
            ],
            [
              18.065520000000003,
              59.3292
            ],
            [
              18.065520000000003,
              59.330799999999996
            ],
            [
              18.06392,
              59.330799999999996
            ],
            [
              18.06392,
              59.3292
            ]
          ]
        ]
      },
      "properties": {
        "id": "fb60-Stockholm-1",
        "municipality": "Stockholm",
        "type": "flerbostadshus",
        "view": "2060"
      }
    },
    {
      "type": "Feature",
      "geometry": {
        "type": "Polygon",
        "coordinates": [
          [
            [
              18.065679999999997,
              59.3292
            ],
            [
              18.06728,
              59.3292
            ],
            [
              18.06728,
              59.330799999999996
            ],
            [
              18.065679999999997,
              59.330799999999996
            ],
            [
              18.065679999999997,
              59.3292
            ]
          ]
        ]
      },
      "properties": {
        "id": "fb60-Stockholm-2",
        "municipality": "Stockholm",
        "type": "flerbostadshus",
        "view": "2060"
      }
    },
    {
      "type": "Feature",
      "geometry": {
        "type": "Polygon",
        "coordinates": [
          [
            [
              18.067439999999998,
              59.3292
            ],
            [
              18.06904,
              59.3292
            ],
            [
              18.06904,
              59.330799999999996
            ],
            [
              18.067439999999998,
              59.330799999999996
            ],
            [
              18.067439999999998,
              59.3292
            ]
          ]
        ]
      },
      "properties": {
        "id": "fb60-Stockholm-3",
        "municipality": "Stockholm",
        "type": "flerbostadshus",
        "view": "2060"
      }
    },
    {
      "type": "Feature",
      "geometry": {
        "type": "Polygon",
        "coordinates": [
          [
            [
              18.0692,
              59.3292
            ],
            [
              18.070800000000002,
              59.3292
            ],
            [
              18.070800000000002,
              59.330799999999996
            ],
            [
              18.0692,
              59.330799999999996
            ],
            [
              18.0692,
              59.3292
            ]
          ]
        ]
      },
      "properties": {
        "id": "fb60-Stockholm-4",
        "municipality": "Stockholm",
        "type": "flerbostadshus",
        "view": "2060"
      }
    },
    {
      "type": "Feature",
      "geometry": {
        "type": "Polygon",
        "coordinates": [
          [
            [
              18.07096,
              59.3292
            ],
            [
              18.072560000000003,
              59.3292
            ],
            [
              18.072560000000003,
              59.330799999999996
            ],
            [
              18.07096,
              59.330799999999996
            ],
            [
              18.07096,
              59.3292
            ]
          ]
        ]
      },
      "properties": {
        "id": "fb60-Stockholm-5",
        "municipality": "Stockholm",
        "type": "flerbostadshus",
        "view": "2060"
      }
    },
    {
      "type": "Feature",
      "geometry": {
        "type": "Polygon",
        "coordinates": [
          [
            [
              18.07272,
              59.3292
            ],
            [
              18.074320000000004,
              59.3292
            ],
            [
              18.074320000000004,
              59.330799999999996
            ],
            [
              18.07272,
              59.330799999999996
            ],
            [
              18.07272,
              59.3292
            ]
          ]
        ]
      },
      "properties": {
        "id": "fb60-Stockholm-6",
        "municipality": "Stockholm",
        "type": "flerbostadshus",
        "view": "2060"
      }
    },
    {
      "type": "Feature",
      "geometry": {
        "type": "Polygon",
        "coordinates": [
          [
            [
              18.074479999999998,
              59.3292
            ],
            [
              18.07608,
              59.3292
            ],
            [
              18.07608,
              59.330799999999996
            ],
            [
              18.074479999999998,
              59.330799999999996
            ],
            [
              18.074479999999998,
              59.3292
            ]
          ]
        ]
      },
      "properties": {
        "id": "fb60-Stockholm-7",
        "municipality": "Stockholm",
        "type": "flerbostadshus",
        "view": "2060"
      }
    },
    {
      "type": "Feature",
      "geometry": {
        "type": "Polygon",
        "coordinates": [
          [
            [
              18.06216,
              59.33096
            ],
            [
              18.063760000000002,
              59.33096
            ],
            [
              18.063760000000002,
              59.332559999999994
            ],
            [
              18.06216,
              59.332559999999994
            ],
            [
              18.06216,
              59.33096
            ]
          ]
        ]
      },
      "properties": {
        "id": "fb60-Stockholm-8",
        "municipality": "Stockholm",
        "type": "flerbostadshus",
        "view": "2060"
      }
    },
    {
      "type": "Feature",
      "geometry": {
        "type": "Polygon",
        "coordinates": [
          [
            [
              18.06392,
              59.33096
            ],
            [
              18.065520000000003,
              59.33096
            ],
            [
              18.065520000000003,
              59.332559999999994
            ],
            [
              18.06392,
              59.332559999999994
            ],
            [
              18.06392,
              59.33096
            ]
          ]
        ]
      },
      "properties": {
        "id": "fb60-Stockholm-9",
        "municipality": "Stockholm",
        "type": "flerbostadshus",
        "view": "2060"
      }
    },
    {
      "type": "Feature",
      "geometry": {
        "type": "Polygon",
        "coordinates": [
          [
            [
              18.065679999999997,
              59.33096
            ],
            [
              18.06728,
              59.33096
            ],
            [
              18.06728,
              59.332559999999994
            ],
            [
              18.065679999999997,
              59.332559999999994
            ],
            [
              18.065679999999997,
              59.33096
            ]
          ]
        ]
      },
      "properties": {
        "id": "fb60-Stockholm-10",
        "municipality": "Stockholm",
        "type": "flerbostadshus",
        "view": "2060"
      }
    },
    {
      "type": "Feature",
      "geometry": {
        "type": "Polygon",
        "coordinates": [
          [
            [
              18.067439999999998,
              59.33096
            ],
            [
              18.06904,
              59.33096
            ],
            [
              18.06904,
              59.332559999999994
            ],
            [
              18.067439999999998,
              59.332559999999994
            ],
            [
              18.067439999999998,
              59.33096
            ]
          ]
        ]
      },
      "properties": {
        "id": "fb60-Stockholm-11",
        "municipality": "Stockholm",
        "type": "flerbostadshus",
        "view": "2060"
      }
    },
    {
      "type": "Feature",
      "geometry": {
        "type": "Polygon",
        "coordinates": [
          [
            [
              18.0692,
              59.33096
            ],
            [
              18.070800000000002,
              59.33096
            ],
            [
              18.070800000000002,
              59.332559999999994
            ],
            [
              18.0692,
              59.332559999999994
            ],
            [
              18.0692,
              59.33096
            ]
          ]
        ]
      },
      "properties": {
        "id": "fb60-Stockholm-12",
        "municipality": "Stockholm",
        "type": "flerbostadshus",
        "view": "2060"
      }
    },
    {
      "type": "Feature",
      "geometry": {
        "type": "Polygon",
        "coordinates": [
          [
            [
              18.07096,
              59.33096
            ],
            [
              18.072560000000003,
              59.33096
            ],
            [
              18.072560000000003,
              59.332559999999994
            ],
            [
              18.07096,
              59.332559999999994
            ],
            [
              18.07096,
              59.33096
            ]
          ]
        ]
      },
      "properties": {
        "id": "fb60-Stockholm-13",
        "municipality": "Stockholm",
        "type": "flerbostadshus",
        "view": "2060"
      }
    },
    {
      "type": "Feature",
      "geometry": {
        "type": "Polygon",
        "coordinates": [
          [
            [
              18.07272,
              59.33096
            ],
            [
              18.074320000000004,
              59.33096
            ],
            [
              18.074320000000004,
              59.332559999999994
            ],
            [
              18.07272,
              59.332559999999994
            ],
            [
              18.07272,
              59.33096
            ]
          ]
        ]
      },
      "properties": {
        "id": "fb60-Stockholm-14",
        "municipality": "Stockholm",
        "type": "flerbostadshus",
        "view": "2060"
      }
    },
    {
      "type": "Feature",
      "geometry": {
        "type": "Polygon",
        "coordinates": [
          [
            [
              18.074479999999998,
              59.33096
            ],
            [
              18.07608,
              59.33096
            ],
            [
              18.07608,
              59.332559999999994
            ],
            [
              18.074479999999998,
              59.332559999999994
            ],
            [
              18.074479999999998,
              59.33096
            ]
          ]
        ]
      },
      "properties": {
        "id": "fb60-Stockholm-15",
        "municipality": "Stockholm",
        "type": "flerbostadshus",
        "view": "2060"
      }
    },
    {
      "type": "Feature",
      "geometry": {
        "type": "Polygon",
        "coordinates": [
          [
            [
              18.06216,
              59.33272
            ],
            [
              18.063760000000002,
              59.33272
            ],
            [
              18.063760000000002,
              59.33432
            ],
            [
              18.06216,
              59.33432
            ],
            [
              18.06216,
              59.33272
            ]
          ]
        ]
      },
      "properties": {
        "id": "fb60-Stockholm-16",
        "municipality": "Stockholm",
        "type": "flerbostadshus",
        "view": "2060"
      }
    },
    {
      "type": "Feature",
      "geometry": {
        "type": "Polygon",
        "coordinates": [
          [
            [
              18.06392,
              59.33272
            ],
            [
              18.065520000000003,
              59.33272
            ],
            [
              18.065520000000003,
              59.33432
            ],
            [
              18.06392,
              59.33432
            ],
            [
              18.06392,
              59.33272
            ]
          ]
        ]
      },
      "properties": {
        "id": "fb60-Stockholm-17",
        "municipality": "Stockholm",
        "type": "flerbostadshus",
        "view": "2060"
      }
    },
    {
      "type": "Feature",
      "geometry": {
        "type": "Polygon",
        "coordinates": [
          [
            [
              18.065679999999997,
              59.33272
            ],
            [
              18.06728,
              59.33272
            ],
            [
              18.06728,
              59.33432
            ],
            [
              18.065679999999997,
              59.33432
            ],
            [
              18.065679999999997,
              59.33272
            ]
          ]
        ]
      },
      "properties": {
        "id": "fb60-Stockholm-18",
        "municipality": "Stockholm",
        "type": "flerbostadshus",
        "view": "2060"
      }
    },
    {
      "type": "Feature",
      "geometry": {
        "type": "Polygon",
        "coordinates": [
          [
            [
              18.067439999999998,
              59.33272
            ],
            [
              18.06904,
              59.33272
            ],
            [
              18.06904,
              59.33432
            ],
            [
              18.067439999999998,
              59.33432
            ],
            [
              18.067439999999998,
              59.33272
            ]
          ]
        ]
      },
      "properties": {
        "id": "fb60-Stockholm-19",
        "municipality": "Stockholm",
        "type": "flerbostadshus",
        "view": "2060"
      }
    },
    {
      "type": "Feature",
      "geometry": {
        "type": "Polygon",
        "coordinates": [
          [
            [
              18.0692,
              59.33272
            ],
            [
              18.070800000000002,
              59.33272
            ],
            [
              18.070800000000002,
              59.33432
            ],
            [
              18.0692,
              59.33432
            ],
            [
              18.0692,
              59.33272
            ]
          ]
        ]
      },
      "properties": {
        "id": "fb60-Stockholm-20",
        "municipality": "Stockholm",
        "type": "flerbostadshus",
        "view": "2060"
      }
    },
    {
      "type": "Feature",
      "geometry": {
        "type": "Polygon",
        "coordinates": [
          [
            [
              18.07096,
              59.33272
            ],
            [
              18.072560000000003,
              59.33272
            ],
            [
              18.072560000000003,
              59.33432
            ],
            [
              18.07096,
              59.33432
            ],
            [
              18.07096,
              59.33272
            ]
          ]
        ]
      },
      "properties": {
        "id": "fb60-Stockholm-21",
        "municipality": "Stockholm",
        "type": "flerbostadshus",
        "view": "2060"
      }
    },
    {
      "type": "Feature",
      "geometry": {
        "type": "Polygon",
        "coordinates": [
          [
            [
              18.07272,
              59.33272
            ],
            [
              18.074320000000004,
              59.33272
            ],
            [
              18.074320000000004,
              59.33432
            ],
            [
              18.07272,
              59.33432
            ],
            [
              18.07272,
              59.33272
            ]
          ]
        ]
      },
      "properties": {
        "id": "fb60-Stockholm-22",
        "municipality": "Stockholm",
        "type": "flerbostadshus",
        "view": "2060"
      }
    },
    {
      "type": "Feature",
      "geometry": {
        "type": "Polygon",
        "coordinates": [
          [
            [
              18.074479999999998,
              59.33272
            ],
            [
              18.07608,
              59.33272
            ],
            [
              18.07608,
              59.33432
            ],
            [
              18.074479999999998,
              59.33432
            ],
            [
              18.074479999999998,
              59.33272
            ]
          ]
        ]
      },
      "properties": {
        "id": "fb60-Stockholm-23",
        "municipality": "Stockholm",
        "type": "flerbostadshus",
        "view": "2060"
      }
    },
    {
      "type": "Feature",
      "geometry": {
        "type": "Polygon",
        "coordinates": [
          [
            [
              18.06216,
              59.33448
            ],
            [
              18.063760000000002,
              59.33448
            ],
            [
              18.063760000000002,
              59.336079999999995
            ],
            [
              18.06216,
              59.336079999999995
            ],
            [
              18.06216,
              59.33448
            ]
          ]
        ]
      },
      "properties": {
        "id": "fb60-Stockholm-24",
        "municipality": "Stockholm",
        "type": "flerbostadshus",
        "view": "2060"
      }
    },
    {
      "type": "Feature",
      "geometry": {
        "type": "Polygon",
        "coordinates": [
          [
            [
              18.06392,
              59.33448
            ],
            [
              18.065520000000003,
              59.33448
            ],
            [
              18.065520000000003,
              59.336079999999995
            ],
            [
              18.06392,
              59.336079999999995
            ],
            [
              18.06392,
              59.33448
            ]
          ]
        ]
      },
      "properties": {
        "id": "fb60-Stockholm-25",
        "municipality": "Stockholm",
        "type": "flerbostadshus",
        "view": "2060"
      }
    },
    {
      "type": "Feature",
      "geometry": {
        "type": "Polygon",
        "coordinates": [
          [
            [
              18.065679999999997,
              59.33448
            ],
            [
              18.06728,
              59.33448
            ],
            [
              18.06728,
              59.336079999999995
            ],
            [
              18.065679999999997,
              59.336079999999995
            ],
            [
              18.065679999999997,
              59.33448
            ]
          ]
        ]
      },
      "properties": {
        "id": "fb60-Stockholm-26",
        "municipality": "Stockholm",
        "type": "flerbostadshus",
        "view": "2060"
      }
    },
    {
      "type": "Feature",
      "geometry": {
        "type": "Polygon",
        "coordinates": [
          [
            [
              18.067439999999998,
              59.33448
            ],
            [
              18.06904,
              59.33448
            ],
            [
              18.06904,
              59.336079999999995
            ],
            [
              18.067439999999998,
              59.336079999999995
            ],
            [
              18.067439999999998,
              59.33448
            ]
          ]
        ]
      },
      "properties": {
        "id": "fb60-Stockholm-27",
        "municipality": "Stockholm",
        "type": "flerbostadshus",
        "view": "2060"
      }
    },
    {
      "type": "Feature",
      "geometry": {
        "type": "Polygon",
        "coordinates": [
          [
            [
              18.0692,
              59.33448
            ],
            [
              18.070800000000002,
              59.33448
            ],
            [
              18.070800000000002,
              59.336079999999995
            ],
            [
              18.0692,
              59.336079999999995
            ],
            [
              18.0692,
              59.33448
            ]
          ]
        ]
      },
      "properties": {
        "id": "fb60-Stockholm-28",
        "municipality": "Stockholm",
        "type": "flerbostadshus",
        "view": "2060"
      }
    },
    {
      "type": "Feature",
      "geometry": {
        "type": "Polygon",
        "coordinates": [
          [
            [
              18.07096,
              59.33448
            ],
            [
              18.072560000000003,
              59.33448
            ],
            [
              18.072560000000003,
              59.336079999999995
            ],
            [
              18.07096,
              59.336079999999995
            ],
            [
              18.07096,
              59.33448
            ]
          ]
        ]
      },
      "properties": {
        "id": "fb60-Stockholm-29",
        "municipality": "Stockholm",
        "type": "flerbostadshus",
        "view": "2060"
      }
    },
    {
      "type": "Feature",
      "geometry": {
        "type": "Polygon",
        "coordinates": [
          [
            [
              18.07272,
              59.33448
            ],
            [
              18.074320000000004,
              59.33448
            ],
            [
              18.074320000000004,
              59.336079999999995
            ],
            [
              18.07272,
              59.336079999999995
            ],
            [
              18.07272,
              59.33448
            ]
          ]
        ]
      },
      "properties": {
        "id": "fb60-Stockholm-30",
        "municipality": "Stockholm",
        "type": "flerbostadshus",
        "view": "2060"
      }
    },
    {
      "type": "Feature",
      "geometry": {
        "type": "Polygon",
        "coordinates": [
          [
            [
              18.074479999999998,
              59.33448
            ],
            [
              18.07608,
              59.33448
            ],
            [
              18.07608,
              59.336079999999995
            ],
            [
              18.074479999999998,
              59.336079999999995
            ],
            [
              18.074479999999998,
              59.33448
            ]
          ]
        ]
      },
      "properties": {
        "id": "fb60-Stockholm-31",
        "municipality": "Stockholm",
        "type": "flerbostadshus",
        "view": "2060"
      }
    },
    {
      "type": "Feature",
      "geometry": {
        "type": "Polygon",
        "coordinates": [
          [
            [
              18.06216,
              59.336240000000004
            ],
            [
              18.063760000000002,
              59.336240000000004
            ],
            [
              18.063760000000002,
              59.33784
            ],
            [
              18.06216,
              59.33784
            ],
            [
              18.06216,
              59.336240000000004
            ]
          ]
        ]
      },
      "properties": {
        "id": "fb60-Stockholm-32",
        "municipality": "Stockholm",
        "type": "flerbostadshus",
        "view": "2060"
      }
    },
    {
      "type": "Feature",
      "geometry": {
        "type": "Polygon",
        "coordinates": [
          [
            [
              18.06392,
              59.336240000000004
            ],
            [
              18.065520000000003,
              59.336240000000004
            ],
            [
              18.065520000000003,
              59.33784
            ],
            [
              18.06392,
              59.33784
            ],
            [
              18.06392,
              59.336240000000004
            ]
          ]
        ]
      },
      "properties": {
        "id": "fb60-Stockholm-33",
        "municipality": "Stockholm",
        "type": "flerbostadshus",
        "view": "2060"
      }
    },
    {
      "type": "Feature",
      "geometry": {
        "type": "Polygon",
        "coordinates": [
          [
            [
              18.065679999999997,
              59.336240000000004
            ],
            [
              18.06728,
              59.336240000000004
            ],
            [
              18.06728,
              59.33784
            ],
            [
              18.065679999999997,
              59.33784
            ],
            [
              18.065679999999997,
              59.336240000000004
            ]
          ]
        ]
      },
      "properties": {
        "id": "fb60-Stockholm-34",
        "municipality": "Stockholm",
        "type": "flerbostadshus",
        "view": "2060"
      }
    },
    {
      "type": "Feature",
      "geometry": {
        "type": "Polygon",
        "coordinates": [
          [
            [
              18.067439999999998,
              59.336240000000004
            ],
            [
              18.06904,
              59.336240000000004
            ],
            [
              18.06904,
              59.33784
            ],
            [
              18.067439999999998,
              59.33784
            ],
            [
              18.067439999999998,
              59.336240000000004
            ]
          ]
        ]
      },
      "properties": {
        "id": "fb60-Stockholm-35",
        "municipality": "Stockholm",
        "type": "flerbostadshus",
        "view": "2060"
      }
    },
    {
      "type": "Feature",
      "geometry": {
        "type": "Polygon",
        "coordinates": [
          [
            [
              18.0692,
              59.336240000000004
            ],
            [
              18.070800000000002,
              59.336240000000004
            ],
            [
              18.070800000000002,
              59.33784
            ],
            [
              18.0692,
              59.33784
            ],
            [
              18.0692,
              59.336240000000004
            ]
          ]
        ]
      },
      "properties": {
        "id": "fb60-Stockholm-36",
        "municipality": "Stockholm",
        "type": "flerbostadshus",
        "view": "2060"
      }
    },
    {
      "type": "Feature",
      "geometry": {
        "type": "Polygon",
        "coordinates": [
          [
            [
              18.07096,
              59.336240000000004
            ],
            [
              18.072560000000003,
              59.336240000000004
            ],
            [
              18.072560000000003,
              59.33784
            ],
            [
              18.07096,
              59.33784
            ],
            [
              18.07096,
              59.336240000000004
            ]
          ]
        ]
      },
      "properties": {
        "id": "fb60-Stockholm-37",
        "municipality": "Stockholm",
        "type": "flerbostadshus",
        "view": "2060"
      }
    },
    {
      "type": "Feature",
      "geometry": {
        "type": "Polygon",
        "coordinates": [
          [
            [
              18.07272,
              59.336240000000004
            ],
            [
              18.074320000000004,
              59.336240000000004
            ],
            [
              18.074320000000004,
              59.33784
            ],
            [
              18.07272,
              59.33784
            ],
            [
              18.07272,
              59.336240000000004
            ]
          ]
        ]
      },
      "properties": {
        "id": "fb60-Stockholm-38",
        "municipality": "Stockholm",
        "type": "flerbostadshus",
        "view": "2060"
      }
    },
    {
      "type": "Feature",
      "geometry": {
        "type": "Polygon",
        "coordinates": [
          [
            [
              18.074479999999998,
              59.336240000000004
            ],
            [
              18.07608,
              59.336240000000004
            ],
            [
              18.07608,
              59.33784
            ],
            [
              18.074479999999998,
              59.33784
            ],
            [
              18.074479999999998,
              59.336240000000004
            ]
          ]
        ]
      },
      "properties": {
        "id": "fb60-Stockholm-39",
        "municipality": "Stockholm",
        "type": "flerbostadshus",
        "view": "2060"
      }
    },
    {
      "type": "Feature",
      "geometry": {
        "type": "Polygon",
        "coordinates": [
          [
            [
              18.06216,
              59.338
            ],
            [
              18.063760000000002,
              59.338
            ],
            [
              18.063760000000002,
              59.3396
            ],
            [
              18.06216,
              59.3396
            ],
            [
              18.06216,
              59.338
            ]
          ]
        ]
      },
      "properties": {
        "id": "fb60-Stockholm-40",
        "municipality": "Stockholm",
        "type": "flerbostadshus",
        "view": "2060"
      }
    },
    {
      "type": "Feature",
      "geometry": {
        "type": "Polygon",
        "coordinates": [
          [
            [
              18.06392,
              59.338
            ],
            [
              18.065520000000003,
              59.338
            ],
            [
              18.065520000000003,
              59.3396
            ],
            [
              18.06392,
              59.3396
            ],
            [
              18.06392,
              59.338
            ]
          ]
        ]
      },
      "properties": {
        "id": "fb60-Stockholm-41",
        "municipality": "Stockholm",
        "type": "flerbostadshus",
        "view": "2060"
      }
    },
    {
      "type": "Feature",
      "geometry": {
        "type": "Polygon",
        "coordinates": [
          [
            [
              18.065679999999997,
              59.338
            ],
            [
              18.06728,
              59.338
            ],
            [
              18.06728,
              59.3396
            ],
            [
              18.065679999999997,
              59.3396
            ],
            [
              18.065679999999997,
              59.338
            ]
          ]
        ]
      },
      "properties": {
        "id": "fb60-Stockholm-42",
        "municipality": "Stockholm",
        "type": "flerbostadshus",
        "view": "2060"
      }
    },
    {
      "type": "Feature",
      "geometry": {
        "type": "Polygon",
        "coordinates": [
          [
            [
              18.067439999999998,
              59.338
            ],
            [
              18.06904,
              59.338
            ],
            [
              18.06904,
              59.3396
            ],
            [
              18.067439999999998,
              59.3396
            ],
            [
              18.067439999999998,
              59.338
            ]
          ]
        ]
      },
      "properties": {
        "id": "fb60-Stockholm-43",
        "municipality": "Stockholm",
        "type": "flerbostadshus",
        "view": "2060"
      }
    },
    {
      "type": "Feature",
      "geometry": {
        "type": "Polygon",
        "coordinates": [
          [
            [
              18.0692,
              59.338
            ],
            [
              18.070800000000002,
              59.338
            ],
            [
              18.070800000000002,
              59.3396
            ],
            [
              18.0692,
              59.3396
            ],
            [
              18.0692,
              59.338
            ]
          ]
        ]
      },
      "properties": {
        "id": "fb60-Stockholm-44",
        "municipality": "Stockholm",
        "type": "flerbostadshus",
        "view": "2060"
      }
    },
    {
      "type": "Feature",
      "geometry": {
        "type": "Polygon",
        "coordinates": [
          [
            [
              18.07096,
              59.338
            ],
            [
              18.072560000000003,
              59.338
            ],
            [
              18.072560000000003,
              59.3396
            ],
            [
              18.07096,
              59.3396
            ],
            [
              18.07096,
              59.338
            ]
          ]
        ]
      },
      "properties": {
        "id": "fb60-Stockholm-45",
        "municipality": "Stockholm",
        "type": "flerbostadshus",
        "view": "2060"
      }
    },
    {
      "type": "Feature",
      "geometry": {
        "type": "Polygon",
        "coordinates": [
          [
            [
              18.07272,
              59.338
            ],
            [
              18.074320000000004,
              59.338
            ],
            [
              18.074320000000004,
              59.3396
            ],
            [
              18.07272,
              59.3396
            ],
            [
              18.07272,
              59.338
            ]
          ]
        ]
      },
      "properties": {
        "id": "fb60-Stockholm-46",
        "municipality": "Stockholm",
        "type": "flerbostadshus",
        "view": "2060"
      }
    },
    {
      "type": "Feature",
      "geometry": {
        "type": "Polygon",
        "coordinates": [
          [
            [
              18.074479999999998,
              59.338
            ],
            [
              18.07608,
              59.338
            ],
            [
              18.07608,
              59.3396
            ],
            [
              18.074479999999998,
              59.3396
            ],
            [
              18.074479999999998,
              59.338
            ]
          ]
        ]
      },
      "properties": {
        "id": "fb60-Stockholm-47",
        "municipality": "Stockholm",
        "type": "flerbostadshus",
        "view": "2060"
      }
    },
    {
      "type": "Feature",
      "geometry": {
        "type": "Polygon",
        "coordinates": [
          [
            [
              18.06216,
              59.33976
            ],
            [
              18.063760000000002,
              59.33976
            ],
            [
              18.063760000000002,
              59.341359999999995
            ],
            [
              18.06216,
              59.341359999999995
            ],
            [
              18.06216,
              59.33976
            ]
          ]
        ]
      },
      "properties": {
        "id": "fb60-Stockholm-48",
        "municipality": "Stockholm",
        "type": "flerbostadshus",
        "view": "2060"
      }
    },
    {
      "type": "Feature",
      "geometry": {
        "type": "Polygon",
        "coordinates": [
          [
            [
              18.06392,
              59.33976
            ],
            [
              18.065520000000003,
              59.33976
            ],
            [
              18.065520000000003,
              59.341359999999995
            ],
            [
              18.06392,
              59.341359999999995
            ],
            [
              18.06392,
              59.33976
            ]
          ]
        ]
      },
      "properties": {
        "id": "fb60-Stockholm-49",
        "municipality": "Stockholm",
        "type": "flerbostadshus",
        "view": "2060"
      }
    },
    {
      "type": "Feature",
      "geometry": {
        "type": "Polygon",
        "coordinates": [
          [
            [
              18.065679999999997,
              59.33976
            ],
            [
              18.06728,
              59.33976
            ],
            [
              18.06728,
              59.341359999999995
            ],
            [
              18.065679999999997,
              59.341359999999995
            ],
            [
              18.065679999999997,
              59.33976
            ]
          ]
        ]
      },
      "properties": {
        "id": "fb60-Stockholm-50",
        "municipality": "Stockholm",
        "type": "flerbostadshus",
        "view": "2060"
      }
    },
    {
      "type": "Feature",
      "geometry": {
        "type": "Polygon",
        "coordinates": [
          [
            [
              18.067439999999998,
              59.33976
            ],
            [
              18.06904,
              59.33976
            ],
            [
              18.06904,
              59.341359999999995
            ],
            [
              18.067439999999998,
              59.341359999999995
            ],
            [
              18.067439999999998,
              59.33976
            ]
          ]
        ]
      },
      "properties": {
        "id": "fb60-Stockholm-51",
        "municipality": "Stockholm",
        "type": "flerbostadshus",
        "view": "2060"
      }
    },
    {
      "type": "Feature",
      "geometry": {
        "type": "Polygon",
        "coordinates": [
          [
            [
              18.0692,
              59.33976
            ],
            [
              18.070800000000002,
              59.33976
            ],
            [
              18.070800000000002,
              59.341359999999995
            ],
            [
              18.0692,
              59.341359999999995
            ],
            [
              18.0692,
              59.33976
            ]
          ]
        ]
      },
      "properties": {
        "id": "fb60-Stockholm-52",
        "municipality": "Stockholm",
        "type": "flerbostadshus",
        "view": "2060"
      }
    },
    {
      "type": "Feature",
      "geometry": {
        "type": "Polygon",
        "coordinates": [
          [
            [
              18.07096,
              59.33976
            ],
            [
              18.072560000000003,
              59.33976
            ],
            [
              18.072560000000003,
              59.341359999999995
            ],
            [
              18.07096,
              59.341359999999995
            ],
            [
              18.07096,
              59.33976
            ]
          ]
        ]
      },
      "properties": {
        "id": "fb60-Stockholm-53",
        "municipality": "Stockholm",
        "type": "flerbostadshus",
        "view": "2060"
      }
    },
    {
      "type": "Feature",
      "geometry": {
        "type": "Polygon",
        "coordinates": [
          [
            [
              18.07272,
              59.33976
            ],
            [
              18.074320000000004,
              59.33976
            ],
            [
              18.074320000000004,
              59.341359999999995
            ],
            [
              18.07272,
              59.341359999999995
            ],
            [
              18.07272,
              59.33976
            ]
          ]
        ]
      },
      "properties": {
        "id": "fb60-Stockholm-54",
        "municipality": "Stockholm",
        "type": "flerbostadshus",
        "view": "2060"
      }
    },
    {
      "type": "Feature",
      "geometry": {
        "type": "Polygon",
        "coordinates": [
          [
            [
              18.074479999999998,
              59.33976
            ],
            [
              18.07608,
              59.33976
            ],
            [
              18.07608,
              59.341359999999995
            ],
            [
              18.074479999999998,
              59.341359999999995
            ],
            [
              18.074479999999998,
              59.33976
            ]
          ]
        ]
      },
      "properties": {
        "id": "fb60-Stockholm-55",
        "municipality": "Stockholm",
        "type": "flerbostadshus",
        "view": "2060"
      }
    },
    {
      "type": "Feature",
      "geometry": {
        "type": "Polygon",
        "coordinates": [
          [
            [
              18.06216,
              59.34152
            ],
            [
              18.063760000000002,
              59.34152
            ],
            [
              18.063760000000002,
              59.34312
            ],
            [
              18.06216,
              59.34312
            ],
            [
              18.06216,
              59.34152
            ]
          ]
        ]
      },
      "properties": {
        "id": "fb60-Stockholm-56",
        "municipality": "Stockholm",
        "type": "flerbostadshus",
        "view": "2060"
      }
    },
    {
      "type": "Feature",
      "geometry": {
        "type": "Polygon",
        "coordinates": [
          [
            [
              18.06392,
              59.34152
            ],
            [
              18.065520000000003,
              59.34152
            ],
            [
              18.065520000000003,
              59.34312
            ],
            [
              18.06392,
              59.34312
            ],
            [
              18.06392,
              59.34152
            ]
          ]
        ]
      },
      "properties": {
        "id": "fb60-Stockholm-57",
        "municipality": "Stockholm",
        "type": "flerbostadshus",
        "view": "2060"
      }
    },
    {
      "type": "Feature",
      "geometry": {
        "type": "Polygon",
        "coordinates": [
          [
            [
              18.065679999999997,
              59.34152
            ],
            [
              18.06728,
              59.34152
            ],
            [
              18.06728,
              59.34312
            ],
            [
              18.065679999999997,
              59.34312
            ],
            [
              18.065679999999997,
              59.34152
            ]
          ]
        ]
      },
      "properties": {
        "id": "fb60-Stockholm-58",
        "municipality": "Stockholm",
        "type": "flerbostadshus",
        "view": "2060"
      }
    },
    {
      "type": "Feature",
      "geometry": {
        "type": "Polygon",
        "coordinates": [
          [
            [
              18.067439999999998,
              59.34152
            ],
            [
              18.06904,
              59.34152
            ],
            [
              18.06904,
              59.34312
            ],
            [
              18.067439999999998,
              59.34312
            ],
            [
              18.067439999999998,
              59.34152
            ]
          ]
        ]
      },
      "properties": {
        "id": "fb60-Stockholm-59",
        "municipality": "Stockholm",
        "type": "flerbostadshus",
        "view": "2060"
      }
    },
    {
      "type": "Feature",
      "geometry": {
        "type": "Polygon",
        "coordinates": [
          [
            [
              18.0692,
              59.34152
            ],
            [
              18.070800000000002,
              59.34152
            ],
            [
              18.070800000000002,
              59.34312
            ],
            [
              18.0692,
              59.34312
            ],
            [
              18.0692,
              59.34152
            ]
          ]
        ]
      },
      "properties": {
        "id": "fb60-Stockholm-60",
        "municipality": "Stockholm",
        "type": "flerbostadshus",
        "view": "2060"
      }
    },
    {
      "type": "Feature",
      "geometry": {
        "type": "Polygon",
        "coordinates": [
          [
            [
              18.07096,
              59.34152
            ],
            [
              18.072560000000003,
              59.34152
            ],
            [
              18.072560000000003,
              59.34312
            ],
            [
              18.07096,
              59.34312
            ],
            [
              18.07096,
              59.34152
            ]
          ]
        ]
      },
      "properties": {
        "id": "fb60-Stockholm-61",
        "municipality": "Stockholm",
        "type": "flerbostadshus",
        "view": "2060"
      }
    },
    {
      "type": "Feature",
      "geometry": {
        "type": "Polygon",
        "coordinates": [
          [
            [
              18.07272,
              59.34152
            ],
            [
              18.074320000000004,
              59.34152
            ],
            [
              18.074320000000004,
              59.34312
            ],
            [
              18.07272,
              59.34312
            ],
            [
              18.07272,
              59.34152
            ]
          ]
        ]
      },
      "properties": {
        "id": "fb60-Stockholm-62",
        "municipality": "Stockholm",
        "type": "flerbostadshus",
        "view": "2060"
      }
    },
    {
      "type": "Feature",
      "geometry": {
        "type": "Polygon",
        "coordinates": [
          [
            [
              18.074479999999998,
              59.34152
            ],
            [
              18.07608,
              59.34152
            ],
            [
              18.07608,
              59.34312
            ],
            [
              18.074479999999998,
              59.34312
            ],
            [
              18.074479999999998,
              59.34152
            ]
          ]
        ]
      },
      "properties": {
        "id": "fb60-Stockholm-63",
        "municipality": "Stockholm",
        "type": "flerbostadshus",
        "view": "2060"
      }
    },
    {
      "type": "Feature",
      "geometry": {
        "type": "Polygon",
        "coordinates": [
          [
            [
              18.06216,
              59.34328
            ],
            [
              18.063760000000002,
              59.34328
            ],
            [
              18.063760000000002,
              59.344879999999996
            ],
            [
              18.06216,
              59.344879999999996
            ],
            [
              18.06216,
              59.34328
            ]
          ]
        ]
      },
      "properties": {
        "id": "fb60-Stockholm-64",
        "municipality": "Stockholm",
        "type": "flerbostadshus",
        "view": "2060"
      }
    },
    {
      "type": "Feature",
      "geometry": {
        "type": "Polygon",
        "coordinates": [
          [
            [
              18.06392,
              59.34328
            ],
            [
              18.065520000000003,
              59.34328
            ],
            [
              18.065520000000003,
              59.344879999999996
            ],
            [
              18.06392,
              59.344879999999996
            ],
            [
              18.06392,
              59.34328
            ]
          ]
        ]
      },
      "properties": {
        "id": "fb60-Stockholm-65",
        "municipality": "Stockholm",
        "type": "flerbostadshus",
        "view": "2060"
      }
    },
    {
      "type": "Feature",
      "geometry": {
        "type": "Polygon",
        "coordinates": [
          [
            [
              18.065679999999997,
              59.34328
            ],
            [
              18.06728,
              59.34328
            ],
            [
              18.06728,
              59.344879999999996
            ],
            [
              18.065679999999997,
              59.344879999999996
            ],
            [
              18.065679999999997,
              59.34328
            ]
          ]
        ]
      },
      "properties": {
        "id": "fb60-Stockholm-66",
        "municipality": "Stockholm",
        "type": "flerbostadshus",
        "view": "2060"
      }
    },
    {
      "type": "Feature",
      "geometry": {
        "type": "Polygon",
        "coordinates": [
          [
            [
              18.067439999999998,
              59.34328
            ],
            [
              18.06904,
              59.34328
            ],
            [
              18.06904,
              59.344879999999996
            ],
            [
              18.067439999999998,
              59.344879999999996
            ],
            [
              18.067439999999998,
              59.34328
            ]
          ]
        ]
      },
      "properties": {
        "id": "fb60-Stockholm-67",
        "municipality": "Stockholm",
        "type": "flerbostadshus",
        "view": "2060"
      }
    },
    {
      "type": "Feature",
      "geometry": {
        "type": "Polygon",
        "coordinates": [
          [
            [
              18.0692,
              59.34328
            ],
            [
              18.070800000000002,
              59.34328
            ],
            [
              18.070800000000002,
              59.344879999999996
            ],
            [
              18.0692,
              59.344879999999996
            ],
            [
              18.0692,
              59.34328
            ]
          ]
        ]
      },
      "properties": {
        "id": "fb60-Stockholm-68",
        "municipality": "Stockholm",
        "type": "flerbostadshus",
        "view": "2060"
      }
    },
    {
      "type": "Feature",
      "geometry": {
        "type": "Polygon",
        "coordinates": [
          [
            [
              18.07096,
              59.34328
            ],
            [
              18.072560000000003,
              59.34328
            ],
            [
              18.072560000000003,
              59.344879999999996
            ],
            [
              18.07096,
              59.344879999999996
            ],
            [
              18.07096,
              59.34328
            ]
          ]
        ]
      },
      "properties": {
        "id": "fb60-Stockholm-69",
        "municipality": "Stockholm",
        "type": "flerbostadshus",
        "view": "2060"
      }
    },
    {
      "type": "Feature",
      "geometry": {
        "type": "Polygon",
        "coordinates": [
          [
            [
              18.07272,
              59.34328
            ],
            [
              18.074320000000004,
              59.34328
            ],
            [
              18.074320000000004,
              59.344879999999996
            ],
            [
              18.07272,
              59.344879999999996
            ],
            [
              18.07272,
              59.34328
            ]
          ]
        ]
      },
      "properties": {
        "id": "fb60-Stockholm-70",
        "municipality": "Stockholm",
        "type": "flerbostadshus",
        "view": "2060"
      }
    },
    {
      "type": "Feature",
      "geometry": {
        "type": "Polygon",
        "coordinates": [
          [
            [
              18.074479999999998,
              59.34328
            ],
            [
              18.07608,
              59.34328
            ],
            [
              18.07608,
              59.344879999999996
            ],
            [
              18.074479999999998,
              59.344879999999996
            ],
            [
              18.074479999999998,
              59.34328
            ]
          ]
        ]
      },
      "properties": {
        "id": "fb60-Stockholm-71",
        "municipality": "Stockholm",
        "type": "flerbostadshus",
        "view": "2060"
      }
    },
    {
      "type": "Feature",
      "geometry": {
        "type": "Polygon",
        "coordinates": [
          [
            [
              18.06216,
              59.34504
            ],
            [
              18.063760000000002,
              59.34504
            ],
            [
              18.063760000000002,
              59.346639999999994
            ],
            [
              18.06216,
              59.346639999999994
            ],
            [
              18.06216,
              59.34504
            ]
          ]
        ]
      },
      "properties": {
        "id": "fb60-Stockholm-72",
        "municipality": "Stockholm",
        "type": "flerbostadshus",
        "view": "2060"
      }
    },
    {
      "type": "Feature",
      "geometry": {
        "type": "Polygon",
        "coordinates": [
          [
            [
              18.06392,
              59.34504
            ],
            [
              18.065520000000003,
              59.34504
            ],
            [
              18.065520000000003,
              59.346639999999994
            ],
            [
              18.06392,
              59.346639999999994
            ],
            [
              18.06392,
              59.34504
            ]
          ]
        ]
      },
      "properties": {
        "id": "fb60-Stockholm-73",
        "municipality": "Stockholm",
        "type": "flerbostadshus",
        "view": "2060"
      }
    },
    {
      "type": "Feature",
      "geometry": {
        "type": "Polygon",
        "coordinates": [
          [
            [
              18.065679999999997,
              59.34504
            ],
            [
              18.06728,
              59.34504
            ],
            [
              18.06728,
              59.346639999999994
            ],
            [
              18.065679999999997,
              59.346639999999994
            ],
            [
              18.065679999999997,
              59.34504
            ]
          ]
        ]
      },
      "properties": {
        "id": "fb60-Stockholm-74",
        "municipality": "Stockholm",
        "type": "flerbostadshus",
        "view": "2060"
      }
    },
    {
      "type": "Feature",
      "geometry": {
        "type": "Polygon",
        "coordinates": [
          [
            [
              18.067439999999998,
              59.34504
            ],
            [
              18.06904,
              59.34504
            ],
            [
              18.06904,
              59.346639999999994
            ],
            [
              18.067439999999998,
              59.346639999999994
            ],
            [
              18.067439999999998,
              59.34504
            ]
          ]
        ]
      },
      "properties": {
        "id": "fb60-Stockholm-75",
        "municipality": "Stockholm",
        "type": "flerbostadshus",
        "view": "2060"
      }
    },
    {
      "type": "Feature",
      "geometry": {
        "type": "Polygon",
        "coordinates": [
          [
            [
              18.0692,
              59.34504
            ],
            [
              18.070800000000002,
              59.34504
            ],
            [
              18.070800000000002,
              59.346639999999994
            ],
            [
              18.0692,
              59.346639999999994
            ],
            [
              18.0692,
              59.34504
            ]
          ]
        ]
      },
      "properties": {
        "id": "fb60-Stockholm-76",
        "municipality": "Stockholm",
        "type": "flerbostadshus",
        "view": "2060"
      }
    },
    {
      "type": "Feature",
      "geometry": {
        "type": "Polygon",
        "coordinates": [
          [
            [
              18.07096,
              59.34504
            ],
            [
              18.072560000000003,
              59.34504
            ],
            [
              18.072560000000003,
              59.346639999999994
            ],
            [
              18.07096,
              59.346639999999994
            ],
            [
              18.07096,
              59.34504
            ]
          ]
        ]
      },
      "properties": {
        "id": "fb60-Stockholm-77",
        "municipality": "Stockholm",
        "type": "flerbostadshus",
        "view": "2060"
      }
    },
    {
      "type": "Feature",
      "geometry": {
        "type": "Polygon",
        "coordinates": [
          [
            [
              18.07272,
              59.34504
            ],
            [
              18.074320000000004,
              59.34504
            ],
            [
              18.074320000000004,
              59.346639999999994
            ],
            [
              18.07272,
              59.346639999999994
            ],
            [
              18.07272,
              59.34504
            ]
          ]
        ]
      },
      "properties": {
        "id": "fb60-Stockholm-78",
        "municipality": "Stockholm",
        "type": "flerbostadshus",
        "view": "2060"
      }
    },
    {
      "type": "Feature",
      "geometry": {
        "type": "Polygon",
        "coordinates": [
          [
            [
              18.074479999999998,
              59.34504
            ],
            [
              18.07608,
              59.34504
            ],
            [
              18.07608,
              59.346639999999994
            ],
            [
              18.074479999999998,
              59.346639999999994
            ],
            [
              18.074479999999998,
              59.34504
            ]
          ]
        ]
      },
      "properties": {
        "id": "fb60-Stockholm-79",
        "municipality": "Stockholm",
        "type": "flerbostadshus",
        "view": "2060"
      }
    },
    {
      "type": "Feature",
      "geometry": {
        "type": "Polygon",
        "coordinates": [
          [
            [
              18.06216,
              59.3468
            ],
            [
              18.063760000000002,
              59.3468
            ],
            [
              18.063760000000002,
              59.3484
            ],
            [
              18.06216,
              59.3484
            ],
            [
              18.06216,
              59.3468
            ]
          ]
        ]
      },
      "properties": {
        "id": "fb60-Stockholm-80",
        "municipality": "Stockholm",
        "type": "flerbostadshus",
        "view": "2060"
      }
    },
    {
      "type": "Feature",
      "geometry": {
        "type": "Polygon",
        "coordinates": [
          [
            [
              18.06392,
              59.3468
            ],
            [
              18.065520000000003,
              59.3468
            ],
            [
              18.065520000000003,
              59.3484
            ],
            [
              18.06392,
              59.3484
            ],
            [
              18.06392,
              59.3468
            ]
          ]
        ]
      },
      "properties": {
        "id": "fb60-Stockholm-81",
        "municipality": "Stockholm",
        "type": "flerbostadshus",
        "view": "2060"
      }
    },
    {
      "type": "Feature",
      "geometry": {
        "type": "Polygon",
        "coordinates": [
          [
            [
              18.065679999999997,
              59.3468
            ],
            [
              18.06728,
              59.3468
            ],
            [
              18.06728,
              59.3484
            ],
            [
              18.065679999999997,
              59.3484
            ],
            [
              18.065679999999997,
              59.3468
            ]
          ]
        ]
      },
      "properties": {
        "id": "fb60-Stockholm-82",
        "municipality": "Stockholm",
        "type": "flerbostadshus",
        "view": "2060"
      }
    },
    {
      "type": "Feature",
      "geometry": {
        "type": "Polygon",
        "coordinates": [
          [
            [
              18.067439999999998,
              59.3468
            ],
            [
              18.06904,
              59.3468
            ],
            [
              18.06904,
              59.3484
            ],
            [
              18.067439999999998,
              59.3484
            ],
            [
              18.067439999999998,
              59.3468
            ]
          ]
        ]
      },
      "properties": {
        "id": "fb60-Stockholm-83",
        "municipality": "Stockholm",
        "type": "flerbostadshus",
        "view": "2060"
      }
    },
    {
      "type": "Feature",
      "geometry": {
        "type": "Polygon",
        "coordinates": [
          [
            [
              18.0692,
              59.3468
            ],
            [
              18.070800000000002,
              59.3468
            ],
            [
              18.070800000000002,
              59.3484
            ],
            [
              18.0692,
              59.3484
            ],
            [
              18.0692,
              59.3468
            ]
          ]
        ]
      },
      "properties": {
        "id": "fb60-Stockholm-84",
        "municipality": "Stockholm",
        "type": "flerbostadshus",
        "view": "2060"
      }
    },
    {
      "type": "Feature",
      "geometry": {
        "type": "Polygon",
        "coordinates": [
          [
            [
              18.07096,
              59.3468
            ],
            [
              18.072560000000003,
              59.3468
            ],
            [
              18.072560000000003,
              59.3484
            ],
            [
              18.07096,
              59.3484
            ],
            [
              18.07096,
              59.3468
            ]
          ]
        ]
      },
      "properties": {
        "id": "fb60-Stockholm-85",
        "municipality": "Stockholm",
        "type": "flerbostadshus",
        "view": "2060"
      }
    },
    {
      "type": "Feature",
      "geometry": {
        "type": "Polygon",
        "coordinates": [
          [
            [
              18.07272,
              59.3468
            ],
            [
              18.074320000000004,
              59.3468
            ],
            [
              18.074320000000004,
              59.3484
            ],
            [
              18.07272,
              59.3484
            ],
            [
              18.07272,
              59.3468
            ]
          ]
        ]
      },
      "properties": {
        "id": "fb60-Stockholm-86",
        "municipality": "Stockholm",
        "type": "flerbostadshus",
        "view": "2060"
      }
    },
    {
      "type": "Feature",
      "geometry": {
        "type": "Polygon",
        "coordinates": [
          [
            [
              18.074479999999998,
              59.3468
            ],
            [
              18.07608,
              59.3468
            ],
            [
              18.07608,
              59.3484
            ],
            [
              18.074479999999998,
              59.3484
            ],
            [
              18.074479999999998,
              59.3468
            ]
          ]
        ]
      },
      "properties": {
        "id": "fb60-Stockholm-87",
        "municipality": "Stockholm",
        "type": "flerbostadshus",
        "view": "2060"
      }
    },
    {
      "type": "Feature",
      "geometry": {
        "type": "Polygon",
        "coordinates": [
          [
            [
              18.06216,
              59.34856
            ],
            [
              18.063760000000002,
              59.34856
            ],
            [
              18.063760000000002,
              59.350159999999995
            ],
            [
              18.06216,
              59.350159999999995
            ],
            [
              18.06216,
              59.34856
            ]
          ]
        ]
      },
      "properties": {
        "id": "fb60-Stockholm-88",
        "municipality": "Stockholm",
        "type": "flerbostadshus",
        "view": "2060"
      }
    },
    {
      "type": "Feature",
      "geometry": {
        "type": "Polygon",
        "coordinates": [
          [
            [
              18.06392,
              59.34856
            ],
            [
              18.065520000000003,
              59.34856
            ],
            [
              18.065520000000003,
              59.350159999999995
            ],
            [
              18.06392,
              59.350159999999995
            ],
            [
              18.06392,
              59.34856
            ]
          ]
        ]
      },
      "properties": {
        "id": "fb60-Stockholm-89",
        "municipality": "Stockholm",
        "type": "flerbostadshus",
        "view": "2060"
      }
    },
    {
      "type": "Feature",
      "geometry": {
        "type": "Polygon",
        "coordinates": [
          [
            [
              18.065679999999997,
              59.34856
            ],
            [
              18.06728,
              59.34856
            ],
            [
              18.06728,
              59.350159999999995
            ],
            [
              18.065679999999997,
              59.350159999999995
            ],
            [
              18.065679999999997,
              59.34856
            ]
          ]
        ]
      },
      "properties": {
        "id": "fb60-Stockholm-90",
        "municipality": "Stockholm",
        "type": "flerbostadshus",
        "view": "2060"
      }
    },
    {
      "type": "Feature",
      "geometry": {
        "type": "Polygon",
        "coordinates": [
          [
            [
              18.067439999999998,
              59.34856
            ],
            [
              18.06904,
              59.34856
            ],
            [
              18.06904,
              59.350159999999995
            ],
            [
              18.067439999999998,
              59.350159999999995
            ],
            [
              18.067439999999998,
              59.34856
            ]
          ]
        ]
      },
      "properties": {
        "id": "fb60-Stockholm-91",
        "municipality": "Stockholm",
        "type": "flerbostadshus",
        "view": "2060"
      }
    },
    {
      "type": "Feature",
      "geometry": {
        "type": "Polygon",
        "coordinates": [
          [
            [
              18.0692,
              59.34856
            ],
            [
              18.070800000000002,
              59.34856
            ],
            [
              18.070800000000002,
              59.350159999999995
            ],
            [
              18.0692,
              59.350159999999995
            ],
            [
              18.0692,
              59.34856
            ]
          ]
        ]
      },
      "properties": {
        "id": "fb60-Stockholm-92",
        "municipality": "Stockholm",
        "type": "flerbostadshus",
        "view": "2060"
      }
    },
    {
      "type": "Feature",
      "geometry": {
        "type": "Polygon",
        "coordinates": [
          [
            [
              18.07096,
              59.34856
            ],
            [
              18.072560000000003,
              59.34856
            ],
            [
              18.072560000000003,
              59.350159999999995
            ],
            [
              18.07096,
              59.350159999999995
            ],
            [
              18.07096,
              59.34856
            ]
          ]
        ]
      },
      "properties": {
        "id": "fb60-Stockholm-93",
        "municipality": "Stockholm",
        "type": "flerbostadshus",
        "view": "2060"
      }
    },
    {
      "type": "Feature",
      "geometry": {
        "type": "Polygon",
        "coordinates": [
          [
            [
              18.07272,
              59.34856
            ],
            [
              18.074320000000004,
              59.34856
            ],
            [
              18.074320000000004,
              59.350159999999995
            ],
            [
              18.07272,
              59.350159999999995
            ],
            [
              18.07272,
              59.34856
            ]
          ]
        ]
      },
      "properties": {
        "id": "fb60-Stockholm-94",
        "municipality": "Stockholm",
        "type": "flerbostadshus",
        "view": "2060"
      }
    },
    {
      "type": "Feature",
      "geometry": {
        "type": "Polygon",
        "coordinates": [
          [
            [
              18.074479999999998,
              59.34856
            ],
            [
              18.07608,
              59.34856
            ],
            [
              18.07608,
              59.350159999999995
            ],
            [
              18.074479999999998,
              59.350159999999995
            ],
            [
              18.074479999999998,
              59.34856
            ]
          ]
        ]
      },
      "properties": {
        "id": "fb60-Stockholm-95",
        "municipality": "Stockholm",
        "type": "flerbostadshus",
        "view": "2060"
      }
    },
    {
      "type": "Feature",
      "geometry": {
        "type": "Polygon",
        "coordinates": [
          [
            [
              18.06216,
              59.35032
            ],
            [
              18.063760000000002,
              59.35032
            ],
            [
              18.063760000000002,
              59.35192
            ],
            [
              18.06216,
              59.35192
            ],
            [
              18.06216,
              59.35032
            ]
          ]
        ]
      },
      "properties": {
        "id": "fb60-Stockholm-96",
        "municipality": "Stockholm",
        "type": "flerbostadshus",
        "view": "2060"
      }
    },
    {
      "type": "Feature",
      "geometry": {
        "type": "Polygon",
        "coordinates": [
          [
            [
              18.06392,
              59.35032
            ],
            [
              18.065520000000003,
              59.35032
            ],
            [
              18.065520000000003,
              59.35192
            ],
            [
              18.06392,
              59.35192
            ],
            [
              18.06392,
              59.35032
            ]
          ]
        ]
      },
      "properties": {
        "id": "fb60-Stockholm-97",
        "municipality": "Stockholm",
        "type": "flerbostadshus",
        "view": "2060"
      }
    },
    {
      "type": "Feature",
      "geometry": {
        "type": "Polygon",
        "coordinates": [
          [
            [
              18.065679999999997,
              59.35032
            ],
            [
              18.06728,
              59.35032
            ],
            [
              18.06728,
              59.35192
            ],
            [
              18.065679999999997,
              59.35192
            ],
            [
              18.065679999999997,
              59.35032
            ]
          ]
        ]
      },
      "properties": {
        "id": "fb60-Stockholm-98",
        "municipality": "Stockholm",
        "type": "flerbostadshus",
        "view": "2060"
      }
    },
    {
      "type": "Feature",
      "geometry": {
        "type": "Polygon",
        "coordinates": [
          [
            [
              18.067439999999998,
              59.35032
            ],
            [
              18.06904,
              59.35032
            ],
            [
              18.06904,
              59.35192
            ],
            [
              18.067439999999998,
              59.35192
            ],
            [
              18.067439999999998,
              59.35032
            ]
          ]
        ]
      },
      "properties": {
        "id": "fb60-Stockholm-99",
        "municipality": "Stockholm",
        "type": "flerbostadshus",
        "view": "2060"
      }
    },
    {
      "type": "Feature",
      "geometry": {
        "type": "Polygon",
        "coordinates": [
          [
            [
              18.0692,
              59.35032
            ],
            [
              18.070800000000002,
              59.35032
            ],
            [
              18.070800000000002,
              59.35192
            ],
            [
              18.0692,
              59.35192
            ],
            [
              18.0692,
              59.35032
            ]
          ]
        ]
      },
      "properties": {
        "id": "fb60-Stockholm-100",
        "municipality": "Stockholm",
        "type": "flerbostadshus",
        "view": "2060"
      }
    },
    {
      "type": "Feature",
      "geometry": {
        "type": "Polygon",
        "coordinates": [
          [
            [
              18.07096,
              59.35032
            ],
            [
              18.072560000000003,
              59.35032
            ],
            [
              18.072560000000003,
              59.35192
            ],
            [
              18.07096,
              59.35192
            ],
            [
              18.07096,
              59.35032
            ]
          ]
        ]
      },
      "properties": {
        "id": "fb60-Stockholm-101",
        "municipality": "Stockholm",
        "type": "flerbostadshus",
        "view": "2060"
      }
    },
    {
      "type": "Feature",
      "geometry": {
        "type": "Polygon",
        "coordinates": [
          [
            [
              18.07272,
              59.35032
            ],
            [
              18.074320000000004,
              59.35032
            ],
            [
              18.074320000000004,
              59.35192
            ],
            [
              18.07272,
              59.35192
            ],
            [
              18.07272,
              59.35032
            ]
          ]
        ]
      },
      "properties": {
        "id": "fb60-Stockholm-102",
        "municipality": "Stockholm",
        "type": "flerbostadshus",
        "view": "2060"
      }
    },
    {
      "type": "Feature",
      "geometry": {
        "type": "Polygon",
        "coordinates": [
          [
            [
              18.074479999999998,
              59.35032
            ],
            [
              18.07608,
              59.35032
            ],
            [
              18.07608,
              59.35192
            ],
            [
              18.074479999999998,
              59.35192
            ],
            [
              18.074479999999998,
              59.35032
            ]
          ]
        ]
      },
      "properties": {
        "id": "fb60-Stockholm-103",
        "municipality": "Stockholm",
        "type": "flerbostadshus",
        "view": "2060"
      }
    },
    {
      "type": "Feature",
      "geometry": {
        "type": "Polygon",
        "coordinates": [
          [
            [
              18.06216,
              59.35208
            ],
            [
              18.063760000000002,
              59.35208
            ],
            [
              18.063760000000002,
              59.35368
            ],
            [
              18.06216,
              59.35368
            ],
            [
              18.06216,
              59.35208
            ]
          ]
        ]
      },
      "properties": {
        "id": "fb60-Stockholm-104",
        "municipality": "Stockholm",
        "type": "flerbostadshus",
        "view": "2060"
      }
    },
    {
      "type": "Feature",
      "geometry": {
        "type": "Polygon",
        "coordinates": [
          [
            [
              18.06392,
              59.35208
            ],
            [
              18.065520000000003,
              59.35208
            ],
            [
              18.065520000000003,
              59.35368
            ],
            [
              18.06392,
              59.35368
            ],
            [
              18.06392,
              59.35208
            ]
          ]
        ]
      },
      "properties": {
        "id": "fb60-Stockholm-105",
        "municipality": "Stockholm",
        "type": "flerbostadshus",
        "view": "2060"
      }
    },
    {
      "type": "Feature",
      "geometry": {
        "type": "Polygon",
        "coordinates": [
          [
            [
              18.065679999999997,
              59.35208
            ],
            [
              18.06728,
              59.35208
            ],
            [
              18.06728,
              59.35368
            ],
            [
              18.065679999999997,
              59.35368
            ],
            [
              18.065679999999997,
              59.35208
            ]
          ]
        ]
      },
      "properties": {
        "id": "fb60-Stockholm-106",
        "municipality": "Stockholm",
        "type": "flerbostadshus",
        "view": "2060"
      }
    },
    {
      "type": "Feature",
      "geometry": {
        "type": "Polygon",
        "coordinates": [
          [
            [
              18.067439999999998,
              59.35208
            ],
            [
              18.06904,
              59.35208
            ],
            [
              18.06904,
              59.35368
            ],
            [
              18.067439999999998,
              59.35368
            ],
            [
              18.067439999999998,
              59.35208
            ]
          ]
        ]
      },
      "properties": {
        "id": "fb60-Stockholm-107",
        "municipality": "Stockholm",
        "type": "flerbostadshus",
        "view": "2060"
      }
    },
    {
      "type": "Feature",
      "geometry": {
        "type": "Polygon",
        "coordinates": [
          [
            [
              18.0692,
              59.35208
            ],
            [
              18.070800000000002,
              59.35208
            ],
            [
              18.070800000000002,
              59.35368
            ],
            [
              18.0692,
              59.35368
            ],
            [
              18.0692,
              59.35208
            ]
          ]
        ]
      },
      "properties": {
        "id": "fb60-Stockholm-108",
        "municipality": "Stockholm",
        "type": "flerbostadshus",
        "view": "2060"
      }
    },
    {
      "type": "Feature",
      "geometry": {
        "type": "Polygon",
        "coordinates": [
          [
            [
              18.07096,
              59.35208
            ],
            [
              18.072560000000003,
              59.35208
            ],
            [
              18.072560000000003,
              59.35368
            ],
            [
              18.07096,
              59.35368
            ],
            [
              18.07096,
              59.35208
            ]
          ]
        ]
      },
      "properties": {
        "id": "fb60-Stockholm-109",
        "municipality": "Stockholm",
        "type": "flerbostadshus",
        "view": "2060"
      }
    },
    {
      "type": "Feature",
      "geometry": {
        "type": "Polygon",
        "coordinates": [
          [
            [
              18.07272,
              59.35208
            ],
            [
              18.074320000000004,
              59.35208
            ],
            [
              18.074320000000004,
              59.35368
            ],
            [
              18.07272,
              59.35368
            ],
            [
              18.07272,
              59.35208
            ]
          ]
        ]
      },
      "properties": {
        "id": "fb60-Stockholm-110",
        "municipality": "Stockholm",
        "type": "flerbostadshus",
        "view": "2060"
      }
    },
    {
      "type": "Feature",
      "geometry": {
        "type": "Polygon",
        "coordinates": [
          [
            [
              18.074479999999998,
              59.35208
            ],
            [
              18.07608,
              59.35208
            ],
            [
              18.07608,
              59.35368
            ],
            [
              18.074479999999998,
              59.35368
            ],
            [
              18.074479999999998,
              59.35208
            ]
          ]
        ]
      },
      "properties": {
        "id": "fb60-Stockholm-111",
        "municipality": "Stockholm",
        "type": "flerbostadshus",
        "view": "2060"
      }
    },
    {
      "type": "Feature",
      "geometry": {
        "type": "Polygon",
        "coordinates": [
          [
            [
              18.06216,
              59.35384
            ],
            [
              18.063760000000002,
              59.35384
            ],
            [
              18.063760000000002,
              59.355439999999994
            ],
            [
              18.06216,
              59.355439999999994
            ],
            [
              18.06216,
              59.35384
            ]
          ]
        ]
      },
      "properties": {
        "id": "fb60-Stockholm-112",
        "municipality": "Stockholm",
        "type": "flerbostadshus",
        "view": "2060"
      }
    },
    {
      "type": "Feature",
      "geometry": {
        "type": "Polygon",
        "coordinates": [
          [
            [
              18.06392,
              59.35384
            ],
            [
              18.065520000000003,
              59.35384
            ],
            [
              18.065520000000003,
              59.355439999999994
            ],
            [
              18.06392,
              59.355439999999994
            ],
            [
              18.06392,
              59.35384
            ]
          ]
        ]
      },
      "properties": {
        "id": "fb60-Stockholm-113",
        "municipality": "Stockholm",
        "type": "flerbostadshus",
        "view": "2060"
      }
    },
    {
      "type": "Feature",
      "geometry": {
        "type": "Polygon",
        "coordinates": [
          [
            [
              18.065679999999997,
              59.35384
            ],
            [
              18.06728,
              59.35384
            ],
            [
              18.06728,
              59.355439999999994
            ],
            [
              18.065679999999997,
              59.355439999999994
            ],
            [
              18.065679999999997,
              59.35384
            ]
          ]
        ]
      },
      "properties": {
        "id": "fb60-Stockholm-114",
        "municipality": "Stockholm",
        "type": "flerbostadshus",
        "view": "2060"
      }
    },
    {
      "type": "Feature",
      "geometry": {
        "type": "Polygon",
        "coordinates": [
          [
            [
              18.067439999999998,
              59.35384
            ],
            [
              18.06904,
              59.35384
            ],
            [
              18.06904,
              59.355439999999994
            ],
            [
              18.067439999999998,
              59.355439999999994
            ],
            [
              18.067439999999998,
              59.35384
            ]
          ]
        ]
      },
      "properties": {
        "id": "fb60-Stockholm-115",
        "municipality": "Stockholm",
        "type": "flerbostadshus",
        "view": "2060"
      }
    },
    {
      "type": "Feature",
      "geometry": {
        "type": "Polygon",
        "coordinates": [
          [
            [
              18.0692,
              59.35384
            ],
            [
              18.070800000000002,
              59.35384
            ],
            [
              18.070800000000002,
              59.355439999999994
            ],
            [
              18.0692,
              59.355439999999994
            ],
            [
              18.0692,
              59.35384
            ]
          ]
        ]
      },
      "properties": {
        "id": "fb60-Stockholm-116",
        "municipality": "Stockholm",
        "type": "flerbostadshus",
        "view": "2060"
      }
    },
    {
      "type": "Feature",
      "geometry": {
        "type": "Polygon",
        "coordinates": [
          [
            [
              18.07096,
              59.35384
            ],
            [
              18.072560000000003,
              59.35384
            ],
            [
              18.072560000000003,
              59.355439999999994
            ],
            [
              18.07096,
              59.355439999999994
            ],
            [
              18.07096,
              59.35384
            ]
          ]
        ]
      },
      "properties": {
        "id": "fb60-Stockholm-117",
        "municipality": "Stockholm",
        "type": "flerbostadshus",
        "view": "2060"
      }
    },
    {
      "type": "Feature",
      "geometry": {
        "type": "Polygon",
        "coordinates": [
          [
            [
              18.07272,
              59.35384
            ],
            [
              18.074320000000004,
              59.35384
            ],
            [
              18.074320000000004,
              59.355439999999994
            ],
            [
              18.07272,
              59.355439999999994
            ],
            [
              18.07272,
              59.35384
            ]
          ]
        ]
      },
      "properties": {
        "id": "fb60-Stockholm-118",
        "municipality": "Stockholm",
        "type": "flerbostadshus",
        "view": "2060"
      }
    },
    {
      "type": "Feature",
      "geometry": {
        "type": "Polygon",
        "coordinates": [
          [
            [
              18.074479999999998,
              59.35384
            ],
            [
              18.07608,
              59.35384
            ],
            [
              18.07608,
              59.355439999999994
            ],
            [
              18.074479999999998,
              59.355439999999994
            ],
            [
              18.074479999999998,
              59.35384
            ]
          ]
        ]
      },
      "properties": {
        "id": "fb60-Stockholm-119",
        "municipality": "Stockholm",
        "type": "flerbostadshus",
        "view": "2060"
      }
    },
    {
      "type": "Feature",
      "geometry": {
        "type": "Polygon",
        "coordinates": [
          [
            [
              18.06216,
              59.3556
            ],
            [
              18.063760000000002,
              59.3556
            ],
            [
              18.063760000000002,
              59.3572
            ],
            [
              18.06216,
              59.3572
            ],
            [
              18.06216,
              59.3556
            ]
          ]
        ]
      },
      "properties": {
        "id": "fb60-Stockholm-120",
        "municipality": "Stockholm",
        "type": "flerbostadshus",
        "view": "2060"
      }
    },
    {
      "type": "Feature",
      "geometry": {
        "type": "Polygon",
        "coordinates": [
          [
            [
              18.06392,
              59.3556
            ],
            [
              18.065520000000003,
              59.3556
            ],
            [
              18.065520000000003,
              59.3572
            ],
            [
              18.06392,
              59.3572
            ],
            [
              18.06392,
              59.3556
            ]
          ]
        ]
      },
      "properties": {
        "id": "fb60-Stockholm-121",
        "municipality": "Stockholm",
        "type": "flerbostadshus",
        "view": "2060"
      }
    },
    {
      "type": "Feature",
      "geometry": {
        "type": "Polygon",
        "coordinates": [
          [
            [
              18.065679999999997,
              59.3556
            ],
            [
              18.06728,
              59.3556
            ],
            [
              18.06728,
              59.3572
            ],
            [
              18.065679999999997,
              59.3572
            ],
            [
              18.065679999999997,
              59.3556
            ]
          ]
        ]
      },
      "properties": {
        "id": "fb60-Stockholm-122",
        "municipality": "Stockholm",
        "type": "flerbostadshus",
        "view": "2060"
      }
    },
    {
      "type": "Feature",
      "geometry": {
        "type": "Polygon",
        "coordinates": [
          [
            [
              18.067439999999998,
              59.3556
            ],
            [
              18.06904,
              59.3556
            ],
            [
              18.06904,
              59.3572
            ],
            [
              18.067439999999998,
              59.3572
            ],
            [
              18.067439999999998,
              59.3556
            ]
          ]
        ]
      },
      "properties": {
        "id": "fb60-Stockholm-123",
        "municipality": "Stockholm",
        "type": "flerbostadshus",
        "view": "2060"
      }
    },
    {
      "type": "Feature",
      "geometry": {
        "type": "Polygon",
        "coordinates": [
          [
            [
              18.0692,
              59.3556
            ],
            [
              18.070800000000002,
              59.3556
            ],
            [
              18.070800000000002,
              59.3572
            ],
            [
              18.0692,
              59.3572
            ],
            [
              18.0692,
              59.3556
            ]
          ]
        ]
      },
      "properties": {
        "id": "fb60-Stockholm-124",
        "municipality": "Stockholm",
        "type": "flerbostadshus",
        "view": "2060"
      }
    },
    {
      "type": "Feature",
      "geometry": {
        "type": "Polygon",
        "coordinates": [
          [
            [
              18.07096,
              59.3556
            ],
            [
              18.072560000000003,
              59.3556
            ],
            [
              18.072560000000003,
              59.3572
            ],
            [
              18.07096,
              59.3572
            ],
            [
              18.07096,
              59.3556
            ]
          ]
        ]
      },
      "properties": {
        "id": "fb60-Stockholm-125",
        "municipality": "Stockholm",
        "type": "flerbostadshus",
        "view": "2060"
      }
    },
    {
      "type": "Feature",
      "geometry": {
        "type": "Polygon",
        "coordinates": [
          [
            [
              18.07272,
              59.3556
            ],
            [
              18.074320000000004,
              59.3556
            ],
            [
              18.074320000000004,
              59.3572
            ],
            [
              18.07272,
              59.3572
            ],
            [
              18.07272,
              59.3556
            ]
          ]
        ]
      },
      "properties": {
        "id": "fb60-Stockholm-126",
        "municipality": "Stockholm",
        "type": "flerbostadshus",
        "view": "2060"
      }
    },
    {
      "type": "Feature",
      "geometry": {
        "type": "Polygon",
        "coordinates": [
          [
            [
              18.074479999999998,
              59.3556
            ],
            [
              18.07608,
              59.3556
            ],
            [
              18.07608,
              59.3572
            ],
            [
              18.074479999999998,
              59.3572
            ],
            [
              18.074479999999998,
              59.3556
            ]
          ]
        ]
      },
      "properties": {
        "id": "fb60-Stockholm-127",
        "municipality": "Stockholm",
        "type": "flerbostadshus",
        "view": "2060"
      }
    },
    {
      "type": "Feature",
      "geometry": {
        "type": "Polygon",
        "coordinates": [
          [
            [
              18.06216,
              59.35736
            ],
            [
              18.063760000000002,
              59.35736
            ],
            [
              18.063760000000002,
              59.358959999999996
            ],
            [
              18.06216,
              59.358959999999996
            ],
            [
              18.06216,
              59.35736
            ]
          ]
        ]
      },
      "properties": {
        "id": "fb60-Stockholm-128",
        "municipality": "Stockholm",
        "type": "flerbostadshus",
        "view": "2060"
      }
    },
    {
      "type": "Feature",
      "geometry": {
        "type": "Polygon",
        "coordinates": [
          [
            [
              18.06392,
              59.35736
            ],
            [
              18.065520000000003,
              59.35736
            ],
            [
              18.065520000000003,
              59.358959999999996
            ],
            [
              18.06392,
              59.358959999999996
            ],
            [
              18.06392,
              59.35736
            ]
          ]
        ]
      },
      "properties": {
        "id": "fb60-Stockholm-129",
        "municipality": "Stockholm",
        "type": "flerbostadshus",
        "view": "2060"
      }
    },
    {
      "type": "Feature",
      "geometry": {
        "type": "Polygon",
        "coordinates": [
          [
            [
              18.065679999999997,
              59.35736
            ],
            [
              18.06728,
              59.35736
            ],
            [
              18.06728,
              59.358959999999996
            ],
            [
              18.065679999999997,
              59.358959999999996
            ],
            [
              18.065679999999997,
              59.35736
            ]
          ]
        ]
      },
      "properties": {
        "id": "fb60-Stockholm-130",
        "municipality": "Stockholm",
        "type": "flerbostadshus",
        "view": "2060"
      }
    },
    {
      "type": "Feature",
      "geometry": {
        "type": "Polygon",
        "coordinates": [
          [
            [
              18.067439999999998,
              59.35736
            ],
            [
              18.06904,
              59.35736
            ],
            [
              18.06904,
              59.358959999999996
            ],
            [
              18.067439999999998,
              59.358959999999996
            ],
            [
              18.067439999999998,
              59.35736
            ]
          ]
        ]
      },
      "properties": {
        "id": "fb60-Stockholm-131",
        "municipality": "Stockholm",
        "type": "flerbostadshus",
        "view": "2060"
      }
    },
    {
      "type": "Feature",
      "geometry": {
        "type": "Polygon",
        "coordinates": [
          [
            [
              18.0692,
              59.35736
            ],
            [
              18.070800000000002,
              59.35736
            ],
            [
              18.070800000000002,
              59.358959999999996
            ],
            [
              18.0692,
              59.358959999999996
            ],
            [
              18.0692,
              59.35736
            ]
          ]
        ]
      },
      "properties": {
        "id": "fb60-Stockholm-132",
        "municipality": "Stockholm",
        "type": "flerbostadshus",
        "view": "2060"
      }
    },
    {
      "type": "Feature",
      "geometry": {
        "type": "Polygon",
        "coordinates": [
          [
            [
              18.07096,
              59.35736
            ],
            [
              18.072560000000003,
              59.35736
            ],
            [
              18.072560000000003,
              59.358959999999996
            ],
            [
              18.07096,
              59.358959999999996
            ],
            [
              18.07096,
              59.35736
            ]
          ]
        ]
      },
      "properties": {
        "id": "fb60-Stockholm-133",
        "municipality": "Stockholm",
        "type": "flerbostadshus",
        "view": "2060"
      }
    },
    {
      "type": "Feature",
      "geometry": {
        "type": "Polygon",
        "coordinates": [
          [
            [
              18.07272,
              59.35736
            ],
            [
              18.074320000000004,
              59.35736
            ],
            [
              18.074320000000004,
              59.358959999999996
            ],
            [
              18.07272,
              59.358959999999996
            ],
            [
              18.07272,
              59.35736
            ]
          ]
        ]
      },
      "properties": {
        "id": "fb60-Stockholm-134",
        "municipality": "Stockholm",
        "type": "flerbostadshus",
        "view": "2060"
      }
    },
    {
      "type": "Feature",
      "geometry": {
        "type": "Polygon",
        "coordinates": [
          [
            [
              18.074479999999998,
              59.35736
            ],
            [
              18.07608,
              59.35736
            ],
            [
              18.07608,
              59.358959999999996
            ],
            [
              18.074479999999998,
              59.358959999999996
            ],
            [
              18.074479999999998,
              59.35736
            ]
          ]
        ]
      },
      "properties": {
        "id": "fb60-Stockholm-135",
        "municipality": "Stockholm",
        "type": "flerbostadshus",
        "view": "2060"
      }
    },
    {
      "type": "Feature",
      "geometry": {
        "type": "Polygon",
        "coordinates": [
          [
            [
              18.06216,
              59.35912
            ],
            [
              18.063760000000002,
              59.35912
            ],
            [
              18.063760000000002,
              59.36071999999999
            ],
            [
              18.06216,
              59.36071999999999
            ],
            [
              18.06216,
              59.35912
            ]
          ]
        ]
      },
      "properties": {
        "id": "fb60-Stockholm-136",
        "municipality": "Stockholm",
        "type": "flerbostadshus",
        "view": "2060"
      }
    },
    {
      "type": "Feature",
      "geometry": {
        "type": "Polygon",
        "coordinates": [
          [
            [
              18.06392,
              59.35912
            ],
            [
              18.065520000000003,
              59.35912
            ],
            [
              18.065520000000003,
              59.36071999999999
            ],
            [
              18.06392,
              59.36071999999999
            ],
            [
              18.06392,
              59.35912
            ]
          ]
        ]
      },
      "properties": {
        "id": "fb60-Stockholm-137",
        "municipality": "Stockholm",
        "type": "flerbostadshus",
        "view": "2060"
      }
    },
    {
      "type": "Feature",
      "geometry": {
        "type": "Polygon",
        "coordinates": [
          [
            [
              18.065679999999997,
              59.35912
            ],
            [
              18.06728,
              59.35912
            ],
            [
              18.06728,
              59.36071999999999
            ],
            [
              18.065679999999997,
              59.36071999999999
            ],
            [
              18.065679999999997,
              59.35912
            ]
          ]
        ]
      },
      "properties": {
        "id": "fb60-Stockholm-138",
        "municipality": "Stockholm",
        "type": "flerbostadshus",
        "view": "2060"
      }
    },
    {
      "type": "Feature",
      "geometry": {
        "type": "Polygon",
        "coordinates": [
          [
            [
              18.067439999999998,
              59.35912
            ],
            [
              18.06904,
              59.35912
            ],
            [
              18.06904,
              59.36071999999999
            ],
            [
              18.067439999999998,
              59.36071999999999
            ],
            [
              18.067439999999998,
              59.35912
            ]
          ]
        ]
      },
      "properties": {
        "id": "fb60-Stockholm-139",
        "municipality": "Stockholm",
        "type": "flerbostadshus",
        "view": "2060"
      }
    },
    {
      "type": "Feature",
      "geometry": {
        "type": "Polygon",
        "coordinates": [
          [
            [
              18.0692,
              59.35912
            ],
            [
              18.070800000000002,
              59.35912
            ],
            [
              18.070800000000002,
              59.36071999999999
            ],
            [
              18.0692,
              59.36071999999999
            ],
            [
              18.0692,
              59.35912
            ]
          ]
        ]
      },
      "properties": {
        "id": "fb60-Stockholm-140",
        "municipality": "Stockholm",
        "type": "flerbostadshus",
        "view": "2060"
      }
    },
    {
      "type": "Feature",
      "geometry": {
        "type": "Polygon",
        "coordinates": [
          [
            [
              18.07096,
              59.35912
            ],
            [
              18.072560000000003,
              59.35912
            ],
            [
              18.072560000000003,
              59.36071999999999
            ],
            [
              18.07096,
              59.36071999999999
            ],
            [
              18.07096,
              59.35912
            ]
          ]
        ]
      },
      "properties": {
        "id": "fb60-Stockholm-141",
        "municipality": "Stockholm",
        "type": "flerbostadshus",
        "view": "2060"
      }
    },
    {
      "type": "Feature",
      "geometry": {
        "type": "Polygon",
        "coordinates": [
          [
            [
              18.07272,
              59.35912
            ],
            [
              18.074320000000004,
              59.35912
            ],
            [
              18.074320000000004,
              59.36071999999999
            ],
            [
              18.07272,
              59.36071999999999
            ],
            [
              18.07272,
              59.35912
            ]
          ]
        ]
      },
      "properties": {
        "id": "fb60-Stockholm-142",
        "municipality": "Stockholm",
        "type": "flerbostadshus",
        "view": "2060"
      }
    },
    {
      "type": "Feature",
      "geometry": {
        "type": "Polygon",
        "coordinates": [
          [
            [
              18.074479999999998,
              59.35912
            ],
            [
              18.07608,
              59.35912
            ],
            [
              18.07608,
              59.36071999999999
            ],
            [
              18.074479999999998,
              59.36071999999999
            ],
            [
              18.074479999999998,
              59.35912
            ]
          ]
        ]
      },
      "properties": {
        "id": "fb60-Stockholm-143",
        "municipality": "Stockholm",
        "type": "flerbostadshus",
        "view": "2060"
      }
    },
    {
      "type": "Feature",
      "geometry": {
        "type": "Polygon",
        "coordinates": [
          [
            [
              18.06216,
              59.36088
            ],
            [
              18.063760000000002,
              59.36088
            ],
            [
              18.063760000000002,
              59.36248
            ],
            [
              18.06216,
              59.36248
            ],
            [
              18.06216,
              59.36088
            ]
          ]
        ]
      },
      "properties": {
        "id": "fb60-Stockholm-144",
        "municipality": "Stockholm",
        "type": "flerbostadshus",
        "view": "2060"
      }
    },
    {
      "type": "Feature",
      "geometry": {
        "type": "Polygon",
        "coordinates": [
          [
            [
              18.06392,
              59.36088
            ],
            [
              18.065520000000003,
              59.36088
            ],
            [
              18.065520000000003,
              59.36248
            ],
            [
              18.06392,
              59.36248
            ],
            [
              18.06392,
              59.36088
            ]
          ]
        ]
      },
      "properties": {
        "id": "fb60-Stockholm-145",
        "municipality": "Stockholm",
        "type": "flerbostadshus",
        "view": "2060"
      }
    },
    {
      "type": "Feature",
      "geometry": {
        "type": "Polygon",
        "coordinates": [
          [
            [
              18.065679999999997,
              59.36088
            ],
            [
              18.06728,
              59.36088
            ],
            [
              18.06728,
              59.36248
            ],
            [
              18.065679999999997,
              59.36248
            ],
            [
              18.065679999999997,
              59.36088
            ]
          ]
        ]
      },
      "properties": {
        "id": "fb60-Stockholm-146",
        "municipality": "Stockholm",
        "type": "flerbostadshus",
        "view": "2060"
      }
    },
    {
      "type": "Feature",
      "geometry": {
        "type": "Polygon",
        "coordinates": [
          [
            [
              18.067439999999998,
              59.36088
            ],
            [
              18.06904,
              59.36088
            ],
            [
              18.06904,
              59.36248
            ],
            [
              18.067439999999998,
              59.36248
            ],
            [
              18.067439999999998,
              59.36088
            ]
          ]
        ]
      },
      "properties": {
        "id": "fb60-Stockholm-147",
        "municipality": "Stockholm",
        "type": "flerbostadshus",
        "view": "2060"
      }
    },
    {
      "type": "Feature",
      "geometry": {
        "type": "Polygon",
        "coordinates": [
          [
            [
              18.0692,
              59.36088
            ],
            [
              18.070800000000002,
              59.36088
            ],
            [
              18.070800000000002,
              59.36248
            ],
            [
              18.0692,
              59.36248
            ],
            [
              18.0692,
              59.36088
            ]
          ]
        ]
      },
      "properties": {
        "id": "fb60-Stockholm-148",
        "municipality": "Stockholm",
        "type": "flerbostadshus",
        "view": "2060"
      }
    },
    {
      "type": "Feature",
      "geometry": {
        "type": "Polygon",
        "coordinates": [
          [
            [
              18.07096,
              59.36088
            ],
            [
              18.072560000000003,
              59.36088
            ],
            [
              18.072560000000003,
              59.36248
            ],
            [
              18.07096,
              59.36248
            ],
            [
              18.07096,
              59.36088
            ]
          ]
        ]
      },
      "properties": {
        "id": "fb60-Stockholm-149",
        "municipality": "Stockholm",
        "type": "flerbostadshus",
        "view": "2060"
      }
    },
    {
      "type": "Feature",
      "geometry": {
        "type": "Polygon",
        "coordinates": [
          [
            [
              18.07272,
              59.36088
            ],
            [
              18.074320000000004,
              59.36088
            ],
            [
              18.074320000000004,
              59.36248
            ],
            [
              18.07272,
              59.36248
            ],
            [
              18.07272,
              59.36088
            ]
          ]
        ]
      },
      "properties": {
        "id": "fb60-Stockholm-150",
        "municipality": "Stockholm",
        "type": "flerbostadshus",
        "view": "2060"
      }
    },
    {
      "type": "Feature",
      "geometry": {
        "type": "Polygon",
        "coordinates": [
          [
            [
              18.074479999999998,
              59.36088
            ],
            [
              18.07608,
              59.36088
            ],
            [
              18.07608,
              59.36248
            ],
            [
              18.074479999999998,
              59.36248
            ],
            [
              18.074479999999998,
              59.36088
            ]
          ]
        ]
      },
      "properties": {
        "id": "fb60-Stockholm-151",
        "municipality": "Stockholm",
        "type": "flerbostadshus",
        "view": "2060"
      }
    },
    {
      "type": "Feature",
      "geometry": {
        "type": "Polygon",
        "coordinates": [
          [
            [
              18.06216,
              59.36264
            ],
            [
              18.063760000000002,
              59.36264
            ],
            [
              18.063760000000002,
              59.364239999999995
            ],
            [
              18.06216,
              59.364239999999995
            ],
            [
              18.06216,
              59.36264
            ]
          ]
        ]
      },
      "properties": {
        "id": "fb60-Stockholm-152",
        "municipality": "Stockholm",
        "type": "flerbostadshus",
        "view": "2060"
      }
    },
    {
      "type": "Feature",
      "geometry": {
        "type": "Polygon",
        "coordinates": [
          [
            [
              18.06392,
              59.36264
            ],
            [
              18.065520000000003,
              59.36264
            ],
            [
              18.065520000000003,
              59.364239999999995
            ],
            [
              18.06392,
              59.364239999999995
            ],
            [
              18.06392,
              59.36264
            ]
          ]
        ]
      },
      "properties": {
        "id": "fb60-Stockholm-153",
        "municipality": "Stockholm",
        "type": "flerbostadshus",
        "view": "2060"
      }
    },
    {
      "type": "Feature",
      "geometry": {
        "type": "Polygon",
        "coordinates": [
          [
            [
              18.065679999999997,
              59.36264
            ],
            [
              18.06728,
              59.36264
            ],
            [
              18.06728,
              59.364239999999995
            ],
            [
              18.065679999999997,
              59.364239999999995
            ],
            [
              18.065679999999997,
              59.36264
            ]
          ]
        ]
      },
      "properties": {
        "id": "fb60-Stockholm-154",
        "municipality": "Stockholm",
        "type": "flerbostadshus",
        "view": "2060"
      }
    },
    {
      "type": "Feature",
      "geometry": {
        "type": "Polygon",
        "coordinates": [
          [
            [
              18.067439999999998,
              59.36264
            ],
            [
              18.06904,
              59.36264
            ],
            [
              18.06904,
              59.364239999999995
            ],
            [
              18.067439999999998,
              59.364239999999995
            ],
            [
              18.067439999999998,
              59.36264
            ]
          ]
        ]
      },
      "properties": {
        "id": "fb60-Stockholm-155",
        "municipality": "Stockholm",
        "type": "flerbostadshus",
        "view": "2060"
      }
    },
    {
      "type": "Feature",
      "geometry": {
        "type": "Polygon",
        "coordinates": [
          [
            [
              18.0692,
              59.36264
            ],
            [
              18.070800000000002,
              59.36264
            ],
            [
              18.070800000000002,
              59.364239999999995
            ],
            [
              18.0692,
              59.364239999999995
            ],
            [
              18.0692,
              59.36264
            ]
          ]
        ]
      },
      "properties": {
        "id": "fb60-Stockholm-156",
        "municipality": "Stockholm",
        "type": "flerbostadshus",
        "view": "2060"
      }
    },
    {
      "type": "Feature",
      "geometry": {
        "type": "Polygon",
        "coordinates": [
          [
            [
              18.07096,
              59.36264
            ],
            [
              18.072560000000003,
              59.36264
            ],
            [
              18.072560000000003,
              59.364239999999995
            ],
            [
              18.07096,
              59.364239999999995
            ],
            [
              18.07096,
              59.36264
            ]
          ]
        ]
      },
      "properties": {
        "id": "fb60-Stockholm-157",
        "municipality": "Stockholm",
        "type": "flerbostadshus",
        "view": "2060"
      }
    },
    {
      "type": "Feature",
      "geometry": {
        "type": "Polygon",
        "coordinates": [
          [
            [
              18.07272,
              59.36264
            ],
            [
              18.074320000000004,
              59.36264
            ],
            [
              18.074320000000004,
              59.364239999999995
            ],
            [
              18.07272,
              59.364239999999995
            ],
            [
              18.07272,
              59.36264
            ]
          ]
        ]
      },
      "properties": {
        "id": "fb60-Stockholm-158",
        "municipality": "Stockholm",
        "type": "flerbostadshus",
        "view": "2060"
      }
    },
    {
      "type": "Feature",
      "geometry": {
        "type": "Polygon",
        "coordinates": [
          [
            [
              18.074479999999998,
              59.36264
            ],
            [
              18.07608,
              59.36264
            ],
            [
              18.07608,
              59.364239999999995
            ],
            [
              18.074479999999998,
              59.364239999999995
            ],
            [
              18.074479999999998,
              59.36264
            ]
          ]
        ]
      },
      "properties": {
        "id": "fb60-Stockholm-159",
        "municipality": "Stockholm",
        "type": "flerbostadshus",
        "view": "2060"
      }
    },
    {
      "type": "Feature",
      "geometry": {
        "type": "Polygon",
        "coordinates": [
          [
            [
              18.06216,
              59.3644
            ],
            [
              18.063760000000002,
              59.3644
            ],
            [
              18.063760000000002,
              59.366
            ],
            [
              18.06216,
              59.366
            ],
            [
              18.06216,
              59.3644
            ]
          ]
        ]
      },
      "properties": {
        "id": "fb60-Stockholm-160",
        "municipality": "Stockholm",
        "type": "flerbostadshus",
        "view": "2060"
      }
    },
    {
      "type": "Feature",
      "geometry": {
        "type": "Polygon",
        "coordinates": [
          [
            [
              18.06392,
              59.3644
            ],
            [
              18.065520000000003,
              59.3644
            ],
            [
              18.065520000000003,
              59.366
            ],
            [
              18.06392,
              59.366
            ],
            [
              18.06392,
              59.3644
            ]
          ]
        ]
      },
      "properties": {
        "id": "fb60-Stockholm-161",
        "municipality": "Stockholm",
        "type": "flerbostadshus",
        "view": "2060"
      }
    },
    {
      "type": "Feature",
      "geometry": {
        "type": "Polygon",
        "coordinates": [
          [
            [
              18.065679999999997,
              59.3644
            ],
            [
              18.06728,
              59.3644
            ],
            [
              18.06728,
              59.366
            ],
            [
              18.065679999999997,
              59.366
            ],
            [
              18.065679999999997,
              59.3644
            ]
          ]
        ]
      },
      "properties": {
        "id": "fb60-Stockholm-162",
        "municipality": "Stockholm",
        "type": "flerbostadshus",
        "view": "2060"
      }
    },
    {
      "type": "Feature",
      "geometry": {
        "type": "Polygon",
        "coordinates": [
          [
            [
              18.067439999999998,
              59.3644
            ],
            [
              18.06904,
              59.3644
            ],
            [
              18.06904,
              59.366
            ],
            [
              18.067439999999998,
              59.366
            ],
            [
              18.067439999999998,
              59.3644
            ]
          ]
        ]
      },
      "properties": {
        "id": "fb60-Stockholm-163",
        "municipality": "Stockholm",
        "type": "flerbostadshus",
        "view": "2060"
      }
    },
    {
      "type": "Feature",
      "geometry": {
        "type": "Polygon",
        "coordinates": [
          [
            [
              18.0692,
              59.3644
            ],
            [
              18.070800000000002,
              59.3644
            ],
            [
              18.070800000000002,
              59.366
            ],
            [
              18.0692,
              59.366
            ],
            [
              18.0692,
              59.3644
            ]
          ]
        ]
      },
      "properties": {
        "id": "fb60-Stockholm-164",
        "municipality": "Stockholm",
        "type": "flerbostadshus",
        "view": "2060"
      }
    },
    {
      "type": "Feature",
      "geometry": {
        "type": "Polygon",
        "coordinates": [
          [
            [
              18.07096,
              59.3644
            ],
            [
              18.072560000000003,
              59.3644
            ],
            [
              18.072560000000003,
              59.366
            ],
            [
              18.07096,
              59.366
            ],
            [
              18.07096,
              59.3644
            ]
          ]
        ]
      },
      "properties": {
        "id": "fb60-Stockholm-165",
        "municipality": "Stockholm",
        "type": "flerbostadshus",
        "view": "2060"
      }
    },
    {
      "type": "Feature",
      "geometry": {
        "type": "Polygon",
        "coordinates": [
          [
            [
              18.07272,
              59.3644
            ],
            [
              18.074320000000004,
              59.3644
            ],
            [
              18.074320000000004,
              59.366
            ],
            [
              18.07272,
              59.366
            ],
            [
              18.07272,
              59.3644
            ]
          ]
        ]
      },
      "properties": {
        "id": "fb60-Stockholm-166",
        "municipality": "Stockholm",
        "type": "flerbostadshus",
        "view": "2060"
      }
    },
    {
      "type": "Feature",
      "geometry": {
        "type": "Polygon",
        "coordinates": [
          [
            [
              18.074479999999998,
              59.3644
            ],
            [
              18.07608,
              59.3644
            ],
            [
              18.07608,
              59.366
            ],
            [
              18.074479999999998,
              59.366
            ],
            [
              18.074479999999998,
              59.3644
            ]
          ]
        ]
      },
      "properties": {
        "id": "fb60-Stockholm-167",
        "municipality": "Stockholm",
        "type": "flerbostadshus",
        "view": "2060"
      }
    },
    {
      "type": "Feature",
      "geometry": {
        "type": "Polygon",
        "coordinates": [
          [
            [
              18.06216,
              59.36616
            ],
            [
              18.063760000000002,
              59.36616
            ],
            [
              18.063760000000002,
              59.36776
            ],
            [
              18.06216,
              59.36776
            ],
            [
              18.06216,
              59.36616
            ]
          ]
        ]
      },
      "properties": {
        "id": "fb60-Stockholm-168",
        "municipality": "Stockholm",
        "type": "flerbostadshus",
        "view": "2060"
      }
    },
    {
      "type": "Feature",
      "geometry": {
        "type": "Polygon",
        "coordinates": [
          [
            [
              18.06392,
              59.36616
            ],
            [
              18.065520000000003,
              59.36616
            ],
            [
              18.065520000000003,
              59.36776
            ],
            [
              18.06392,
              59.36776
            ],
            [
              18.06392,
              59.36616
            ]
          ]
        ]
      },
      "properties": {
        "id": "fb60-Stockholm-169",
        "municipality": "Stockholm",
        "type": "flerbostadshus",
        "view": "2060"
      }
    },
    {
      "type": "Feature",
      "geometry": {
        "type": "Polygon",
        "coordinates": [
          [
            [
              18.065679999999997,
              59.36616
            ],
            [
              18.06728,
              59.36616
            ],
            [
              18.06728,
              59.36776
            ],
            [
              18.065679999999997,
              59.36776
            ],
            [
              18.065679999999997,
              59.36616
            ]
          ]
        ]
      },
      "properties": {
        "id": "fb60-Stockholm-170",
        "municipality": "Stockholm",
        "type": "flerbostadshus",
        "view": "2060"
      }
    },
    {
      "type": "Feature",
      "geometry": {
        "type": "Polygon",
        "coordinates": [
          [
            [
              18.067439999999998,
              59.36616
            ],
            [
              18.06904,
              59.36616
            ],
            [
              18.06904,
              59.36776
            ],
            [
              18.067439999999998,
              59.36776
            ],
            [
              18.067439999999998,
              59.36616
            ]
          ]
        ]
      },
      "properties": {
        "id": "fb60-Stockholm-171",
        "municipality": "Stockholm",
        "type": "flerbostadshus",
        "view": "2060"
      }
    },
    {
      "type": "Feature",
      "geometry": {
        "type": "Polygon",
        "coordinates": [
          [
            [
              18.0692,
              59.36616
            ],
            [
              18.070800000000002,
              59.36616
            ],
            [
              18.070800000000002,
              59.36776
            ],
            [
              18.0692,
              59.36776
            ],
            [
              18.0692,
              59.36616
            ]
          ]
        ]
      },
      "properties": {
        "id": "fb60-Stockholm-172",
        "municipality": "Stockholm",
        "type": "flerbostadshus",
        "view": "2060"
      }
    },
    {
      "type": "Feature",
      "geometry": {
        "type": "Polygon",
        "coordinates": [
          [
            [
              18.07096,
              59.36616
            ],
            [
              18.072560000000003,
              59.36616
            ],
            [
              18.072560000000003,
              59.36776
            ],
            [
              18.07096,
              59.36776
            ],
            [
              18.07096,
              59.36616
            ]
          ]
        ]
      },
      "properties": {
        "id": "fb60-Stockholm-173",
        "municipality": "Stockholm",
        "type": "flerbostadshus",
        "view": "2060"
      }
    },
    {
      "type": "Feature",
      "geometry": {
        "type": "Polygon",
        "coordinates": [
          [
            [
              18.07272,
              59.36616
            ],
            [
              18.074320000000004,
              59.36616
            ],
            [
              18.074320000000004,
              59.36776
            ],
            [
              18.07272,
              59.36776
            ],
            [
              18.07272,
              59.36616
            ]
          ]
        ]
      },
      "properties": {
        "id": "fb60-Stockholm-174",
        "municipality": "Stockholm",
        "type": "flerbostadshus",
        "view": "2060"
      }
    },
    {
      "type": "Feature",
      "geometry": {
        "type": "Polygon",
        "coordinates": [
          [
            [
              18.074479999999998,
              59.36616
            ],
            [
              18.07608,
              59.36616
            ],
            [
              18.07608,
              59.36776
            ],
            [
              18.074479999999998,
              59.36776
            ],
            [
              18.074479999999998,
              59.36616
            ]
          ]
        ]
      },
      "properties": {
        "id": "fb60-Stockholm-175",
        "municipality": "Stockholm",
        "type": "flerbostadshus",
        "view": "2060"
      }
    },
    {
      "type": "Feature",
      "geometry": {
        "type": "Polygon",
        "coordinates": [
          [
            [
              18.06216,
              59.36792
            ],
            [
              18.063760000000002,
              59.36792
            ],
            [
              18.063760000000002,
              59.369519999999994
            ],
            [
              18.06216,
              59.369519999999994
            ],
            [
              18.06216,
              59.36792
            ]
          ]
        ]
      },
      "properties": {
        "id": "fb60-Stockholm-176",
        "municipality": "Stockholm",
        "type": "flerbostadshus",
        "view": "2060"
      }
    },
    {
      "type": "Feature",
      "geometry": {
        "type": "Polygon",
        "coordinates": [
          [
            [
              18.06392,
              59.36792
            ],
            [
              18.065520000000003,
              59.36792
            ],
            [
              18.065520000000003,
              59.369519999999994
            ],
            [
              18.06392,
              59.369519999999994
            ],
            [
              18.06392,
              59.36792
            ]
          ]
        ]
      },
      "properties": {
        "id": "fb60-Stockholm-177",
        "municipality": "Stockholm",
        "type": "flerbostadshus",
        "view": "2060"
      }
    },
    {
      "type": "Feature",
      "geometry": {
        "type": "Polygon",
        "coordinates": [
          [
            [
              18.065679999999997,
              59.36792
            ],
            [
              18.06728,
              59.36792
            ],
            [
              18.06728,
              59.369519999999994
            ],
            [
              18.065679999999997,
              59.369519999999994
            ],
            [
              18.065679999999997,
              59.36792
            ]
          ]
        ]
      },
      "properties": {
        "id": "fb60-Stockholm-178",
        "municipality": "Stockholm",
        "type": "flerbostadshus",
        "view": "2060"
      }
    },
    {
      "type": "Feature",
      "geometry": {
        "type": "Polygon",
        "coordinates": [
          [
            [
              18.067439999999998,
              59.36792
            ],
            [
              18.06904,
              59.36792
            ],
            [
              18.06904,
              59.369519999999994
            ],
            [
              18.067439999999998,
              59.369519999999994
            ],
            [
              18.067439999999998,
              59.36792
            ]
          ]
        ]
      },
      "properties": {
        "id": "fb60-Stockholm-179",
        "municipality": "Stockholm",
        "type": "flerbostadshus",
        "view": "2060"
      }
    },
    {
      "type": "Feature",
      "geometry": {
        "type": "Polygon",
        "coordinates": [
          [
            [
              18.0692,
              59.36792
            ],
            [
              18.070800000000002,
              59.36792
            ],
            [
              18.070800000000002,
              59.369519999999994
            ],
            [
              18.0692,
              59.369519999999994
            ],
            [
              18.0692,
              59.36792
            ]
          ]
        ]
      },
      "properties": {
        "id": "fb60-Stockholm-180",
        "municipality": "Stockholm",
        "type": "flerbostadshus",
        "view": "2060"
      }
    },
    {
      "type": "Feature",
      "geometry": {
        "type": "Polygon",
        "coordinates": [
          [
            [
              18.07096,
              59.36792
            ],
            [
              18.072560000000003,
              59.36792
            ],
            [
              18.072560000000003,
              59.369519999999994
            ],
            [
              18.07096,
              59.369519999999994
            ],
            [
              18.07096,
              59.36792
            ]
          ]
        ]
      },
      "properties": {
        "id": "fb60-Stockholm-181",
        "municipality": "Stockholm",
        "type": "flerbostadshus",
        "view": "2060"
      }
    },
    {
      "type": "Feature",
      "geometry": {
        "type": "Polygon",
        "coordinates": [
          [
            [
              18.07272,
              59.36792
            ],
            [
              18.074320000000004,
              59.36792
            ],
            [
              18.074320000000004,
              59.369519999999994
            ],
            [
              18.07272,
              59.369519999999994
            ],
            [
              18.07272,
              59.36792
            ]
          ]
        ]
      },
      "properties": {
        "id": "fb60-Stockholm-182",
        "municipality": "Stockholm",
        "type": "flerbostadshus",
        "view": "2060"
      }
    },
    {
      "type": "Feature",
      "geometry": {
        "type": "Polygon",
        "coordinates": [
          [
            [
              18.074479999999998,
              59.36792
            ],
            [
              18.07608,
              59.36792
            ],
            [
              18.07608,
              59.369519999999994
            ],
            [
              18.074479999999998,
              59.369519999999994
            ],
            [
              18.074479999999998,
              59.36792
            ]
          ]
        ]
      },
      "properties": {
        "id": "fb60-Stockholm-183",
        "municipality": "Stockholm",
        "type": "flerbostadshus",
        "view": "2060"
      }
    },
    {
      "type": "Feature",
      "geometry": {
        "type": "Polygon",
        "coordinates": [
          [
            [
              18.06216,
              59.36968
            ],
            [
              18.063760000000002,
              59.36968
            ],
            [
              18.063760000000002,
              59.37128
            ],
            [
              18.06216,
              59.37128
            ],
            [
              18.06216,
              59.36968
            ]
          ]
        ]
      },
      "properties": {
        "id": "fb60-Stockholm-184",
        "municipality": "Stockholm",
        "type": "flerbostadshus",
        "view": "2060"
      }
    },
    {
      "type": "Feature",
      "geometry": {
        "type": "Polygon",
        "coordinates": [
          [
            [
              18.06392,
              59.36968
            ],
            [
              18.065520000000003,
              59.36968
            ],
            [
              18.065520000000003,
              59.37128
            ],
            [
              18.06392,
              59.37128
            ],
            [
              18.06392,
              59.36968
            ]
          ]
        ]
      },
      "properties": {
        "id": "fb60-Stockholm-185",
        "municipality": "Stockholm",
        "type": "flerbostadshus",
        "view": "2060"
      }
    },
    {
      "type": "Feature",
      "geometry": {
        "type": "Polygon",
        "coordinates": [
          [
            [
              18.065679999999997,
              59.36968
            ],
            [
              18.06728,
              59.36968
            ],
            [
              18.06728,
              59.37128
            ],
            [
              18.065679999999997,
              59.37128
            ],
            [
              18.065679999999997,
              59.36968
            ]
          ]
        ]
      },
      "properties": {
        "id": "fb60-Stockholm-186",
        "municipality": "Stockholm",
        "type": "flerbostadshus",
        "view": "2060"
      }
    },
    {
      "type": "Feature",
      "geometry": {
        "type": "Polygon",
        "coordinates": [
          [
            [
              18.067439999999998,
              59.36968
            ],
            [
              18.06904,
              59.36968
            ],
            [
              18.06904,
              59.37128
            ],
            [
              18.067439999999998,
              59.37128
            ],
            [
              18.067439999999998,
              59.36968
            ]
          ]
        ]
      },
      "properties": {
        "id": "fb60-Stockholm-187",
        "municipality": "Stockholm",
        "type": "flerbostadshus",
        "view": "2060"
      }
    },
    {
      "type": "Feature",
      "geometry": {
        "type": "Polygon",
        "coordinates": [
          [
            [
              18.0692,
              59.36968
            ],
            [
              18.070800000000002,
              59.36968
            ],
            [
              18.070800000000002,
              59.37128
            ],
            [
              18.0692,
              59.37128
            ],
            [
              18.0692,
              59.36968
            ]
          ]
        ]
      },
      "properties": {
        "id": "fb60-Stockholm-188",
        "municipality": "Stockholm",
        "type": "flerbostadshus",
        "view": "2060"
      }
    },
    {
      "type": "Feature",
      "geometry": {
        "type": "Polygon",
        "coordinates": [
          [
            [
              18.07096,
              59.36968
            ],
            [
              18.072560000000003,
              59.36968
            ],
            [
              18.072560000000003,
              59.37128
            ],
            [
              18.07096,
              59.37128
            ],
            [
              18.07096,
              59.36968
            ]
          ]
        ]
      },
      "properties": {
        "id": "fb60-Stockholm-189",
        "municipality": "Stockholm",
        "type": "flerbostadshus",
        "view": "2060"
      }
    },
    {
      "type": "Feature",
      "geometry": {
        "type": "Polygon",
        "coordinates": [
          [
            [
              18.07272,
              59.36968
            ],
            [
              18.074320000000004,
              59.36968
            ],
            [
              18.074320000000004,
              59.37128
            ],
            [
              18.07272,
              59.37128
            ],
            [
              18.07272,
              59.36968
            ]
          ]
        ]
      },
      "properties": {
        "id": "fb60-Stockholm-190",
        "municipality": "Stockholm",
        "type": "flerbostadshus",
        "view": "2060"
      }
    },
    {
      "type": "Feature",
      "geometry": {
        "type": "Polygon",
        "coordinates": [
          [
            [
              18.074479999999998,
              59.36968
            ],
            [
              18.07608,
              59.36968
            ],
            [
              18.07608,
              59.37128
            ],
            [
              18.074479999999998,
              59.37128
            ],
            [
              18.074479999999998,
              59.36968
            ]
          ]
        ]
      },
      "properties": {
        "id": "fb60-Stockholm-191",
        "municipality": "Stockholm",
        "type": "flerbostadshus",
        "view": "2060"
      }
    },
    {
      "type": "Feature",
      "geometry": {
        "type": "Polygon",
        "coordinates": [
          [
            [
              18.06216,
              59.37144
            ],
            [
              18.063760000000002,
              59.37144
            ],
            [
              18.063760000000002,
              59.373039999999996
            ],
            [
              18.06216,
              59.373039999999996
            ],
            [
              18.06216,
              59.37144
            ]
          ]
        ]
      },
      "properties": {
        "id": "fb60-Stockholm-192",
        "municipality": "Stockholm",
        "type": "flerbostadshus",
        "view": "2060"
      }
    },
    {
      "type": "Feature",
      "geometry": {
        "type": "Polygon",
        "coordinates": [
          [
            [
              18.06392,
              59.37144
            ],
            [
              18.065520000000003,
              59.37144
            ],
            [
              18.065520000000003,
              59.373039999999996
            ],
            [
              18.06392,
              59.373039999999996
            ],
            [
              18.06392,
              59.37144
            ]
          ]
        ]
      },
      "properties": {
        "id": "fb60-Stockholm-193",
        "municipality": "Stockholm",
        "type": "flerbostadshus",
        "view": "2060"
      }
    },
    {
      "type": "Feature",
      "geometry": {
        "type": "Polygon",
        "coordinates": [
          [
            [
              18.065679999999997,
              59.37144
            ],
            [
              18.06728,
              59.37144
            ],
            [
              18.06728,
              59.373039999999996
            ],
            [
              18.065679999999997,
              59.373039999999996
            ],
            [
              18.065679999999997,
              59.37144
            ]
          ]
        ]
      },
      "properties": {
        "id": "fb60-Stockholm-194",
        "municipality": "Stockholm",
        "type": "flerbostadshus",
        "view": "2060"
      }
    },
    {
      "type": "Feature",
      "geometry": {
        "type": "Polygon",
        "coordinates": [
          [
            [
              18.067439999999998,
              59.37144
            ],
            [
              18.06904,
              59.37144
            ],
            [
              18.06904,
              59.373039999999996
            ],
            [
              18.067439999999998,
              59.373039999999996
            ],
            [
              18.067439999999998,
              59.37144
            ]
          ]
        ]
      },
      "properties": {
        "id": "fb60-Stockholm-195",
        "municipality": "Stockholm",
        "type": "flerbostadshus",
        "view": "2060"
      }
    },
    {
      "type": "Feature",
      "geometry": {
        "type": "Polygon",
        "coordinates": [
          [
            [
              18.0692,
              59.37144
            ],
            [
              18.070800000000002,
              59.37144
            ],
            [
              18.070800000000002,
              59.373039999999996
            ],
            [
              18.0692,
              59.373039999999996
            ],
            [
              18.0692,
              59.37144
            ]
          ]
        ]
      },
      "properties": {
        "id": "fb60-Stockholm-196",
        "municipality": "Stockholm",
        "type": "flerbostadshus",
        "view": "2060"
      }
    },
    {
      "type": "Feature",
      "geometry": {
        "type": "Polygon",
        "coordinates": [
          [
            [
              18.07096,
              59.37144
            ],
            [
              18.072560000000003,
              59.37144
            ],
            [
              18.072560000000003,
              59.373039999999996
            ],
            [
              18.07096,
              59.373039999999996
            ],
            [
              18.07096,
              59.37144
            ]
          ]
        ]
      },
      "properties": {
        "id": "fb60-Stockholm-197",
        "municipality": "Stockholm",
        "type": "flerbostadshus",
        "view": "2060"
      }
    },
    {
      "type": "Feature",
      "geometry": {
        "type": "Polygon",
        "coordinates": [
          [
            [
              18.07272,
              59.37144
            ],
            [
              18.074320000000004,
              59.37144
            ],
            [
              18.074320000000004,
              59.373039999999996
            ],
            [
              18.07272,
              59.373039999999996
            ],
            [
              18.07272,
              59.37144
            ]
          ]
        ]
      },
      "properties": {
        "id": "fb60-Stockholm-198",
        "municipality": "Stockholm",
        "type": "flerbostadshus",
        "view": "2060"
      }
    },
    {
      "type": "Feature",
      "geometry": {
        "type": "Polygon",
        "coordinates": [
          [
            [
              18.074479999999998,
              59.37144
            ],
            [
              18.07608,
              59.37144
            ],
            [
              18.07608,
              59.373039999999996
            ],
            [
              18.074479999999998,
              59.373039999999996
            ],
            [
              18.074479999999998,
              59.37144
            ]
          ]
        ]
      },
      "properties": {
        "id": "fb60-Stockholm-199",
        "municipality": "Stockholm",
        "type": "flerbostadshus",
        "view": "2060"
      }
    },
    {
      "type": "Feature",
      "geometry": {
        "type": "Polygon",
        "coordinates": [
          [
            [
              18.06216,
              59.3732
            ],
            [
              18.063760000000002,
              59.3732
            ],
            [
              18.063760000000002,
              59.37479999999999
            ],
            [
              18.06216,
              59.37479999999999
            ],
            [
              18.06216,
              59.3732
            ]
          ]
        ]
      },
      "properties": {
        "id": "fb60-Stockholm-200",
        "municipality": "Stockholm",
        "type": "flerbostadshus",
        "view": "2060"
      }
    },
    {
      "type": "Feature",
      "geometry": {
        "type": "Polygon",
        "coordinates": [
          [
            [
              18.06392,
              59.3732
            ],
            [
              18.065520000000003,
              59.3732
            ],
            [
              18.065520000000003,
              59.37479999999999
            ],
            [
              18.06392,
              59.37479999999999
            ],
            [
              18.06392,
              59.3732
            ]
          ]
        ]
      },
      "properties": {
        "id": "fb60-Stockholm-201",
        "municipality": "Stockholm",
        "type": "flerbostadshus",
        "view": "2060"
      }
    },
    {
      "type": "Feature",
      "geometry": {
        "type": "Polygon",
        "coordinates": [
          [
            [
              18.065679999999997,
              59.3732
            ],
            [
              18.06728,
              59.3732
            ],
            [
              18.06728,
              59.37479999999999
            ],
            [
              18.065679999999997,
              59.37479999999999
            ],
            [
              18.065679999999997,
              59.3732
            ]
          ]
        ]
      },
      "properties": {
        "id": "fb60-Stockholm-202",
        "municipality": "Stockholm",
        "type": "flerbostadshus",
        "view": "2060"
      }
    },
    {
      "type": "Feature",
      "geometry": {
        "type": "Polygon",
        "coordinates": [
          [
            [
              18.067439999999998,
              59.3732
            ],
            [
              18.06904,
              59.3732
            ],
            [
              18.06904,
              59.37479999999999
            ],
            [
              18.067439999999998,
              59.37479999999999
            ],
            [
              18.067439999999998,
              59.3732
            ]
          ]
        ]
      },
      "properties": {
        "id": "fb60-Stockholm-203",
        "municipality": "Stockholm",
        "type": "flerbostadshus",
        "view": "2060"
      }
    },
    {
      "type": "Feature",
      "geometry": {
        "type": "Polygon",
        "coordinates": [
          [
            [
              18.0692,
              59.3732
            ],
            [
              18.070800000000002,
              59.3732
            ],
            [
              18.070800000000002,
              59.37479999999999
            ],
            [
              18.0692,
              59.37479999999999
            ],
            [
              18.0692,
              59.3732
            ]
          ]
        ]
      },
      "properties": {
        "id": "fb60-Stockholm-204",
        "municipality": "Stockholm",
        "type": "flerbostadshus",
        "view": "2060"
      }
    },
    {
      "type": "Feature",
      "geometry": {
        "type": "Polygon",
        "coordinates": [
          [
            [
              18.07096,
              59.3732
            ],
            [
              18.072560000000003,
              59.3732
            ],
            [
              18.072560000000003,
              59.37479999999999
            ],
            [
              18.07096,
              59.37479999999999
            ],
            [
              18.07096,
              59.3732
            ]
          ]
        ]
      },
      "properties": {
        "id": "fb60-Stockholm-205",
        "municipality": "Stockholm",
        "type": "flerbostadshus",
        "view": "2060"
      }
    },
    {
      "type": "Feature",
      "geometry": {
        "type": "Polygon",
        "coordinates": [
          [
            [
              18.07272,
              59.3732
            ],
            [
              18.074320000000004,
              59.3732
            ],
            [
              18.074320000000004,
              59.37479999999999
            ],
            [
              18.07272,
              59.37479999999999
            ],
            [
              18.07272,
              59.3732
            ]
          ]
        ]
      },
      "properties": {
        "id": "fb60-Stockholm-206",
        "municipality": "Stockholm",
        "type": "flerbostadshus",
        "view": "2060"
      }
    },
    {
      "type": "Feature",
      "geometry": {
        "type": "Polygon",
        "coordinates": [
          [
            [
              18.074479999999998,
              59.3732
            ],
            [
              18.07608,
              59.3732
            ],
            [
              18.07608,
              59.37479999999999
            ],
            [
              18.074479999999998,
              59.37479999999999
            ],
            [
              18.074479999999998,
              59.3732
            ]
          ]
        ]
      },
      "properties": {
        "id": "fb60-Stockholm-207",
        "municipality": "Stockholm",
        "type": "flerbostadshus",
        "view": "2060"
      }
    },
    {
      "type": "Feature",
      "geometry": {
        "type": "Polygon",
        "coordinates": [
          [
            [
              18.06216,
              59.37496
            ],
            [
              18.063760000000002,
              59.37496
            ],
            [
              18.063760000000002,
              59.37656
            ],
            [
              18.06216,
              59.37656
            ],
            [
              18.06216,
              59.37496
            ]
          ]
        ]
      },
      "properties": {
        "id": "fb60-Stockholm-208",
        "municipality": "Stockholm",
        "type": "flerbostadshus",
        "view": "2060"
      }
    },
    {
      "type": "Feature",
      "geometry": {
        "type": "Polygon",
        "coordinates": [
          [
            [
              18.06392,
              59.37496
            ],
            [
              18.065520000000003,
              59.37496
            ],
            [
              18.065520000000003,
              59.37656
            ],
            [
              18.06392,
              59.37656
            ],
            [
              18.06392,
              59.37496
            ]
          ]
        ]
      },
      "properties": {
        "id": "fb60-Stockholm-209",
        "municipality": "Stockholm",
        "type": "flerbostadshus",
        "view": "2060"
      }
    },
    {
      "type": "Feature",
      "geometry": {
        "type": "Polygon",
        "coordinates": [
          [
            [
              18.065679999999997,
              59.37496
            ],
            [
              18.06728,
              59.37496
            ],
            [
              18.06728,
              59.37656
            ],
            [
              18.065679999999997,
              59.37656
            ],
            [
              18.065679999999997,
              59.37496
            ]
          ]
        ]
      },
      "properties": {
        "id": "fb60-Stockholm-210",
        "municipality": "Stockholm",
        "type": "flerbostadshus",
        "view": "2060"
      }
    },
    {
      "type": "Feature",
      "geometry": {
        "type": "Polygon",
        "coordinates": [
          [
            [
              18.067439999999998,
              59.37496
            ],
            [
              18.06904,
              59.37496
            ],
            [
              18.06904,
              59.37656
            ],
            [
              18.067439999999998,
              59.37656
            ],
            [
              18.067439999999998,
              59.37496
            ]
          ]
        ]
      },
      "properties": {
        "id": "fb60-Stockholm-211",
        "municipality": "Stockholm",
        "type": "flerbostadshus",
        "view": "2060"
      }
    },
    {
      "type": "Feature",
      "geometry": {
        "type": "Polygon",
        "coordinates": [
          [
            [
              18.0692,
              59.37496
            ],
            [
              18.070800000000002,
              59.37496
            ],
            [
              18.070800000000002,
              59.37656
            ],
            [
              18.0692,
              59.37656
            ],
            [
              18.0692,
              59.37496
            ]
          ]
        ]
      },
      "properties": {
        "id": "fb60-Stockholm-212",
        "municipality": "Stockholm",
        "type": "flerbostadshus",
        "view": "2060"
      }
    },
    {
      "type": "Feature",
      "geometry": {
        "type": "Polygon",
        "coordinates": [
          [
            [
              18.07096,
              59.37496
            ],
            [
              18.072560000000003,
              59.37496
            ],
            [
              18.072560000000003,
              59.37656
            ],
            [
              18.07096,
              59.37656
            ],
            [
              18.07096,
              59.37496
            ]
          ]
        ]
      },
      "properties": {
        "id": "fb60-Stockholm-213",
        "municipality": "Stockholm",
        "type": "flerbostadshus",
        "view": "2060"
      }
    },
    {
      "type": "Feature",
      "geometry": {
        "type": "Polygon",
        "coordinates": [
          [
            [
              18.07272,
              59.37496
            ],
            [
              18.074320000000004,
              59.37496
            ],
            [
              18.074320000000004,
              59.37656
            ],
            [
              18.07272,
              59.37656
            ],
            [
              18.07272,
              59.37496
            ]
          ]
        ]
      },
      "properties": {
        "id": "fb60-Stockholm-214",
        "municipality": "Stockholm",
        "type": "flerbostadshus",
        "view": "2060"
      }
    },
    {
      "type": "Feature",
      "geometry": {
        "type": "Polygon",
        "coordinates": [
          [
            [
              18.074479999999998,
              59.37496
            ],
            [
              18.07608,
              59.37496
            ],
            [
              18.07608,
              59.37656
            ],
            [
              18.074479999999998,
              59.37656
            ],
            [
              18.074479999999998,
              59.37496
            ]
          ]
        ]
      },
      "properties": {
        "id": "fb60-Stockholm-215",
        "municipality": "Stockholm",
        "type": "flerbostadshus",
        "view": "2060"
      }
    },
    {
      "type": "Feature",
      "geometry": {
        "type": "Polygon",
        "coordinates": [
          [
            [
              18.06216,
              59.37672
            ],
            [
              18.063760000000002,
              59.37672
            ],
            [
              18.063760000000002,
              59.378319999999995
            ],
            [
              18.06216,
              59.378319999999995
            ],
            [
              18.06216,
              59.37672
            ]
          ]
        ]
      },
      "properties": {
        "id": "fb60-Stockholm-216",
        "municipality": "Stockholm",
        "type": "flerbostadshus",
        "view": "2060"
      }
    },
    {
      "type": "Feature",
      "geometry": {
        "type": "Polygon",
        "coordinates": [
          [
            [
              18.06392,
              59.37672
            ],
            [
              18.065520000000003,
              59.37672
            ],
            [
              18.065520000000003,
              59.378319999999995
            ],
            [
              18.06392,
              59.378319999999995
            ],
            [
              18.06392,
              59.37672
            ]
          ]
        ]
      },
      "properties": {
        "id": "fb60-Stockholm-217",
        "municipality": "Stockholm",
        "type": "flerbostadshus",
        "view": "2060"
      }
    },
    {
      "type": "Feature",
      "geometry": {
        "type": "Polygon",
        "coordinates": [
          [
            [
              18.065679999999997,
              59.37672
            ],
            [
              18.06728,
              59.37672
            ],
            [
              18.06728,
              59.378319999999995
            ],
            [
              18.065679999999997,
              59.378319999999995
            ],
            [
              18.065679999999997,
              59.37672
            ]
          ]
        ]
      },
      "properties": {
        "id": "fb60-Stockholm-218",
        "municipality": "Stockholm",
        "type": "flerbostadshus",
        "view": "2060"
      }
    },
    {
      "type": "Feature",
      "geometry": {
        "type": "Polygon",
        "coordinates": [
          [
            [
              18.067439999999998,
              59.37672
            ],
            [
              18.06904,
              59.37672
            ],
            [
              18.06904,
              59.378319999999995
            ],
            [
              18.067439999999998,
              59.378319999999995
            ],
            [
              18.067439999999998,
              59.37672
            ]
          ]
        ]
      },
      "properties": {
        "id": "fb60-Stockholm-219",
        "municipality": "Stockholm",
        "type": "flerbostadshus",
        "view": "2060"
      }
    },
    {
      "type": "Feature",
      "geometry": {
        "type": "Polygon",
        "coordinates": [
          [
            [
              18.0692,
              59.37672
            ],
            [
              18.070800000000002,
              59.37672
            ],
            [
              18.070800000000002,
              59.378319999999995
            ],
            [
              18.0692,
              59.378319999999995
            ],
            [
              18.0692,
              59.37672
            ]
          ]
        ]
      },
      "properties": {
        "id": "fb60-Stockholm-220",
        "municipality": "Stockholm",
        "type": "flerbostadshus",
        "view": "2060"
      }
    },
    {
      "type": "Feature",
      "geometry": {
        "type": "Polygon",
        "coordinates": [
          [
            [
              18.07096,
              59.37672
            ],
            [
              18.072560000000003,
              59.37672
            ],
            [
              18.072560000000003,
              59.378319999999995
            ],
            [
              18.07096,
              59.378319999999995
            ],
            [
              18.07096,
              59.37672
            ]
          ]
        ]
      },
      "properties": {
        "id": "fb60-Stockholm-221",
        "municipality": "Stockholm",
        "type": "flerbostadshus",
        "view": "2060"
      }
    },
    {
      "type": "Feature",
      "geometry": {
        "type": "Polygon",
        "coordinates": [
          [
            [
              18.07272,
              59.37672
            ],
            [
              18.074320000000004,
              59.37672
            ],
            [
              18.074320000000004,
              59.378319999999995
            ],
            [
              18.07272,
              59.378319999999995
            ],
            [
              18.07272,
              59.37672
            ]
          ]
        ]
      },
      "properties": {
        "id": "fb60-Stockholm-222",
        "municipality": "Stockholm",
        "type": "flerbostadshus",
        "view": "2060"
      }
    },
    {
      "type": "Feature",
      "geometry": {
        "type": "Polygon",
        "coordinates": [
          [
            [
              18.074479999999998,
              59.37672
            ],
            [
              18.07608,
              59.37672
            ],
            [
              18.07608,
              59.378319999999995
            ],
            [
              18.074479999999998,
              59.378319999999995
            ],
            [
              18.074479999999998,
              59.37672
            ]
          ]
        ]
      },
      "properties": {
        "id": "fb60-Stockholm-223",
        "municipality": "Stockholm",
        "type": "flerbostadshus",
        "view": "2060"
      }
    },
    {
      "type": "Feature",
      "geometry": {
        "type": "Polygon",
        "coordinates": [
          [
            [
              18.06216,
              59.37848
            ],
            [
              18.063760000000002,
              59.37848
            ],
            [
              18.063760000000002,
              59.38008
            ],
            [
              18.06216,
              59.38008
            ],
            [
              18.06216,
              59.37848
            ]
          ]
        ]
      },
      "properties": {
        "id": "fb60-Stockholm-224",
        "municipality": "Stockholm",
        "type": "flerbostadshus",
        "view": "2060"
      }
    },
    {
      "type": "Feature",
      "geometry": {
        "type": "Polygon",
        "coordinates": [
          [
            [
              18.06392,
              59.37848
            ],
            [
              18.065520000000003,
              59.37848
            ],
            [
              18.065520000000003,
              59.38008
            ],
            [
              18.06392,
              59.38008
            ],
            [
              18.06392,
              59.37848
            ]
          ]
        ]
      },
      "properties": {
        "id": "fb60-Stockholm-225",
        "municipality": "Stockholm",
        "type": "flerbostadshus",
        "view": "2060"
      }
    },
    {
      "type": "Feature",
      "geometry": {
        "type": "Polygon",
        "coordinates": [
          [
            [
              18.065679999999997,
              59.37848
            ],
            [
              18.06728,
              59.37848
            ],
            [
              18.06728,
              59.38008
            ],
            [
              18.065679999999997,
              59.38008
            ],
            [
              18.065679999999997,
              59.37848
            ]
          ]
        ]
      },
      "properties": {
        "id": "fb60-Stockholm-226",
        "municipality": "Stockholm",
        "type": "flerbostadshus",
        "view": "2060"
      }
    },
    {
      "type": "Feature",
      "geometry": {
        "type": "Polygon",
        "coordinates": [
          [
            [
              18.067439999999998,
              59.37848
            ],
            [
              18.06904,
              59.37848
            ],
            [
              18.06904,
              59.38008
            ],
            [
              18.067439999999998,
              59.38008
            ],
            [
              18.067439999999998,
              59.37848
            ]
          ]
        ]
      },
      "properties": {
        "id": "fb60-Stockholm-227",
        "municipality": "Stockholm",
        "type": "flerbostadshus",
        "view": "2060"
      }
    },
    {
      "type": "Feature",
      "geometry": {
        "type": "Polygon",
        "coordinates": [
          [
            [
              18.0692,
              59.37848
            ],
            [
              18.070800000000002,
              59.37848
            ],
            [
              18.070800000000002,
              59.38008
            ],
            [
              18.0692,
              59.38008
            ],
            [
              18.0692,
              59.37848
            ]
          ]
        ]
      },
      "properties": {
        "id": "fb60-Stockholm-228",
        "municipality": "Stockholm",
        "type": "flerbostadshus",
        "view": "2060"
      }
    },
    {
      "type": "Feature",
      "geometry": {
        "type": "Polygon",
        "coordinates": [
          [
            [
              18.07096,
              59.37848
            ],
            [
              18.072560000000003,
              59.37848
            ],
            [
              18.072560000000003,
              59.38008
            ],
            [
              18.07096,
              59.38008
            ],
            [
              18.07096,
              59.37848
            ]
          ]
        ]
      },
      "properties": {
        "id": "fb60-Stockholm-229",
        "municipality": "Stockholm",
        "type": "flerbostadshus",
        "view": "2060"
      }
    },
    {
      "type": "Feature",
      "geometry": {
        "type": "Polygon",
        "coordinates": [
          [
            [
              18.07272,
              59.37848
            ],
            [
              18.074320000000004,
              59.37848
            ],
            [
              18.074320000000004,
              59.38008
            ],
            [
              18.07272,
              59.38008
            ],
            [
              18.07272,
              59.37848
            ]
          ]
        ]
      },
      "properties": {
        "id": "fb60-Stockholm-230",
        "municipality": "Stockholm",
        "type": "flerbostadshus",
        "view": "2060"
      }
    },
    {
      "type": "Feature",
      "geometry": {
        "type": "Polygon",
        "coordinates": [
          [
            [
              18.074479999999998,
              59.37848
            ],
            [
              18.07608,
              59.37848
            ],
            [
              18.07608,
              59.38008
            ],
            [
              18.074479999999998,
              59.38008
            ],
            [
              18.074479999999998,
              59.37848
            ]
          ]
        ]
      },
      "properties": {
        "id": "fb60-Stockholm-231",
        "municipality": "Stockholm",
        "type": "flerbostadshus",
        "view": "2060"
      }
    },
    {
      "type": "Feature",
      "geometry": {
        "type": "Polygon",
        "coordinates": [
          [
            [
              18.06216,
              59.38024
            ],
            [
              18.063760000000002,
              59.38024
            ],
            [
              18.063760000000002,
              59.38184
            ],
            [
              18.06216,
              59.38184
            ],
            [
              18.06216,
              59.38024
            ]
          ]
        ]
      },
      "properties": {
        "id": "fb60-Stockholm-232",
        "municipality": "Stockholm",
        "type": "flerbostadshus",
        "view": "2060"
      }
    },
    {
      "type": "Feature",
      "geometry": {
        "type": "Polygon",
        "coordinates": [
          [
            [
              18.06392,
              59.38024
            ],
            [
              18.065520000000003,
              59.38024
            ],
            [
              18.065520000000003,
              59.38184
            ],
            [
              18.06392,
              59.38184
            ],
            [
              18.06392,
              59.38024
            ]
          ]
        ]
      },
      "properties": {
        "id": "fb60-Stockholm-233",
        "municipality": "Stockholm",
        "type": "flerbostadshus",
        "view": "2060"
      }
    },
    {
      "type": "Feature",
      "geometry": {
        "type": "Polygon",
        "coordinates": [
          [
            [
              18.065679999999997,
              59.38024
            ],
            [
              18.06728,
              59.38024
            ],
            [
              18.06728,
              59.38184
            ],
            [
              18.065679999999997,
              59.38184
            ],
            [
              18.065679999999997,
              59.38024
            ]
          ]
        ]
      },
      "properties": {
        "id": "fb60-Stockholm-234",
        "municipality": "Stockholm",
        "type": "flerbostadshus",
        "view": "2060"
      }
    },
    {
      "type": "Feature",
      "geometry": {
        "type": "Polygon",
        "coordinates": [
          [
            [
              18.067439999999998,
              59.38024
            ],
            [
              18.06904,
              59.38024
            ],
            [
              18.06904,
              59.38184
            ],
            [
              18.067439999999998,
              59.38184
            ],
            [
              18.067439999999998,
              59.38024
            ]
          ]
        ]
      },
      "properties": {
        "id": "fb60-Stockholm-235",
        "municipality": "Stockholm",
        "type": "flerbostadshus",
        "view": "2060"
      }
    },
    {
      "type": "Feature",
      "geometry": {
        "type": "Polygon",
        "coordinates": [
          [
            [
              18.0692,
              59.38024
            ],
            [
              18.070800000000002,
              59.38024
            ],
            [
              18.070800000000002,
              59.38184
            ],
            [
              18.0692,
              59.38184
            ],
            [
              18.0692,
              59.38024
            ]
          ]
        ]
      },
      "properties": {
        "id": "fb60-Stockholm-236",
        "municipality": "Stockholm",
        "type": "flerbostadshus",
        "view": "2060"
      }
    },
    {
      "type": "Feature",
      "geometry": {
        "type": "Polygon",
        "coordinates": [
          [
            [
              18.07096,
              59.38024
            ],
            [
              18.072560000000003,
              59.38024
            ],
            [
              18.072560000000003,
              59.38184
            ],
            [
              18.07096,
              59.38184
            ],
            [
              18.07096,
              59.38024
            ]
          ]
        ]
      },
      "properties": {
        "id": "fb60-Stockholm-237",
        "municipality": "Stockholm",
        "type": "flerbostadshus",
        "view": "2060"
      }
    },
    {
      "type": "Feature",
      "geometry": {
        "type": "Polygon",
        "coordinates": [
          [
            [
              18.07272,
              59.38024
            ],
            [
              18.074320000000004,
              59.38024
            ],
            [
              18.074320000000004,
              59.38184
            ],
            [
              18.07272,
              59.38184
            ],
            [
              18.07272,
              59.38024
            ]
          ]
        ]
      },
      "properties": {
        "id": "fb60-Stockholm-238",
        "municipality": "Stockholm",
        "type": "flerbostadshus",
        "view": "2060"
      }
    },
    {
      "type": "Feature",
      "geometry": {
        "type": "Polygon",
        "coordinates": [
          [
            [
              18.074479999999998,
              59.38024
            ],
            [
              18.07608,
              59.38024
            ],
            [
              18.07608,
              59.38184
            ],
            [
              18.074479999999998,
              59.38184
            ],
            [
              18.074479999999998,
              59.38024
            ]
          ]
        ]
      },
      "properties": {
        "id": "fb60-Stockholm-239",
        "municipality": "Stockholm",
        "type": "flerbostadshus",
        "view": "2060"
      }
    },
    {
      "type": "Feature",
      "geometry": {
        "type": "Polygon",
        "coordinates": [
          [
            [
              18.06216,
              59.382
            ],
            [
              18.063760000000002,
              59.382
            ],
            [
              18.063760000000002,
              59.383599999999994
            ],
            [
              18.06216,
              59.383599999999994
            ],
            [
              18.06216,
              59.382
            ]
          ]
        ]
      },
      "properties": {
        "id": "fb60-Stockholm-240",
        "municipality": "Stockholm",
        "type": "flerbostadshus",
        "view": "2060"
      }
    },
    {
      "type": "Feature",
      "geometry": {
        "type": "Polygon",
        "coordinates": [
          [
            [
              18.06392,
              59.382
            ],
            [
              18.065520000000003,
              59.382
            ],
            [
              18.065520000000003,
              59.383599999999994
            ],
            [
              18.06392,
              59.383599999999994
            ],
            [
              18.06392,
              59.382
            ]
          ]
        ]
      },
      "properties": {
        "id": "fb60-Stockholm-241",
        "municipality": "Stockholm",
        "type": "flerbostadshus",
        "view": "2060"
      }
    },
    {
      "type": "Feature",
      "geometry": {
        "type": "Polygon",
        "coordinates": [
          [
            [
              18.065679999999997,
              59.382
            ],
            [
              18.06728,
              59.382
            ],
            [
              18.06728,
              59.383599999999994
            ],
            [
              18.065679999999997,
              59.383599999999994
            ],
            [
              18.065679999999997,
              59.382
            ]
          ]
        ]
      },
      "properties": {
        "id": "fb60-Stockholm-242",
        "municipality": "Stockholm",
        "type": "flerbostadshus",
        "view": "2060"
      }
    },
    {
      "type": "Feature",
      "geometry": {
        "type": "Polygon",
        "coordinates": [
          [
            [
              18.067439999999998,
              59.382
            ],
            [
              18.06904,
              59.382
            ],
            [
              18.06904,
              59.383599999999994
            ],
            [
              18.067439999999998,
              59.383599999999994
            ],
            [
              18.067439999999998,
              59.382
            ]
          ]
        ]
      },
      "properties": {
        "id": "fb60-Stockholm-243",
        "municipality": "Stockholm",
        "type": "flerbostadshus",
        "view": "2060"
      }
    },
    {
      "type": "Feature",
      "geometry": {
        "type": "Polygon",
        "coordinates": [
          [
            [
              18.0692,
              59.382
            ],
            [
              18.070800000000002,
              59.382
            ],
            [
              18.070800000000002,
              59.383599999999994
            ],
            [
              18.0692,
              59.383599999999994
            ],
            [
              18.0692,
              59.382
            ]
          ]
        ]
      },
      "properties": {
        "id": "fb60-Stockholm-244",
        "municipality": "Stockholm",
        "type": "flerbostadshus",
        "view": "2060"
      }
    },
    {
      "type": "Feature",
      "geometry": {
        "type": "Polygon",
        "coordinates": [
          [
            [
              18.07096,
              59.382
            ],
            [
              18.072560000000003,
              59.382
            ],
            [
              18.072560000000003,
              59.383599999999994
            ],
            [
              18.07096,
              59.383599999999994
            ],
            [
              18.07096,
              59.382
            ]
          ]
        ]
      },
      "properties": {
        "id": "fb60-Stockholm-245",
        "municipality": "Stockholm",
        "type": "flerbostadshus",
        "view": "2060"
      }
    },
    {
      "type": "Feature",
      "geometry": {
        "type": "Polygon",
        "coordinates": [
          [
            [
              18.07272,
              59.382
            ],
            [
              18.074320000000004,
              59.382
            ],
            [
              18.074320000000004,
              59.383599999999994
            ],
            [
              18.07272,
              59.383599999999994
            ],
            [
              18.07272,
              59.382
            ]
          ]
        ]
      },
      "properties": {
        "id": "fb60-Stockholm-246",
        "municipality": "Stockholm",
        "type": "flerbostadshus",
        "view": "2060"
      }
    },
    {
      "type": "Feature",
      "geometry": {
        "type": "Polygon",
        "coordinates": [
          [
            [
              18.074479999999998,
              59.382
            ],
            [
              18.07608,
              59.382
            ],
            [
              18.07608,
              59.383599999999994
            ],
            [
              18.074479999999998,
              59.383599999999994
            ],
            [
              18.074479999999998,
              59.382
            ]
          ]
        ]
      },
      "properties": {
        "id": "fb60-Stockholm-247",
        "municipality": "Stockholm",
        "type": "flerbostadshus",
        "view": "2060"
      }
    },
    {
      "type": "Feature",
      "geometry": {
        "type": "Polygon",
        "coordinates": [
          [
            [
              18.06216,
              59.38376
            ],
            [
              18.063760000000002,
              59.38376
            ],
            [
              18.063760000000002,
              59.38536
            ],
            [
              18.06216,
              59.38536
            ],
            [
              18.06216,
              59.38376
            ]
          ]
        ]
      },
      "properties": {
        "id": "fb60-Stockholm-248",
        "municipality": "Stockholm",
        "type": "flerbostadshus",
        "view": "2060"
      }
    },
    {
      "type": "Feature",
      "geometry": {
        "type": "Polygon",
        "coordinates": [
          [
            [
              18.06392,
              59.38376
            ],
            [
              18.065520000000003,
              59.38376
            ],
            [
              18.065520000000003,
              59.38536
            ],
            [
              18.06392,
              59.38536
            ],
            [
              18.06392,
              59.38376
            ]
          ]
        ]
      },
      "properties": {
        "id": "fb60-Stockholm-249",
        "municipality": "Stockholm",
        "type": "flerbostadshus",
        "view": "2060"
      }
    },
    {
      "type": "Feature",
      "geometry": {
        "type": "Polygon",
        "coordinates": [
          [
            [
              18.065679999999997,
              59.38376
            ],
            [
              18.06728,
              59.38376
            ],
            [
              18.06728,
              59.38536
            ],
            [
              18.065679999999997,
              59.38536
            ],
            [
              18.065679999999997,
              59.38376
            ]
          ]
        ]
      },
      "properties": {
        "id": "fb60-Stockholm-250",
        "municipality": "Stockholm",
        "type": "flerbostadshus",
        "view": "2060"
      }
    },
    {
      "type": "Feature",
      "geometry": {
        "type": "Polygon",
        "coordinates": [
          [
            [
              18.067439999999998,
              59.38376
            ],
            [
              18.06904,
              59.38376
            ],
            [
              18.06904,
              59.38536
            ],
            [
              18.067439999999998,
              59.38536
            ],
            [
              18.067439999999998,
              59.38376
            ]
          ]
        ]
      },
      "properties": {
        "id": "fb60-Stockholm-251",
        "municipality": "Stockholm",
        "type": "flerbostadshus",
        "view": "2060"
      }
    },
    {
      "type": "Feature",
      "geometry": {
        "type": "Polygon",
        "coordinates": [
          [
            [
              18.0692,
              59.38376
            ],
            [
              18.070800000000002,
              59.38376
            ],
            [
              18.070800000000002,
              59.38536
            ],
            [
              18.0692,
              59.38536
            ],
            [
              18.0692,
              59.38376
            ]
          ]
        ]
      },
      "properties": {
        "id": "fb60-Stockholm-252",
        "municipality": "Stockholm",
        "type": "flerbostadshus",
        "view": "2060"
      }
    },
    {
      "type": "Feature",
      "geometry": {
        "type": "Polygon",
        "coordinates": [
          [
            [
              18.07096,
              59.38376
            ],
            [
              18.072560000000003,
              59.38376
            ],
            [
              18.072560000000003,
              59.38536
            ],
            [
              18.07096,
              59.38536
            ],
            [
              18.07096,
              59.38376
            ]
          ]
        ]
      },
      "properties": {
        "id": "fb60-Stockholm-253",
        "municipality": "Stockholm",
        "type": "flerbostadshus",
        "view": "2060"
      }
    },
    {
      "type": "Feature",
      "geometry": {
        "type": "Polygon",
        "coordinates": [
          [
            [
              18.07272,
              59.38376
            ],
            [
              18.074320000000004,
              59.38376
            ],
            [
              18.074320000000004,
              59.38536
            ],
            [
              18.07272,
              59.38536
            ],
            [
              18.07272,
              59.38376
            ]
          ]
        ]
      },
      "properties": {
        "id": "fb60-Stockholm-254",
        "municipality": "Stockholm",
        "type": "flerbostadshus",
        "view": "2060"
      }
    },
    {
      "type": "Feature",
      "geometry": {
        "type": "Polygon",
        "coordinates": [
          [
            [
              18.074479999999998,
              59.38376
            ],
            [
              18.07608,
              59.38376
            ],
            [
              18.07608,
              59.38536
            ],
            [
              18.074479999999998,
              59.38536
            ],
            [
              18.074479999999998,
              59.38376
            ]
          ]
        ]
      },
      "properties": {
        "id": "fb60-Stockholm-255",
        "municipality": "Stockholm",
        "type": "flerbostadshus",
        "view": "2060"
      }
    },
    {
      "type": "Feature",
      "geometry": {
        "type": "Polygon",
        "coordinates": [
          [
            [
              18.06216,
              59.38552
            ],
            [
              18.063760000000002,
              59.38552
            ],
            [
              18.063760000000002,
              59.387119999999996
            ],
            [
              18.06216,
              59.387119999999996
            ],
            [
              18.06216,
              59.38552
            ]
          ]
        ]
      },
      "properties": {
        "id": "fb60-Stockholm-256",
        "municipality": "Stockholm",
        "type": "flerbostadshus",
        "view": "2060"
      }
    },
    {
      "type": "Feature",
      "geometry": {
        "type": "Polygon",
        "coordinates": [
          [
            [
              18.06392,
              59.38552
            ],
            [
              18.065520000000003,
              59.38552
            ],
            [
              18.065520000000003,
              59.387119999999996
            ],
            [
              18.06392,
              59.387119999999996
            ],
            [
              18.06392,
              59.38552
            ]
          ]
        ]
      },
      "properties": {
        "id": "fb60-Stockholm-257",
        "municipality": "Stockholm",
        "type": "flerbostadshus",
        "view": "2060"
      }
    },
    {
      "type": "Feature",
      "geometry": {
        "type": "Polygon",
        "coordinates": [
          [
            [
              18.065679999999997,
              59.38552
            ],
            [
              18.06728,
              59.38552
            ],
            [
              18.06728,
              59.387119999999996
            ],
            [
              18.065679999999997,
              59.387119999999996
            ],
            [
              18.065679999999997,
              59.38552
            ]
          ]
        ]
      },
      "properties": {
        "id": "fb60-Stockholm-258",
        "municipality": "Stockholm",
        "type": "flerbostadshus",
        "view": "2060"
      }
    },
    {
      "type": "Feature",
      "geometry": {
        "type": "Polygon",
        "coordinates": [
          [
            [
              18.067439999999998,
              59.38552
            ],
            [
              18.06904,
              59.38552
            ],
            [
              18.06904,
              59.387119999999996
            ],
            [
              18.067439999999998,
              59.387119999999996
            ],
            [
              18.067439999999998,
              59.38552
            ]
          ]
        ]
      },
      "properties": {
        "id": "fb60-Stockholm-259",
        "municipality": "Stockholm",
        "type": "flerbostadshus",
        "view": "2060"
      }
    },
    {
      "type": "Feature",
      "geometry": {
        "type": "Polygon",
        "coordinates": [
          [
            [
              18.0692,
              59.38552
            ],
            [
              18.070800000000002,
              59.38552
            ],
            [
              18.070800000000002,
              59.387119999999996
            ],
            [
              18.0692,
              59.387119999999996
            ],
            [
              18.0692,
              59.38552
            ]
          ]
        ]
      },
      "properties": {
        "id": "fb60-Stockholm-260",
        "municipality": "Stockholm",
        "type": "flerbostadshus",
        "view": "2060"
      }
    },
    {
      "type": "Feature",
      "geometry": {
        "type": "Polygon",
        "coordinates": [
          [
            [
              18.07096,
              59.38552
            ],
            [
              18.072560000000003,
              59.38552
            ],
            [
              18.072560000000003,
              59.387119999999996
            ],
            [
              18.07096,
              59.387119999999996
            ],
            [
              18.07096,
              59.38552
            ]
          ]
        ]
      },
      "properties": {
        "id": "fb60-Stockholm-261",
        "municipality": "Stockholm",
        "type": "flerbostadshus",
        "view": "2060"
      }
    },
    {
      "type": "Feature",
      "geometry": {
        "type": "Polygon",
        "coordinates": [
          [
            [
              18.07272,
              59.38552
            ],
            [
              18.074320000000004,
              59.38552
            ],
            [
              18.074320000000004,
              59.387119999999996
            ],
            [
              18.07272,
              59.387119999999996
            ],
            [
              18.07272,
              59.38552
            ]
          ]
        ]
      },
      "properties": {
        "id": "fb60-Stockholm-262",
        "municipality": "Stockholm",
        "type": "flerbostadshus",
        "view": "2060"
      }
    },
    {
      "type": "Feature",
      "geometry": {
        "type": "Polygon",
        "coordinates": [
          [
            [
              18.074479999999998,
              59.38552
            ],
            [
              18.07608,
              59.38552
            ],
            [
              18.07608,
              59.387119999999996
            ],
            [
              18.074479999999998,
              59.387119999999996
            ],
            [
              18.074479999999998,
              59.38552
            ]
          ]
        ]
      },
      "properties": {
        "id": "fb60-Stockholm-263",
        "municipality": "Stockholm",
        "type": "flerbostadshus",
        "view": "2060"
      }
    },
    {
      "type": "Feature",
      "geometry": {
        "type": "Polygon",
        "coordinates": [
          [
            [
              18.06216,
              59.38728
            ],
            [
              18.063760000000002,
              59.38728
            ],
            [
              18.063760000000002,
              59.38887999999999
            ],
            [
              18.06216,
              59.38887999999999
            ],
            [
              18.06216,
              59.38728
            ]
          ]
        ]
      },
      "properties": {
        "id": "fb60-Stockholm-264",
        "municipality": "Stockholm",
        "type": "flerbostadshus",
        "view": "2060"
      }
    },
    {
      "type": "Feature",
      "geometry": {
        "type": "Polygon",
        "coordinates": [
          [
            [
              18.06392,
              59.38728
            ],
            [
              18.065520000000003,
              59.38728
            ],
            [
              18.065520000000003,
              59.38887999999999
            ],
            [
              18.06392,
              59.38887999999999
            ],
            [
              18.06392,
              59.38728
            ]
          ]
        ]
      },
      "properties": {
        "id": "fb60-Stockholm-265",
        "municipality": "Stockholm",
        "type": "flerbostadshus",
        "view": "2060"
      }
    },
    {
      "type": "Feature",
      "geometry": {
        "type": "Polygon",
        "coordinates": [
          [
            [
              18.065679999999997,
              59.38728
            ],
            [
              18.06728,
              59.38728
            ],
            [
              18.06728,
              59.38887999999999
            ],
            [
              18.065679999999997,
              59.38887999999999
            ],
            [
              18.065679999999997,
              59.38728
            ]
          ]
        ]
      },
      "properties": {
        "id": "fb60-Stockholm-266",
        "municipality": "Stockholm",
        "type": "flerbostadshus",
        "view": "2060"
      }
    },
    {
      "type": "Feature",
      "geometry": {
        "type": "Polygon",
        "coordinates": [
          [
            [
              18.067439999999998,
              59.38728
            ],
            [
              18.06904,
              59.38728
            ],
            [
              18.06904,
              59.38887999999999
            ],
            [
              18.067439999999998,
              59.38887999999999
            ],
            [
              18.067439999999998,
              59.38728
            ]
          ]
        ]
      },
      "properties": {
        "id": "fb60-Stockholm-267",
        "municipality": "Stockholm",
        "type": "flerbostadshus",
        "view": "2060"
      }
    },
    {
      "type": "Feature",
      "geometry": {
        "type": "Polygon",
        "coordinates": [
          [
            [
              18.0692,
              59.38728
            ],
            [
              18.070800000000002,
              59.38728
            ],
            [
              18.070800000000002,
              59.38887999999999
            ],
            [
              18.0692,
              59.38887999999999
            ],
            [
              18.0692,
              59.38728
            ]
          ]
        ]
      },
      "properties": {
        "id": "fb60-Stockholm-268",
        "municipality": "Stockholm",
        "type": "flerbostadshus",
        "view": "2060"
      }
    },
    {
      "type": "Feature",
      "geometry": {
        "type": "Polygon",
        "coordinates": [
          [
            [
              18.07096,
              59.38728
            ],
            [
              18.072560000000003,
              59.38728
            ],
            [
              18.072560000000003,
              59.38887999999999
            ],
            [
              18.07096,
              59.38887999999999
            ],
            [
              18.07096,
              59.38728
            ]
          ]
        ]
      },
      "properties": {
        "id": "fb60-Stockholm-269",
        "municipality": "Stockholm",
        "type": "flerbostadshus",
        "view": "2060"
      }
    },
    {
      "type": "Feature",
      "geometry": {
        "type": "Polygon",
        "coordinates": [
          [
            [
              18.07272,
              59.38728
            ],
            [
              18.074320000000004,
              59.38728
            ],
            [
              18.074320000000004,
              59.38887999999999
            ],
            [
              18.07272,
              59.38887999999999
            ],
            [
              18.07272,
              59.38728
            ]
          ]
        ]
      },
      "properties": {
        "id": "fb60-Stockholm-270",
        "municipality": "Stockholm",
        "type": "flerbostadshus",
        "view": "2060"
      }
    },
    {
      "type": "Feature",
      "geometry": {
        "type": "Polygon",
        "coordinates": [
          [
            [
              18.074479999999998,
              59.38728
            ],
            [
              18.07608,
              59.38728
            ],
            [
              18.07608,
              59.38887999999999
            ],
            [
              18.074479999999998,
              59.38887999999999
            ],
            [
              18.074479999999998,
              59.38728
            ]
          ]
        ]
      },
      "properties": {
        "id": "fb60-Stockholm-271",
        "municipality": "Stockholm",
        "type": "flerbostadshus",
        "view": "2060"
      }
    },
    {
      "type": "Feature",
      "geometry": {
        "type": "Polygon",
        "coordinates": [
          [
            [
              18.06216,
              59.38904
            ],
            [
              18.063760000000002,
              59.38904
            ],
            [
              18.063760000000002,
              59.39064
            ],
            [
              18.06216,
              59.39064
            ],
            [
              18.06216,
              59.38904
            ]
          ]
        ]
      },
      "properties": {
        "id": "fb60-Stockholm-272",
        "municipality": "Stockholm",
        "type": "flerbostadshus",
        "view": "2060"
      }
    },
    {
      "type": "Feature",
      "geometry": {
        "type": "Polygon",
        "coordinates": [
          [
            [
              18.06392,
              59.38904
            ],
            [
              18.065520000000003,
              59.38904
            ],
            [
              18.065520000000003,
              59.39064
            ],
            [
              18.06392,
              59.39064
            ],
            [
              18.06392,
              59.38904
            ]
          ]
        ]
      },
      "properties": {
        "id": "fb60-Stockholm-273",
        "municipality": "Stockholm",
        "type": "flerbostadshus",
        "view": "2060"
      }
    },
    {
      "type": "Feature",
      "geometry": {
        "type": "Polygon",
        "coordinates": [
          [
            [
              18.065679999999997,
              59.38904
            ],
            [
              18.06728,
              59.38904
            ],
            [
              18.06728,
              59.39064
            ],
            [
              18.065679999999997,
              59.39064
            ],
            [
              18.065679999999997,
              59.38904
            ]
          ]
        ]
      },
      "properties": {
        "id": "fb60-Stockholm-274",
        "municipality": "Stockholm",
        "type": "flerbostadshus",
        "view": "2060"
      }
    },
    {
      "type": "Feature",
      "geometry": {
        "type": "Polygon",
        "coordinates": [
          [
            [
              18.067439999999998,
              59.38904
            ],
            [
              18.06904,
              59.38904
            ],
            [
              18.06904,
              59.39064
            ],
            [
              18.067439999999998,
              59.39064
            ],
            [
              18.067439999999998,
              59.38904
            ]
          ]
        ]
      },
      "properties": {
        "id": "fb60-Stockholm-275",
        "municipality": "Stockholm",
        "type": "flerbostadshus",
        "view": "2060"
      }
    },
    {
      "type": "Feature",
      "geometry": {
        "type": "Polygon",
        "coordinates": [
          [
            [
              18.0692,
              59.38904
            ],
            [
              18.070800000000002,
              59.38904
            ],
            [
              18.070800000000002,
              59.39064
            ],
            [
              18.0692,
              59.39064
            ],
            [
              18.0692,
              59.38904
            ]
          ]
        ]
      },
      "properties": {
        "id": "fb60-Stockholm-276",
        "municipality": "Stockholm",
        "type": "flerbostadshus",
        "view": "2060"
      }
    },
    {
      "type": "Feature",
      "geometry": {
        "type": "Polygon",
        "coordinates": [
          [
            [
              18.07096,
              59.38904
            ],
            [
              18.072560000000003,
              59.38904
            ],
            [
              18.072560000000003,
              59.39064
            ],
            [
              18.07096,
              59.39064
            ],
            [
              18.07096,
              59.38904
            ]
          ]
        ]
      },
      "properties": {
        "id": "fb60-Stockholm-277",
        "municipality": "Stockholm",
        "type": "flerbostadshus",
        "view": "2060"
      }
    },
    {
      "type": "Feature",
      "geometry": {
        "type": "Polygon",
        "coordinates": [
          [
            [
              18.07272,
              59.38904
            ],
            [
              18.074320000000004,
              59.38904
            ],
            [
              18.074320000000004,
              59.39064
            ],
            [
              18.07272,
              59.39064
            ],
            [
              18.07272,
              59.38904
            ]
          ]
        ]
      },
      "properties": {
        "id": "fb60-Stockholm-278",
        "municipality": "Stockholm",
        "type": "flerbostadshus",
        "view": "2060"
      }
    },
    {
      "type": "Feature",
      "geometry": {
        "type": "Polygon",
        "coordinates": [
          [
            [
              18.074479999999998,
              59.38904
            ],
            [
              18.07608,
              59.38904
            ],
            [
              18.07608,
              59.39064
            ],
            [
              18.074479999999998,
              59.39064
            ],
            [
              18.074479999999998,
              59.38904
            ]
          ]
        ]
      },
      "properties": {
        "id": "fb60-Stockholm-279",
        "municipality": "Stockholm",
        "type": "flerbostadshus",
        "view": "2060"
      }
    },
    {
      "type": "Feature",
      "geometry": {
        "type": "Polygon",
        "coordinates": [
          [
            [
              18.06216,
              59.3908
            ],
            [
              18.063760000000002,
              59.3908
            ],
            [
              18.063760000000002,
              59.392399999999995
            ],
            [
              18.06216,
              59.392399999999995
            ],
            [
              18.06216,
              59.3908
            ]
          ]
        ]
      },
      "properties": {
        "id": "fb60-Stockholm-280",
        "municipality": "Stockholm",
        "type": "flerbostadshus",
        "view": "2060"
      }
    },
    {
      "type": "Feature",
      "geometry": {
        "type": "Polygon",
        "coordinates": [
          [
            [
              18.06392,
              59.3908
            ],
            [
              18.065520000000003,
              59.3908
            ],
            [
              18.065520000000003,
              59.392399999999995
            ],
            [
              18.06392,
              59.392399999999995
            ],
            [
              18.06392,
              59.3908
            ]
          ]
        ]
      },
      "properties": {
        "id": "fb60-Stockholm-281",
        "municipality": "Stockholm",
        "type": "flerbostadshus",
        "view": "2060"
      }
    },
    {
      "type": "Feature",
      "geometry": {
        "type": "Polygon",
        "coordinates": [
          [
            [
              18.065679999999997,
              59.3908
            ],
            [
              18.06728,
              59.3908
            ],
            [
              18.06728,
              59.392399999999995
            ],
            [
              18.065679999999997,
              59.392399999999995
            ],
            [
              18.065679999999997,
              59.3908
            ]
          ]
        ]
      },
      "properties": {
        "id": "fb60-Stockholm-282",
        "municipality": "Stockholm",
        "type": "flerbostadshus",
        "view": "2060"
      }
    },
    {
      "type": "Feature",
      "geometry": {
        "type": "Polygon",
        "coordinates": [
          [
            [
              18.067439999999998,
              59.3908
            ],
            [
              18.06904,
              59.3908
            ],
            [
              18.06904,
              59.392399999999995
            ],
            [
              18.067439999999998,
              59.392399999999995
            ],
            [
              18.067439999999998,
              59.3908
            ]
          ]
        ]
      },
      "properties": {
        "id": "fb60-Stockholm-283",
        "municipality": "Stockholm",
        "type": "flerbostadshus",
        "view": "2060"
      }
    },
    {
      "type": "Feature",
      "geometry": {
        "type": "Polygon",
        "coordinates": [
          [
            [
              18.0692,
              59.3908
            ],
            [
              18.070800000000002,
              59.3908
            ],
            [
              18.070800000000002,
              59.392399999999995
            ],
            [
              18.0692,
              59.392399999999995
            ],
            [
              18.0692,
              59.3908
            ]
          ]
        ]
      },
      "properties": {
        "id": "fb60-Stockholm-284",
        "municipality": "Stockholm",
        "type": "flerbostadshus",
        "view": "2060"
      }
    },
    {
      "type": "Feature",
      "geometry": {
        "type": "Polygon",
        "coordinates": [
          [
            [
              18.07096,
              59.3908
            ],
            [
              18.072560000000003,
              59.3908
            ],
            [
              18.072560000000003,
              59.392399999999995
            ],
            [
              18.07096,
              59.392399999999995
            ],
            [
              18.07096,
              59.3908
            ]
          ]
        ]
      },
      "properties": {
        "id": "fb60-Stockholm-285",
        "municipality": "Stockholm",
        "type": "flerbostadshus",
        "view": "2060"
      }
    },
    {
      "type": "Feature",
      "geometry": {
        "type": "Polygon",
        "coordinates": [
          [
            [
              18.07272,
              59.3908
            ],
            [
              18.074320000000004,
              59.3908
            ],
            [
              18.074320000000004,
              59.392399999999995
            ],
            [
              18.07272,
              59.392399999999995
            ],
            [
              18.07272,
              59.3908
            ]
          ]
        ]
      },
      "properties": {
        "id": "fb60-Stockholm-286",
        "municipality": "Stockholm",
        "type": "flerbostadshus",
        "view": "2060"
      }
    },
    {
      "type": "Feature",
      "geometry": {
        "type": "Polygon",
        "coordinates": [
          [
            [
              18.074479999999998,
              59.3908
            ],
            [
              18.07608,
              59.3908
            ],
            [
              18.07608,
              59.392399999999995
            ],
            [
              18.074479999999998,
              59.392399999999995
            ],
            [
              18.074479999999998,
              59.3908
            ]
          ]
        ]
      },
      "properties": {
        "id": "fb60-Stockholm-287",
        "municipality": "Stockholm",
        "type": "flerbostadshus",
        "view": "2060"
      }
    },
    {
      "type": "Feature",
      "geometry": {
        "type": "Polygon",
        "coordinates": [
          [
            [
              18.06216,
              59.39256
            ],
            [
              18.063760000000002,
              59.39256
            ],
            [
              18.063760000000002,
              59.39416
            ],
            [
              18.06216,
              59.39416
            ],
            [
              18.06216,
              59.39256
            ]
          ]
        ]
      },
      "properties": {
        "id": "fb60-Stockholm-288",
        "municipality": "Stockholm",
        "type": "flerbostadshus",
        "view": "2060"
      }
    },
    {
      "type": "Feature",
      "geometry": {
        "type": "Polygon",
        "coordinates": [
          [
            [
              18.06392,
              59.39256
            ],
            [
              18.065520000000003,
              59.39256
            ],
            [
              18.065520000000003,
              59.39416
            ],
            [
              18.06392,
              59.39416
            ],
            [
              18.06392,
              59.39256
            ]
          ]
        ]
      },
      "properties": {
        "id": "fb60-Stockholm-289",
        "municipality": "Stockholm",
        "type": "flerbostadshus",
        "view": "2060"
      }
    },
    {
      "type": "Feature",
      "geometry": {
        "type": "Polygon",
        "coordinates": [
          [
            [
              18.065679999999997,
              59.39256
            ],
            [
              18.06728,
              59.39256
            ],
            [
              18.06728,
              59.39416
            ],
            [
              18.065679999999997,
              59.39416
            ],
            [
              18.065679999999997,
              59.39256
            ]
          ]
        ]
      },
      "properties": {
        "id": "fb60-Stockholm-290",
        "municipality": "Stockholm",
        "type": "flerbostadshus",
        "view": "2060"
      }
    },
    {
      "type": "Feature",
      "geometry": {
        "type": "Polygon",
        "coordinates": [
          [
            [
              18.067439999999998,
              59.39256
            ],
            [
              18.06904,
              59.39256
            ],
            [
              18.06904,
              59.39416
            ],
            [
              18.067439999999998,
              59.39416
            ],
            [
              18.067439999999998,
              59.39256
            ]
          ]
        ]
      },
      "properties": {
        "id": "fb60-Stockholm-291",
        "municipality": "Stockholm",
        "type": "flerbostadshus",
        "view": "2060"
      }
    },
    {
      "type": "Feature",
      "geometry": {
        "type": "Polygon",
        "coordinates": [
          [
            [
              18.0692,
              59.39256
            ],
            [
              18.070800000000002,
              59.39256
            ],
            [
              18.070800000000002,
              59.39416
            ],
            [
              18.0692,
              59.39416
            ],
            [
              18.0692,
              59.39256
            ]
          ]
        ]
      },
      "properties": {
        "id": "fb60-Stockholm-292",
        "municipality": "Stockholm",
        "type": "flerbostadshus",
        "view": "2060"
      }
    },
    {
      "type": "Feature",
      "geometry": {
        "type": "Polygon",
        "coordinates": [
          [
            [
              18.07096,
              59.39256
            ],
            [
              18.072560000000003,
              59.39256
            ],
            [
              18.072560000000003,
              59.39416
            ],
            [
              18.07096,
              59.39416
            ],
            [
              18.07096,
              59.39256
            ]
          ]
        ]
      },
      "properties": {
        "id": "fb60-Stockholm-293",
        "municipality": "Stockholm",
        "type": "flerbostadshus",
        "view": "2060"
      }
    },
    {
      "type": "Feature",
      "geometry": {
        "type": "Polygon",
        "coordinates": [
          [
            [
              18.07272,
              59.39256
            ],
            [
              18.074320000000004,
              59.39256
            ],
            [
              18.074320000000004,
              59.39416
            ],
            [
              18.07272,
              59.39416
            ],
            [
              18.07272,
              59.39256
            ]
          ]
        ]
      },
      "properties": {
        "id": "fb60-Stockholm-294",
        "municipality": "Stockholm",
        "type": "flerbostadshus",
        "view": "2060"
      }
    },
    {
      "type": "Feature",
      "geometry": {
        "type": "Polygon",
        "coordinates": [
          [
            [
              18.074479999999998,
              59.39256
            ],
            [
              18.07608,
              59.39256
            ],
            [
              18.07608,
              59.39416
            ],
            [
              18.074479999999998,
              59.39416
            ],
            [
              18.074479999999998,
              59.39256
            ]
          ]
        ]
      },
      "properties": {
        "id": "fb60-Stockholm-295",
        "municipality": "Stockholm",
        "type": "flerbostadshus",
        "view": "2060"
      }
    },
    {
      "type": "Feature",
      "geometry": {
        "type": "Polygon",
        "coordinates": [
          [
            [
              18.06216,
              59.39432
            ],
            [
              18.063760000000002,
              59.39432
            ],
            [
              18.063760000000002,
              59.39592
            ],
            [
              18.06216,
              59.39592
            ],
            [
              18.06216,
              59.39432
            ]
          ]
        ]
      },
      "properties": {
        "id": "fb60-Stockholm-296",
        "municipality": "Stockholm",
        "type": "flerbostadshus",
        "view": "2060"
      }
    },
    {
      "type": "Feature",
      "geometry": {
        "type": "Polygon",
        "coordinates": [
          [
            [
              18.06392,
              59.39432
            ],
            [
              18.065520000000003,
              59.39432
            ],
            [
              18.065520000000003,
              59.39592
            ],
            [
              18.06392,
              59.39592
            ],
            [
              18.06392,
              59.39432
            ]
          ]
        ]
      },
      "properties": {
        "id": "fb60-Stockholm-297",
        "municipality": "Stockholm",
        "type": "flerbostadshus",
        "view": "2060"
      }
    },
    {
      "type": "Feature",
      "geometry": {
        "type": "Polygon",
        "coordinates": [
          [
            [
              18.065679999999997,
              59.39432
            ],
            [
              18.06728,
              59.39432
            ],
            [
              18.06728,
              59.39592
            ],
            [
              18.065679999999997,
              59.39592
            ],
            [
              18.065679999999997,
              59.39432
            ]
          ]
        ]
      },
      "properties": {
        "id": "fb60-Stockholm-298",
        "municipality": "Stockholm",
        "type": "flerbostadshus",
        "view": "2060"
      }
    },
    {
      "type": "Feature",
      "geometry": {
        "type": "Polygon",
        "coordinates": [
          [
            [
              18.067439999999998,
              59.39432
            ],
            [
              18.06904,
              59.39432
            ],
            [
              18.06904,
              59.39592
            ],
            [
              18.067439999999998,
              59.39592
            ],
            [
              18.067439999999998,
              59.39432
            ]
          ]
        ]
      },
      "properties": {
        "id": "fb60-Stockholm-299",
        "municipality": "Stockholm",
        "type": "flerbostadshus",
        "view": "2060"
      }
    },
    {
      "type": "Feature",
      "geometry": {
        "type": "Polygon",
        "coordinates": [
          [
            [
              18.0692,
              59.39432
            ],
            [
              18.070800000000002,
              59.39432
            ],
            [
              18.070800000000002,
              59.39592
            ],
            [
              18.0692,
              59.39592
            ],
            [
              18.0692,
              59.39432
            ]
          ]
        ]
      },
      "properties": {
        "id": "fb60-Stockholm-300",
        "municipality": "Stockholm",
        "type": "flerbostadshus",
        "view": "2060"
      }
    },
    {
      "type": "Feature",
      "geometry": {
        "type": "Polygon",
        "coordinates": [
          [
            [
              18.07096,
              59.39432
            ],
            [
              18.072560000000003,
              59.39432
            ],
            [
              18.072560000000003,
              59.39592
            ],
            [
              18.07096,
              59.39592
            ],
            [
              18.07096,
              59.39432
            ]
          ]
        ]
      },
      "properties": {
        "id": "fb60-Stockholm-301",
        "municipality": "Stockholm",
        "type": "flerbostadshus",
        "view": "2060"
      }
    },
    {
      "type": "Feature",
      "geometry": {
        "type": "Polygon",
        "coordinates": [
          [
            [
              18.07272,
              59.39432
            ],
            [
              18.074320000000004,
              59.39432
            ],
            [
              18.074320000000004,
              59.39592
            ],
            [
              18.07272,
              59.39592
            ],
            [
              18.07272,
              59.39432
            ]
          ]
        ]
      },
      "properties": {
        "id": "fb60-Stockholm-302",
        "municipality": "Stockholm",
        "type": "flerbostadshus",
        "view": "2060"
      }
    },
    {
      "type": "Feature",
      "geometry": {
        "type": "Polygon",
        "coordinates": [
          [
            [
              18.074479999999998,
              59.39432
            ],
            [
              18.07608,
              59.39432
            ],
            [
              18.07608,
              59.39592
            ],
            [
              18.074479999999998,
              59.39592
            ],
            [
              18.074479999999998,
              59.39432
            ]
          ]
        ]
      },
      "properties": {
        "id": "fb60-Stockholm-303",
        "municipality": "Stockholm",
        "type": "flerbostadshus",
        "view": "2060"
      }
    },
    {
      "type": "Feature",
      "geometry": {
        "type": "Polygon",
        "coordinates": [
          [
            [
              18.06216,
              59.39608
            ],
            [
              18.063760000000002,
              59.39608
            ],
            [
              18.063760000000002,
              59.397679999999994
            ],
            [
              18.06216,
              59.397679999999994
            ],
            [
              18.06216,
              59.39608
            ]
          ]
        ]
      },
      "properties": {
        "id": "fb60-Stockholm-304",
        "municipality": "Stockholm",
        "type": "flerbostadshus",
        "view": "2060"
      }
    },
    {
      "type": "Feature",
      "geometry": {
        "type": "Polygon",
        "coordinates": [
          [
            [
              18.06392,
              59.39608
            ],
            [
              18.065520000000003,
              59.39608
            ],
            [
              18.065520000000003,
              59.397679999999994
            ],
            [
              18.06392,
              59.397679999999994
            ],
            [
              18.06392,
              59.39608
            ]
          ]
        ]
      },
      "properties": {
        "id": "fb60-Stockholm-305",
        "municipality": "Stockholm",
        "type": "flerbostadshus",
        "view": "2060"
      }
    },
    {
      "type": "Feature",
      "geometry": {
        "type": "Polygon",
        "coordinates": [
          [
            [
              18.065679999999997,
              59.39608
            ],
            [
              18.06728,
              59.39608
            ],
            [
              18.06728,
              59.397679999999994
            ],
            [
              18.065679999999997,
              59.397679999999994
            ],
            [
              18.065679999999997,
              59.39608
            ]
          ]
        ]
      },
      "properties": {
        "id": "fb60-Stockholm-306",
        "municipality": "Stockholm",
        "type": "flerbostadshus",
        "view": "2060"
      }
    },
    {
      "type": "Feature",
      "geometry": {
        "type": "Polygon",
        "coordinates": [
          [
            [
              18.067439999999998,
              59.39608
            ],
            [
              18.06904,
              59.39608
            ],
            [
              18.06904,
              59.397679999999994
            ],
            [
              18.067439999999998,
              59.397679999999994
            ],
            [
              18.067439999999998,
              59.39608
            ]
          ]
        ]
      },
      "properties": {
        "id": "fb60-Stockholm-307",
        "municipality": "Stockholm",
        "type": "flerbostadshus",
        "view": "2060"
      }
    },
    {
      "type": "Feature",
      "geometry": {
        "type": "Polygon",
        "coordinates": [
          [
            [
              18.0692,
              59.39608
            ],
            [
              18.070800000000002,
              59.39608
            ],
            [
              18.070800000000002,
              59.397679999999994
            ],
            [
              18.0692,
              59.397679999999994
            ],
            [
              18.0692,
              59.39608
            ]
          ]
        ]
      },
      "properties": {
        "id": "fb60-Stockholm-308",
        "municipality": "Stockholm",
        "type": "flerbostadshus",
        "view": "2060"
      }
    },
    {
      "type": "Feature",
      "geometry": {
        "type": "Polygon",
        "coordinates": [
          [
            [
              18.07096,
              59.39608
            ],
            [
              18.072560000000003,
              59.39608
            ],
            [
              18.072560000000003,
              59.397679999999994
            ],
            [
              18.07096,
              59.397679999999994
            ],
            [
              18.07096,
              59.39608
            ]
          ]
        ]
      },
      "properties": {
        "id": "fb60-Stockholm-309",
        "municipality": "Stockholm",
        "type": "flerbostadshus",
        "view": "2060"
      }
    },
    {
      "type": "Feature",
      "geometry": {
        "type": "Polygon",
        "coordinates": [
          [
            [
              18.07272,
              59.39608
            ],
            [
              18.074320000000004,
              59.39608
            ],
            [
              18.074320000000004,
              59.397679999999994
            ],
            [
              18.07272,
              59.397679999999994
            ],
            [
              18.07272,
              59.39608
            ]
          ]
        ]
      },
      "properties": {
        "id": "fb60-Stockholm-310",
        "municipality": "Stockholm",
        "type": "flerbostadshus",
        "view": "2060"
      }
    },
    {
      "type": "Feature",
      "geometry": {
        "type": "Polygon",
        "coordinates": [
          [
            [
              18.074479999999998,
              59.39608
            ],
            [
              18.07608,
              59.39608
            ],
            [
              18.07608,
              59.397679999999994
            ],
            [
              18.074479999999998,
              59.397679999999994
            ],
            [
              18.074479999999998,
              59.39608
            ]
          ]
        ]
      },
      "properties": {
        "id": "fb60-Stockholm-311",
        "municipality": "Stockholm",
        "type": "flerbostadshus",
        "view": "2060"
      }
    },
    {
      "type": "Feature",
      "geometry": {
        "type": "Polygon",
        "coordinates": [
          [
            [
              18.06216,
              59.39784
            ],
            [
              18.063760000000002,
              59.39784
            ],
            [
              18.063760000000002,
              59.39944
            ],
            [
              18.06216,
              59.39944
            ],
            [
              18.06216,
              59.39784
            ]
          ]
        ]
      },
      "properties": {
        "id": "fb60-Stockholm-312",
        "municipality": "Stockholm",
        "type": "flerbostadshus",
        "view": "2060"
      }
    },
    {
      "type": "Feature",
      "geometry": {
        "type": "Polygon",
        "coordinates": [
          [
            [
              18.06392,
              59.39784
            ],
            [
              18.065520000000003,
              59.39784
            ],
            [
              18.065520000000003,
              59.39944
            ],
            [
              18.06392,
              59.39944
            ],
            [
              18.06392,
              59.39784
            ]
          ]
        ]
      },
      "properties": {
        "id": "fb60-Stockholm-313",
        "municipality": "Stockholm",
        "type": "flerbostadshus",
        "view": "2060"
      }
    },
    {
      "type": "Feature",
      "geometry": {
        "type": "Polygon",
        "coordinates": [
          [
            [
              18.065679999999997,
              59.39784
            ],
            [
              18.06728,
              59.39784
            ],
            [
              18.06728,
              59.39944
            ],
            [
              18.065679999999997,
              59.39944
            ],
            [
              18.065679999999997,
              59.39784
            ]
          ]
        ]
      },
      "properties": {
        "id": "fb60-Stockholm-314",
        "municipality": "Stockholm",
        "type": "flerbostadshus",
        "view": "2060"
      }
    },
    {
      "type": "Feature",
      "geometry": {
        "type": "Polygon",
        "coordinates": [
          [
            [
              18.067439999999998,
              59.39784
            ],
            [
              18.06904,
              59.39784
            ],
            [
              18.06904,
              59.39944
            ],
            [
              18.067439999999998,
              59.39944
            ],
            [
              18.067439999999998,
              59.39784
            ]
          ]
        ]
      },
      "properties": {
        "id": "fb60-Stockholm-315",
        "municipality": "Stockholm",
        "type": "flerbostadshus",
        "view": "2060"
      }
    },
    {
      "type": "Feature",
      "geometry": {
        "type": "Polygon",
        "coordinates": [
          [
            [
              18.0692,
              59.39784
            ],
            [
              18.070800000000002,
              59.39784
            ],
            [
              18.070800000000002,
              59.39944
            ],
            [
              18.0692,
              59.39944
            ],
            [
              18.0692,
              59.39784
            ]
          ]
        ]
      },
      "properties": {
        "id": "fb60-Stockholm-316",
        "municipality": "Stockholm",
        "type": "flerbostadshus",
        "view": "2060"
      }
    },
    {
      "type": "Feature",
      "geometry": {
        "type": "Polygon",
        "coordinates": [
          [
            [
              18.07096,
              59.39784
            ],
            [
              18.072560000000003,
              59.39784
            ],
            [
              18.072560000000003,
              59.39944
            ],
            [
              18.07096,
              59.39944
            ],
            [
              18.07096,
              59.39784
            ]
          ]
        ]
      },
      "properties": {
        "id": "fb60-Stockholm-317",
        "municipality": "Stockholm",
        "type": "flerbostadshus",
        "view": "2060"
      }
    },
    {
      "type": "Feature",
      "geometry": {
        "type": "Polygon",
        "coordinates": [
          [
            [
              18.07272,
              59.39784
            ],
            [
              18.074320000000004,
              59.39784
            ],
            [
              18.074320000000004,
              59.39944
            ],
            [
              18.07272,
              59.39944
            ],
            [
              18.07272,
              59.39784
            ]
          ]
        ]
      },
      "properties": {
        "id": "fb60-Stockholm-318",
        "municipality": "Stockholm",
        "type": "flerbostadshus",
        "view": "2060"
      }
    },
    {
      "type": "Feature",
      "geometry": {
        "type": "Polygon",
        "coordinates": [
          [
            [
              18.074479999999998,
              59.39784
            ],
            [
              18.07608,
              59.39784
            ],
            [
              18.07608,
              59.39944
            ],
            [
              18.074479999999998,
              59.39944
            ],
            [
              18.074479999999998,
              59.39784
            ]
          ]
        ]
      },
      "properties": {
        "id": "fb60-Stockholm-319",
        "municipality": "Stockholm",
        "type": "flerbostadshus",
        "view": "2060"
      }
    },
    {
      "type": "Feature",
      "geometry": {
        "type": "Polygon",
        "coordinates": [
          [
            [
              18.06216,
              59.3996
            ],
            [
              18.063760000000002,
              59.3996
            ],
            [
              18.063760000000002,
              59.401199999999996
            ],
            [
              18.06216,
              59.401199999999996
            ],
            [
              18.06216,
              59.3996
            ]
          ]
        ]
      },
      "properties": {
        "id": "fb60-Stockholm-320",
        "municipality": "Stockholm",
        "type": "flerbostadshus",
        "view": "2060"
      }
    },
    {
      "type": "Feature",
      "geometry": {
        "type": "Polygon",
        "coordinates": [
          [
            [
              18.06392,
              59.3996
            ],
            [
              18.065520000000003,
              59.3996
            ],
            [
              18.065520000000003,
              59.401199999999996
            ],
            [
              18.06392,
              59.401199999999996
            ],
            [
              18.06392,
              59.3996
            ]
          ]
        ]
      },
      "properties": {
        "id": "fb60-Stockholm-321",
        "municipality": "Stockholm",
        "type": "flerbostadshus",
        "view": "2060"
      }
    },
    {
      "type": "Feature",
      "geometry": {
        "type": "Polygon",
        "coordinates": [
          [
            [
              18.065679999999997,
              59.3996
            ],
            [
              18.06728,
              59.3996
            ],
            [
              18.06728,
              59.401199999999996
            ],
            [
              18.065679999999997,
              59.401199999999996
            ],
            [
              18.065679999999997,
              59.3996
            ]
          ]
        ]
      },
      "properties": {
        "id": "fb60-Stockholm-322",
        "municipality": "Stockholm",
        "type": "flerbostadshus",
        "view": "2060"
      }
    },
    {
      "type": "Feature",
      "geometry": {
        "type": "Polygon",
        "coordinates": [
          [
            [
              18.067439999999998,
              59.3996
            ],
            [
              18.06904,
              59.3996
            ],
            [
              18.06904,
              59.401199999999996
            ],
            [
              18.067439999999998,
              59.401199999999996
            ],
            [
              18.067439999999998,
              59.3996
            ]
          ]
        ]
      },
      "properties": {
        "id": "fb60-Stockholm-323",
        "municipality": "Stockholm",
        "type": "flerbostadshus",
        "view": "2060"
      }
    },
    {
      "type": "Feature",
      "geometry": {
        "type": "Polygon",
        "coordinates": [
          [
            [
              18.0692,
              59.3996
            ],
            [
              18.070800000000002,
              59.3996
            ],
            [
              18.070800000000002,
              59.401199999999996
            ],
            [
              18.0692,
              59.401199999999996
            ],
            [
              18.0692,
              59.3996
            ]
          ]
        ]
      },
      "properties": {
        "id": "fb60-Stockholm-324",
        "municipality": "Stockholm",
        "type": "flerbostadshus",
        "view": "2060"
      }
    },
    {
      "type": "Feature",
      "geometry": {
        "type": "Polygon",
        "coordinates": [
          [
            [
              18.07096,
              59.3996
            ],
            [
              18.072560000000003,
              59.3996
            ],
            [
              18.072560000000003,
              59.401199999999996
            ],
            [
              18.07096,
              59.401199999999996
            ],
            [
              18.07096,
              59.3996
            ]
          ]
        ]
      },
      "properties": {
        "id": "fb60-Stockholm-325",
        "municipality": "Stockholm",
        "type": "flerbostadshus",
        "view": "2060"
      }
    },
    {
      "type": "Feature",
      "geometry": {
        "type": "Polygon",
        "coordinates": [
          [
            [
              18.07272,
              59.3996
            ],
            [
              18.074320000000004,
              59.3996
            ],
            [
              18.074320000000004,
              59.401199999999996
            ],
            [
              18.07272,
              59.401199999999996
            ],
            [
              18.07272,
              59.3996
            ]
          ]
        ]
      },
      "properties": {
        "id": "fb60-Stockholm-326",
        "municipality": "Stockholm",
        "type": "flerbostadshus",
        "view": "2060"
      }
    },
    {
      "type": "Feature",
      "geometry": {
        "type": "Polygon",
        "coordinates": [
          [
            [
              18.074479999999998,
              59.3996
            ],
            [
              18.07608,
              59.3996
            ],
            [
              18.07608,
              59.401199999999996
            ],
            [
              18.074479999999998,
              59.401199999999996
            ],
            [
              18.074479999999998,
              59.3996
            ]
          ]
        ]
      },
      "properties": {
        "id": "fb60-Stockholm-327",
        "municipality": "Stockholm",
        "type": "flerbostadshus",
        "view": "2060"
      }
    },
    {
      "type": "Feature",
      "geometry": {
        "type": "Polygon",
        "coordinates": [
          [
            [
              18.06216,
              59.40136
            ],
            [
              18.063760000000002,
              59.40136
            ],
            [
              18.063760000000002,
              59.40295999999999
            ],
            [
              18.06216,
              59.40295999999999
            ],
            [
              18.06216,
              59.40136
            ]
          ]
        ]
      },
      "properties": {
        "id": "fb60-Stockholm-328",
        "municipality": "Stockholm",
        "type": "flerbostadshus",
        "view": "2060"
      }
    },
    {
      "type": "Feature",
      "geometry": {
        "type": "Polygon",
        "coordinates": [
          [
            [
              18.06392,
              59.40136
            ],
            [
              18.065520000000003,
              59.40136
            ],
            [
              18.065520000000003,
              59.40295999999999
            ],
            [
              18.06392,
              59.40295999999999
            ],
            [
              18.06392,
              59.40136
            ]
          ]
        ]
      },
      "properties": {
        "id": "fb60-Stockholm-329",
        "municipality": "Stockholm",
        "type": "flerbostadshus",
        "view": "2060"
      }
    },
    {
      "type": "Feature",
      "geometry": {
        "type": "Polygon",
        "coordinates": [
          [
            [
              18.065679999999997,
              59.40136
            ],
            [
              18.06728,
              59.40136
            ],
            [
              18.06728,
              59.40295999999999
            ],
            [
              18.065679999999997,
              59.40295999999999
            ],
            [
              18.065679999999997,
              59.40136
            ]
          ]
        ]
      },
      "properties": {
        "id": "fb60-Stockholm-330",
        "municipality": "Stockholm",
        "type": "flerbostadshus",
        "view": "2060"
      }
    },
    {
      "type": "Feature",
      "geometry": {
        "type": "Polygon",
        "coordinates": [
          [
            [
              18.067439999999998,
              59.40136
            ],
            [
              18.06904,
              59.40136
            ],
            [
              18.06904,
              59.40295999999999
            ],
            [
              18.067439999999998,
              59.40295999999999
            ],
            [
              18.067439999999998,
              59.40136
            ]
          ]
        ]
      },
      "properties": {
        "id": "fb60-Stockholm-331",
        "municipality": "Stockholm",
        "type": "flerbostadshus",
        "view": "2060"
      }
    },
    {
      "type": "Feature",
      "geometry": {
        "type": "Polygon",
        "coordinates": [
          [
            [
              18.0692,
              59.40136
            ],
            [
              18.070800000000002,
              59.40136
            ],
            [
              18.070800000000002,
              59.40295999999999
            ],
            [
              18.0692,
              59.40295999999999
            ],
            [
              18.0692,
              59.40136
            ]
          ]
        ]
      },
      "properties": {
        "id": "fb60-Stockholm-332",
        "municipality": "Stockholm",
        "type": "flerbostadshus",
        "view": "2060"
      }
    },
    {
      "type": "Feature",
      "geometry": {
        "type": "Polygon",
        "coordinates": [
          [
            [
              18.07096,
              59.40136
            ],
            [
              18.072560000000003,
              59.40136
            ],
            [
              18.072560000000003,
              59.40295999999999
            ],
            [
              18.07096,
              59.40295999999999
            ],
            [
              18.07096,
              59.40136
            ]
          ]
        ]
      },
      "properties": {
        "id": "fb60-Stockholm-333",
        "municipality": "Stockholm",
        "type": "flerbostadshus",
        "view": "2060"
      }
    },
    {
      "type": "Feature",
      "geometry": {
        "type": "Polygon",
        "coordinates": [
          [
            [
              18.07272,
              59.40136
            ],
            [
              18.074320000000004,
              59.40136
            ],
            [
              18.074320000000004,
              59.40295999999999
            ],
            [
              18.07272,
              59.40295999999999
            ],
            [
              18.07272,
              59.40136
            ]
          ]
        ]
      },
      "properties": {
        "id": "fb60-Stockholm-334",
        "municipality": "Stockholm",
        "type": "flerbostadshus",
        "view": "2060"
      }
    },
    {
      "type": "Feature",
      "geometry": {
        "type": "Polygon",
        "coordinates": [
          [
            [
              18.074479999999998,
              59.40136
            ],
            [
              18.07608,
              59.40136
            ],
            [
              18.07608,
              59.40295999999999
            ],
            [
              18.074479999999998,
              59.40295999999999
            ],
            [
              18.074479999999998,
              59.40136
            ]
          ]
        ]
      },
      "properties": {
        "id": "fb60-Stockholm-335",
        "municipality": "Stockholm",
        "type": "flerbostadshus",
        "view": "2060"
      }
    },
    {
      "type": "Feature",
      "geometry": {
        "type": "Polygon",
        "coordinates": [
          [
            [
              18.06216,
              59.40312
            ],
            [
              18.063760000000002,
              59.40312
            ],
            [
              18.063760000000002,
              59.40472
            ],
            [
              18.06216,
              59.40472
            ],
            [
              18.06216,
              59.40312
            ]
          ]
        ]
      },
      "properties": {
        "id": "fb60-Stockholm-336",
        "municipality": "Stockholm",
        "type": "flerbostadshus",
        "view": "2060"
      }
    },
    {
      "type": "Feature",
      "geometry": {
        "type": "Polygon",
        "coordinates": [
          [
            [
              18.06392,
              59.40312
            ],
            [
              18.065520000000003,
              59.40312
            ],
            [
              18.065520000000003,
              59.40472
            ],
            [
              18.06392,
              59.40472
            ],
            [
              18.06392,
              59.40312
            ]
          ]
        ]
      },
      "properties": {
        "id": "fb60-Stockholm-337",
        "municipality": "Stockholm",
        "type": "flerbostadshus",
        "view": "2060"
      }
    },
    {
      "type": "Feature",
      "geometry": {
        "type": "Polygon",
        "coordinates": [
          [
            [
              18.065679999999997,
              59.40312
            ],
            [
              18.06728,
              59.40312
            ],
            [
              18.06728,
              59.40472
            ],
            [
              18.065679999999997,
              59.40472
            ],
            [
              18.065679999999997,
              59.40312
            ]
          ]
        ]
      },
      "properties": {
        "id": "fb60-Stockholm-338",
        "municipality": "Stockholm",
        "type": "flerbostadshus",
        "view": "2060"
      }
    },
    {
      "type": "Feature",
      "geometry": {
        "type": "Polygon",
        "coordinates": [
          [
            [
              18.067439999999998,
              59.40312
            ],
            [
              18.06904,
              59.40312
            ],
            [
              18.06904,
              59.40472
            ],
            [
              18.067439999999998,
              59.40472
            ],
            [
              18.067439999999998,
              59.40312
            ]
          ]
        ]
      },
      "properties": {
        "id": "fb60-Stockholm-339",
        "municipality": "Stockholm",
        "type": "flerbostadshus",
        "view": "2060"
      }
    },
    {
      "type": "Feature",
      "geometry": {
        "type": "Polygon",
        "coordinates": [
          [
            [
              18.0692,
              59.40312
            ],
            [
              18.070800000000002,
              59.40312
            ],
            [
              18.070800000000002,
              59.40472
            ],
            [
              18.0692,
              59.40472
            ],
            [
              18.0692,
              59.40312
            ]
          ]
        ]
      },
      "properties": {
        "id": "fb60-Stockholm-340",
        "municipality": "Stockholm",
        "type": "flerbostadshus",
        "view": "2060"
      }
    },
    {
      "type": "Feature",
      "geometry": {
        "type": "Polygon",
        "coordinates": [
          [
            [
              18.07096,
              59.40312
            ],
            [
              18.072560000000003,
              59.40312
            ],
            [
              18.072560000000003,
              59.40472
            ],
            [
              18.07096,
              59.40472
            ],
            [
              18.07096,
              59.40312
            ]
          ]
        ]
      },
      "properties": {
        "id": "fb60-Stockholm-341",
        "municipality": "Stockholm",
        "type": "flerbostadshus",
        "view": "2060"
      }
    },
    {
      "type": "Feature",
      "geometry": {
        "type": "Polygon",
        "coordinates": [
          [
            [
              18.07272,
              59.40312
            ],
            [
              18.074320000000004,
              59.40312
            ],
            [
              18.074320000000004,
              59.40472
            ],
            [
              18.07272,
              59.40472
            ],
            [
              18.07272,
              59.40312
            ]
          ]
        ]
      },
      "properties": {
        "id": "fb60-Stockholm-342",
        "municipality": "Stockholm",
        "type": "flerbostadshus",
        "view": "2060"
      }
    },
    {
      "type": "Feature",
      "geometry": {
        "type": "Polygon",
        "coordinates": [
          [
            [
              18.074479999999998,
              59.40312
            ],
            [
              18.07608,
              59.40312
            ],
            [
              18.07608,
              59.40472
            ],
            [
              18.074479999999998,
              59.40472
            ],
            [
              18.074479999999998,
              59.40312
            ]
          ]
        ]
      },
      "properties": {
        "id": "fb60-Stockholm-343",
        "municipality": "Stockholm",
        "type": "flerbostadshus",
        "view": "2060"
      }
    },
    {
      "type": "Feature",
      "geometry": {
        "type": "Polygon",
        "coordinates": [
          [
            [
              18.06216,
              59.40488
            ],
            [
              18.063760000000002,
              59.40488
            ],
            [
              18.063760000000002,
              59.406479999999995
            ],
            [
              18.06216,
              59.406479999999995
            ],
            [
              18.06216,
              59.40488
            ]
          ]
        ]
      },
      "properties": {
        "id": "fb60-Stockholm-344",
        "municipality": "Stockholm",
        "type": "flerbostadshus",
        "view": "2060"
      }
    },
    {
      "type": "Feature",
      "geometry": {
        "type": "Polygon",
        "coordinates": [
          [
            [
              18.06392,
              59.40488
            ],
            [
              18.065520000000003,
              59.40488
            ],
            [
              18.065520000000003,
              59.406479999999995
            ],
            [
              18.06392,
              59.406479999999995
            ],
            [
              18.06392,
              59.40488
            ]
          ]
        ]
      },
      "properties": {
        "id": "fb60-Stockholm-345",
        "municipality": "Stockholm",
        "type": "flerbostadshus",
        "view": "2060"
      }
    },
    {
      "type": "Feature",
      "geometry": {
        "type": "Polygon",
        "coordinates": [
          [
            [
              18.065679999999997,
              59.40488
            ],
            [
              18.06728,
              59.40488
            ],
            [
              18.06728,
              59.406479999999995
            ],
            [
              18.065679999999997,
              59.406479999999995
            ],
            [
              18.065679999999997,
              59.40488
            ]
          ]
        ]
      },
      "properties": {
        "id": "fb60-Stockholm-346",
        "municipality": "Stockholm",
        "type": "flerbostadshus",
        "view": "2060"
      }
    },
    {
      "type": "Feature",
      "geometry": {
        "type": "Polygon",
        "coordinates": [
          [
            [
              18.067439999999998,
              59.40488
            ],
            [
              18.06904,
              59.40488
            ],
            [
              18.06904,
              59.406479999999995
            ],
            [
              18.067439999999998,
              59.406479999999995
            ],
            [
              18.067439999999998,
              59.40488
            ]
          ]
        ]
      },
      "properties": {
        "id": "fb60-Stockholm-347",
        "municipality": "Stockholm",
        "type": "flerbostadshus",
        "view": "2060"
      }
    },
    {
      "type": "Feature",
      "geometry": {
        "type": "Polygon",
        "coordinates": [
          [
            [
              18.0692,
              59.40488
            ],
            [
              18.070800000000002,
              59.40488
            ],
            [
              18.070800000000002,
              59.406479999999995
            ],
            [
              18.0692,
              59.406479999999995
            ],
            [
              18.0692,
              59.40488
            ]
          ]
        ]
      },
      "properties": {
        "id": "fb60-Stockholm-348",
        "municipality": "Stockholm",
        "type": "flerbostadshus",
        "view": "2060"
      }
    },
    {
      "type": "Feature",
      "geometry": {
        "type": "Polygon",
        "coordinates": [
          [
            [
              18.07096,
              59.40488
            ],
            [
              18.072560000000003,
              59.40488
            ],
            [
              18.072560000000003,
              59.406479999999995
            ],
            [
              18.07096,
              59.406479999999995
            ],
            [
              18.07096,
              59.40488
            ]
          ]
        ]
      },
      "properties": {
        "id": "fb60-Stockholm-349",
        "municipality": "Stockholm",
        "type": "flerbostadshus",
        "view": "2060"
      }
    },
    {
      "type": "Feature",
      "geometry": {
        "type": "Polygon",
        "coordinates": [
          [
            [
              18.07272,
              59.40488
            ],
            [
              18.074320000000004,
              59.40488
            ],
            [
              18.074320000000004,
              59.406479999999995
            ],
            [
              18.07272,
              59.406479999999995
            ],
            [
              18.07272,
              59.40488
            ]
          ]
        ]
      },
      "properties": {
        "id": "fb60-Stockholm-350",
        "municipality": "Stockholm",
        "type": "flerbostadshus",
        "view": "2060"
      }
    },
    {
      "type": "Feature",
      "geometry": {
        "type": "Polygon",
        "coordinates": [
          [
            [
              18.074479999999998,
              59.40488
            ],
            [
              18.07608,
              59.40488
            ],
            [
              18.07608,
              59.406479999999995
            ],
            [
              18.074479999999998,
              59.406479999999995
            ],
            [
              18.074479999999998,
              59.40488
            ]
          ]
        ]
      },
      "properties": {
        "id": "fb60-Stockholm-351",
        "municipality": "Stockholm",
        "type": "flerbostadshus",
        "view": "2060"
      }
    },
    {
      "type": "Feature",
      "geometry": {
        "type": "Polygon",
        "coordinates": [
          [
            [
              18.06216,
              59.40664
            ],
            [
              18.063760000000002,
              59.40664
            ],
            [
              18.063760000000002,
              59.40824
            ],
            [
              18.06216,
              59.40824
            ],
            [
              18.06216,
              59.40664
            ]
          ]
        ]
      },
      "properties": {
        "id": "fb60-Stockholm-352",
        "municipality": "Stockholm",
        "type": "flerbostadshus",
        "view": "2060"
      }
    },
    {
      "type": "Feature",
      "geometry": {
        "type": "Polygon",
        "coordinates": [
          [
            [
              18.06392,
              59.40664
            ],
            [
              18.065520000000003,
              59.40664
            ],
            [
              18.065520000000003,
              59.40824
            ],
            [
              18.06392,
              59.40824
            ],
            [
              18.06392,
              59.40664
            ]
          ]
        ]
      },
      "properties": {
        "id": "fb60-Stockholm-353",
        "municipality": "Stockholm",
        "type": "flerbostadshus",
        "view": "2060"
      }
    },
    {
      "type": "Feature",
      "geometry": {
        "type": "Polygon",
        "coordinates": [
          [
            [
              18.065679999999997,
              59.40664
            ],
            [
              18.06728,
              59.40664
            ],
            [
              18.06728,
              59.40824
            ],
            [
              18.065679999999997,
              59.40824
            ],
            [
              18.065679999999997,
              59.40664
            ]
          ]
        ]
      },
      "properties": {
        "id": "fb60-Stockholm-354",
        "municipality": "Stockholm",
        "type": "flerbostadshus",
        "view": "2060"
      }
    },
    {
      "type": "Feature",
      "geometry": {
        "type": "Polygon",
        "coordinates": [
          [
            [
              18.067439999999998,
              59.40664
            ],
            [
              18.06904,
              59.40664
            ],
            [
              18.06904,
              59.40824
            ],
            [
              18.067439999999998,
              59.40824
            ],
            [
              18.067439999999998,
              59.40664
            ]
          ]
        ]
      },
      "properties": {
        "id": "fb60-Stockholm-355",
        "municipality": "Stockholm",
        "type": "flerbostadshus",
        "view": "2060"
      }
    },
    {
      "type": "Feature",
      "geometry": {
        "type": "Polygon",
        "coordinates": [
          [
            [
              18.0692,
              59.40664
            ],
            [
              18.070800000000002,
              59.40664
            ],
            [
              18.070800000000002,
              59.40824
            ],
            [
              18.0692,
              59.40824
            ],
            [
              18.0692,
              59.40664
            ]
          ]
        ]
      },
      "properties": {
        "id": "fb60-Stockholm-356",
        "municipality": "Stockholm",
        "type": "flerbostadshus",
        "view": "2060"
      }
    },
    {
      "type": "Feature",
      "geometry": {
        "type": "Polygon",
        "coordinates": [
          [
            [
              18.07096,
              59.40664
            ],
            [
              18.072560000000003,
              59.40664
            ],
            [
              18.072560000000003,
              59.40824
            ],
            [
              18.07096,
              59.40824
            ],
            [
              18.07096,
              59.40664
            ]
          ]
        ]
      },
      "properties": {
        "id": "fb60-Stockholm-357",
        "municipality": "Stockholm",
        "type": "flerbostadshus",
        "view": "2060"
      }
    },
    {
      "type": "Feature",
      "geometry": {
        "type": "Polygon",
        "coordinates": [
          [
            [
              18.07272,
              59.40664
            ],
            [
              18.074320000000004,
              59.40664
            ],
            [
              18.074320000000004,
              59.40824
            ],
            [
              18.07272,
              59.40824
            ],
            [
              18.07272,
              59.40664
            ]
          ]
        ]
      },
      "properties": {
        "id": "fb60-Stockholm-358",
        "municipality": "Stockholm",
        "type": "flerbostadshus",
        "view": "2060"
      }
    },
    {
      "type": "Feature",
      "geometry": {
        "type": "Polygon",
        "coordinates": [
          [
            [
              18.074479999999998,
              59.40664
            ],
            [
              18.07608,
              59.40664
            ],
            [
              18.07608,
              59.40824
            ],
            [
              18.074479999999998,
              59.40824
            ],
            [
              18.074479999999998,
              59.40664
            ]
          ]
        ]
      },
      "properties": {
        "id": "fb60-Stockholm-359",
        "municipality": "Stockholm",
        "type": "flerbostadshus",
        "view": "2060"
      }
    },
    {
      "type": "Feature",
      "geometry": {
        "type": "Polygon",
        "coordinates": [
          [
            [
              18.06216,
              59.4084
            ],
            [
              18.063760000000002,
              59.4084
            ],
            [
              18.063760000000002,
              59.41
            ],
            [
              18.06216,
              59.41
            ],
            [
              18.06216,
              59.4084
            ]
          ]
        ]
      },
      "properties": {
        "id": "fb60-Stockholm-360",
        "municipality": "Stockholm",
        "type": "flerbostadshus",
        "view": "2060"
      }
    },
    {
      "type": "Feature",
      "geometry": {
        "type": "Polygon",
        "coordinates": [
          [
            [
              18.06392,
              59.4084
            ],
            [
              18.065520000000003,
              59.4084
            ],
            [
              18.065520000000003,
              59.41
            ],
            [
              18.06392,
              59.41
            ],
            [
              18.06392,
              59.4084
            ]
          ]
        ]
      },
      "properties": {
        "id": "fb60-Stockholm-361",
        "municipality": "Stockholm",
        "type": "flerbostadshus",
        "view": "2060"
      }
    },
    {
      "type": "Feature",
      "geometry": {
        "type": "Polygon",
        "coordinates": [
          [
            [
              18.065679999999997,
              59.4084
            ],
            [
              18.06728,
              59.4084
            ],
            [
              18.06728,
              59.41
            ],
            [
              18.065679999999997,
              59.41
            ],
            [
              18.065679999999997,
              59.4084
            ]
          ]
        ]
      },
      "properties": {
        "id": "fb60-Stockholm-362",
        "municipality": "Stockholm",
        "type": "flerbostadshus",
        "view": "2060"
      }
    },
    {
      "type": "Feature",
      "geometry": {
        "type": "Polygon",
        "coordinates": [
          [
            [
              18.067439999999998,
              59.4084
            ],
            [
              18.06904,
              59.4084
            ],
            [
              18.06904,
              59.41
            ],
            [
              18.067439999999998,
              59.41
            ],
            [
              18.067439999999998,
              59.4084
            ]
          ]
        ]
      },
      "properties": {
        "id": "fb60-Stockholm-363",
        "municipality": "Stockholm",
        "type": "flerbostadshus",
        "view": "2060"
      }
    },
    {
      "type": "Feature",
      "geometry": {
        "type": "Polygon",
        "coordinates": [
          [
            [
              18.0692,
              59.4084
            ],
            [
              18.070800000000002,
              59.4084
            ],
            [
              18.070800000000002,
              59.41
            ],
            [
              18.0692,
              59.41
            ],
            [
              18.0692,
              59.4084
            ]
          ]
        ]
      },
      "properties": {
        "id": "fb60-Stockholm-364",
        "municipality": "Stockholm",
        "type": "flerbostadshus",
        "view": "2060"
      }
    },
    {
      "type": "Feature",
      "geometry": {
        "type": "Polygon",
        "coordinates": [
          [
            [
              18.07096,
              59.4084
            ],
            [
              18.072560000000003,
              59.4084
            ],
            [
              18.072560000000003,
              59.41
            ],
            [
              18.07096,
              59.41
            ],
            [
              18.07096,
              59.4084
            ]
          ]
        ]
      },
      "properties": {
        "id": "fb60-Stockholm-365",
        "municipality": "Stockholm",
        "type": "flerbostadshus",
        "view": "2060"
      }
    },
    {
      "type": "Feature",
      "geometry": {
        "type": "Polygon",
        "coordinates": [
          [
            [
              18.07272,
              59.4084
            ],
            [
              18.074320000000004,
              59.4084
            ],
            [
              18.074320000000004,
              59.41
            ],
            [
              18.07272,
              59.41
            ],
            [
              18.07272,
              59.4084
            ]
          ]
        ]
      },
      "properties": {
        "id": "fb60-Stockholm-366",
        "municipality": "Stockholm",
        "type": "flerbostadshus",
        "view": "2060"
      }
    },
    {
      "type": "Feature",
      "geometry": {
        "type": "Polygon",
        "coordinates": [
          [
            [
              18.074479999999998,
              59.4084
            ],
            [
              18.07608,
              59.4084
            ],
            [
              18.07608,
              59.41
            ],
            [
              18.074479999999998,
              59.41
            ],
            [
              18.074479999999998,
              59.4084
            ]
          ]
        ]
      },
      "properties": {
        "id": "fb60-Stockholm-367",
        "municipality": "Stockholm",
        "type": "flerbostadshus",
        "view": "2060"
      }
    },
    {
      "type": "Feature",
      "geometry": {
        "type": "Polygon",
        "coordinates": [
          [
            [
              18.06216,
              59.41016
            ],
            [
              18.063760000000002,
              59.41016
            ],
            [
              18.063760000000002,
              59.411759999999994
            ],
            [
              18.06216,
              59.411759999999994
            ],
            [
              18.06216,
              59.41016
            ]
          ]
        ]
      },
      "properties": {
        "id": "fb60-Stockholm-368",
        "municipality": "Stockholm",
        "type": "flerbostadshus",
        "view": "2060"
      }
    },
    {
      "type": "Feature",
      "geometry": {
        "type": "Polygon",
        "coordinates": [
          [
            [
              18.06392,
              59.41016
            ],
            [
              18.065520000000003,
              59.41016
            ],
            [
              18.065520000000003,
              59.411759999999994
            ],
            [
              18.06392,
              59.411759999999994
            ],
            [
              18.06392,
              59.41016
            ]
          ]
        ]
      },
      "properties": {
        "id": "fb60-Stockholm-369",
        "municipality": "Stockholm",
        "type": "flerbostadshus",
        "view": "2060"
      }
    },
    {
      "type": "Feature",
      "geometry": {
        "type": "Polygon",
        "coordinates": [
          [
            [
              18.065679999999997,
              59.41016
            ],
            [
              18.06728,
              59.41016
            ],
            [
              18.06728,
              59.411759999999994
            ],
            [
              18.065679999999997,
              59.411759999999994
            ],
            [
              18.065679999999997,
              59.41016
            ]
          ]
        ]
      },
      "properties": {
        "id": "fb60-Stockholm-370",
        "municipality": "Stockholm",
        "type": "flerbostadshus",
        "view": "2060"
      }
    },
    {
      "type": "Feature",
      "geometry": {
        "type": "Polygon",
        "coordinates": [
          [
            [
              18.067439999999998,
              59.41016
            ],
            [
              18.06904,
              59.41016
            ],
            [
              18.06904,
              59.411759999999994
            ],
            [
              18.067439999999998,
              59.411759999999994
            ],
            [
              18.067439999999998,
              59.41016
            ]
          ]
        ]
      },
      "properties": {
        "id": "fb60-Stockholm-371",
        "municipality": "Stockholm",
        "type": "flerbostadshus",
        "view": "2060"
      }
    },
    {
      "type": "Feature",
      "geometry": {
        "type": "Polygon",
        "coordinates": [
          [
            [
              18.0692,
              59.41016
            ],
            [
              18.070800000000002,
              59.41016
            ],
            [
              18.070800000000002,
              59.411759999999994
            ],
            [
              18.0692,
              59.411759999999994
            ],
            [
              18.0692,
              59.41016
            ]
          ]
        ]
      },
      "properties": {
        "id": "fb60-Stockholm-372",
        "municipality": "Stockholm",
        "type": "flerbostadshus",
        "view": "2060"
      }
    },
    {
      "type": "Feature",
      "geometry": {
        "type": "Polygon",
        "coordinates": [
          [
            [
              18.07096,
              59.41016
            ],
            [
              18.072560000000003,
              59.41016
            ],
            [
              18.072560000000003,
              59.411759999999994
            ],
            [
              18.07096,
              59.411759999999994
            ],
            [
              18.07096,
              59.41016
            ]
          ]
        ]
      },
      "properties": {
        "id": "fb60-Stockholm-373",
        "municipality": "Stockholm",
        "type": "flerbostadshus",
        "view": "2060"
      }
    },
    {
      "type": "Feature",
      "geometry": {
        "type": "Polygon",
        "coordinates": [
          [
            [
              18.07272,
              59.41016
            ],
            [
              18.074320000000004,
              59.41016
            ],
            [
              18.074320000000004,
              59.411759999999994
            ],
            [
              18.07272,
              59.411759999999994
            ],
            [
              18.07272,
              59.41016
            ]
          ]
        ]
      },
      "properties": {
        "id": "fb60-Stockholm-374",
        "municipality": "Stockholm",
        "type": "flerbostadshus",
        "view": "2060"
      }
    },
    {
      "type": "Feature",
      "geometry": {
        "type": "Polygon",
        "coordinates": [
          [
            [
              18.074479999999998,
              59.41016
            ],
            [
              18.07608,
              59.41016
            ],
            [
              18.07608,
              59.411759999999994
            ],
            [
              18.074479999999998,
              59.411759999999994
            ],
            [
              18.074479999999998,
              59.41016
            ]
          ]
        ]
      },
      "properties": {
        "id": "fb60-Stockholm-375",
        "municipality": "Stockholm",
        "type": "flerbostadshus",
        "view": "2060"
      }
    },
    {
      "type": "Feature",
      "geometry": {
        "type": "Polygon",
        "coordinates": [
          [
            [
              18.06216,
              59.41192
            ],
            [
              18.063760000000002,
              59.41192
            ],
            [
              18.063760000000002,
              59.41352
            ],
            [
              18.06216,
              59.41352
            ],
            [
              18.06216,
              59.41192
            ]
          ]
        ]
      },
      "properties": {
        "id": "fb60-Stockholm-376",
        "municipality": "Stockholm",
        "type": "flerbostadshus",
        "view": "2060"
      }
    },
    {
      "type": "Feature",
      "geometry": {
        "type": "Polygon",
        "coordinates": [
          [
            [
              18.06392,
              59.41192
            ],
            [
              18.065520000000003,
              59.41192
            ],
            [
              18.065520000000003,
              59.41352
            ],
            [
              18.06392,
              59.41352
            ],
            [
              18.06392,
              59.41192
            ]
          ]
        ]
      },
      "properties": {
        "id": "fb60-Stockholm-377",
        "municipality": "Stockholm",
        "type": "flerbostadshus",
        "view": "2060"
      }
    },
    {
      "type": "Feature",
      "geometry": {
        "type": "Polygon",
        "coordinates": [
          [
            [
              18.065679999999997,
              59.41192
            ],
            [
              18.06728,
              59.41192
            ],
            [
              18.06728,
              59.41352
            ],
            [
              18.065679999999997,
              59.41352
            ],
            [
              18.065679999999997,
              59.41192
            ]
          ]
        ]
      },
      "properties": {
        "id": "fb60-Stockholm-378",
        "municipality": "Stockholm",
        "type": "flerbostadshus",
        "view": "2060"
      }
    },
    {
      "type": "Feature",
      "geometry": {
        "type": "Polygon",
        "coordinates": [
          [
            [
              18.067439999999998,
              59.41192
            ],
            [
              18.06904,
              59.41192
            ],
            [
              18.06904,
              59.41352
            ],
            [
              18.067439999999998,
              59.41352
            ],
            [
              18.067439999999998,
              59.41192
            ]
          ]
        ]
      },
      "properties": {
        "id": "fb60-Stockholm-379",
        "municipality": "Stockholm",
        "type": "flerbostadshus",
        "view": "2060"
      }
    },
    {
      "type": "Feature",
      "geometry": {
        "type": "Polygon",
        "coordinates": [
          [
            [
              18.0692,
              59.41192
            ],
            [
              18.070800000000002,
              59.41192
            ],
            [
              18.070800000000002,
              59.41352
            ],
            [
              18.0692,
              59.41352
            ],
            [
              18.0692,
              59.41192
            ]
          ]
        ]
      },
      "properties": {
        "id": "fb60-Stockholm-380",
        "municipality": "Stockholm",
        "type": "flerbostadshus",
        "view": "2060"
      }
    },
    {
      "type": "Feature",
      "geometry": {
        "type": "Polygon",
        "coordinates": [
          [
            [
              18.07096,
              59.41192
            ],
            [
              18.072560000000003,
              59.41192
            ],
            [
              18.072560000000003,
              59.41352
            ],
            [
              18.07096,
              59.41352
            ],
            [
              18.07096,
              59.41192
            ]
          ]
        ]
      },
      "properties": {
        "id": "fb60-Stockholm-381",
        "municipality": "Stockholm",
        "type": "flerbostadshus",
        "view": "2060"
      }
    },
    {
      "type": "Feature",
      "geometry": {
        "type": "Polygon",
        "coordinates": [
          [
            [
              18.07272,
              59.41192
            ],
            [
              18.074320000000004,
              59.41192
            ],
            [
              18.074320000000004,
              59.41352
            ],
            [
              18.07272,
              59.41352
            ],
            [
              18.07272,
              59.41192
            ]
          ]
        ]
      },
      "properties": {
        "id": "fb60-Stockholm-382",
        "municipality": "Stockholm",
        "type": "flerbostadshus",
        "view": "2060"
      }
    },
    {
      "type": "Feature",
      "geometry": {
        "type": "Polygon",
        "coordinates": [
          [
            [
              18.074479999999998,
              59.41192
            ],
            [
              18.07608,
              59.41192
            ],
            [
              18.07608,
              59.41352
            ],
            [
              18.074479999999998,
              59.41352
            ],
            [
              18.074479999999998,
              59.41192
            ]
          ]
        ]
      },
      "properties": {
        "id": "fb60-Stockholm-383",
        "municipality": "Stockholm",
        "type": "flerbostadshus",
        "view": "2060"
      }
    },
    {
      "type": "Feature",
      "geometry": {
        "type": "Polygon",
        "coordinates": [
          [
            [
              18.06216,
              59.41368
            ],
            [
              18.063760000000002,
              59.41368
            ],
            [
              18.063760000000002,
              59.415279999999996
            ],
            [
              18.06216,
              59.415279999999996
            ],
            [
              18.06216,
              59.41368
            ]
          ]
        ]
      },
      "properties": {
        "id": "fb60-Stockholm-384",
        "municipality": "Stockholm",
        "type": "flerbostadshus",
        "view": "2060"
      }
    },
    {
      "type": "Feature",
      "geometry": {
        "type": "Polygon",
        "coordinates": [
          [
            [
              18.06392,
              59.41368
            ],
            [
              18.065520000000003,
              59.41368
            ],
            [
              18.065520000000003,
              59.415279999999996
            ],
            [
              18.06392,
              59.415279999999996
            ],
            [
              18.06392,
              59.41368
            ]
          ]
        ]
      },
      "properties": {
        "id": "fb60-Stockholm-385",
        "municipality": "Stockholm",
        "type": "flerbostadshus",
        "view": "2060"
      }
    },
    {
      "type": "Feature",
      "geometry": {
        "type": "Polygon",
        "coordinates": [
          [
            [
              18.065679999999997,
              59.41368
            ],
            [
              18.06728,
              59.41368
            ],
            [
              18.06728,
              59.415279999999996
            ],
            [
              18.065679999999997,
              59.415279999999996
            ],
            [
              18.065679999999997,
              59.41368
            ]
          ]
        ]
      },
      "properties": {
        "id": "fb60-Stockholm-386",
        "municipality": "Stockholm",
        "type": "flerbostadshus",
        "view": "2060"
      }
    },
    {
      "type": "Feature",
      "geometry": {
        "type": "Polygon",
        "coordinates": [
          [
            [
              18.067439999999998,
              59.41368
            ],
            [
              18.06904,
              59.41368
            ],
            [
              18.06904,
              59.415279999999996
            ],
            [
              18.067439999999998,
              59.415279999999996
            ],
            [
              18.067439999999998,
              59.41368
            ]
          ]
        ]
      },
      "properties": {
        "id": "fb60-Stockholm-387",
        "municipality": "Stockholm",
        "type": "flerbostadshus",
        "view": "2060"
      }
    },
    {
      "type": "Feature",
      "geometry": {
        "type": "Polygon",
        "coordinates": [
          [
            [
              18.0692,
              59.41368
            ],
            [
              18.070800000000002,
              59.41368
            ],
            [
              18.070800000000002,
              59.415279999999996
            ],
            [
              18.0692,
              59.415279999999996
            ],
            [
              18.0692,
              59.41368
            ]
          ]
        ]
      },
      "properties": {
        "id": "fb60-Stockholm-388",
        "municipality": "Stockholm",
        "type": "flerbostadshus",
        "view": "2060"
      }
    },
    {
      "type": "Feature",
      "geometry": {
        "type": "Polygon",
        "coordinates": [
          [
            [
              18.07096,
              59.41368
            ],
            [
              18.072560000000003,
              59.41368
            ],
            [
              18.072560000000003,
              59.415279999999996
            ],
            [
              18.07096,
              59.415279999999996
            ],
            [
              18.07096,
              59.41368
            ]
          ]
        ]
      },
      "properties": {
        "id": "fb60-Stockholm-389",
        "municipality": "Stockholm",
        "type": "flerbostadshus",
        "view": "2060"
      }
    },
    {
      "type": "Feature",
      "geometry": {
        "type": "Polygon",
        "coordinates": [
          [
            [
              18.07272,
              59.41368
            ],
            [
              18.074320000000004,
              59.41368
            ],
            [
              18.074320000000004,
              59.415279999999996
            ],
            [
              18.07272,
              59.415279999999996
            ],
            [
              18.07272,
              59.41368
            ]
          ]
        ]
      },
      "properties": {
        "id": "fb60-Stockholm-390",
        "municipality": "Stockholm",
        "type": "flerbostadshus",
        "view": "2060"
      }
    },
    {
      "type": "Feature",
      "geometry": {
        "type": "Polygon",
        "coordinates": [
          [
            [
              18.074479999999998,
              59.41368
            ],
            [
              18.07608,
              59.41368
            ],
            [
              18.07608,
              59.415279999999996
            ],
            [
              18.074479999999998,
              59.415279999999996
            ],
            [
              18.074479999999998,
              59.41368
            ]
          ]
        ]
      },
      "properties": {
        "id": "fb60-Stockholm-391",
        "municipality": "Stockholm",
        "type": "flerbostadshus",
        "view": "2060"
      }
    },
    {
      "type": "Feature",
      "geometry": {
        "type": "Polygon",
        "coordinates": [
          [
            [
              18.06216,
              59.41544
            ],
            [
              18.063760000000002,
              59.41544
            ],
            [
              18.063760000000002,
              59.41703999999999
            ],
            [
              18.06216,
              59.41703999999999
            ],
            [
              18.06216,
              59.41544
            ]
          ]
        ]
      },
      "properties": {
        "id": "fb60-Stockholm-392",
        "municipality": "Stockholm",
        "type": "flerbostadshus",
        "view": "2060"
      }
    },
    {
      "type": "Feature",
      "geometry": {
        "type": "Polygon",
        "coordinates": [
          [
            [
              18.06392,
              59.41544
            ],
            [
              18.065520000000003,
              59.41544
            ],
            [
              18.065520000000003,
              59.41703999999999
            ],
            [
              18.06392,
              59.41703999999999
            ],
            [
              18.06392,
              59.41544
            ]
          ]
        ]
      },
      "properties": {
        "id": "fb60-Stockholm-393",
        "municipality": "Stockholm",
        "type": "flerbostadshus",
        "view": "2060"
      }
    },
    {
      "type": "Feature",
      "geometry": {
        "type": "Polygon",
        "coordinates": [
          [
            [
              18.065679999999997,
              59.41544
            ],
            [
              18.06728,
              59.41544
            ],
            [
              18.06728,
              59.41703999999999
            ],
            [
              18.065679999999997,
              59.41703999999999
            ],
            [
              18.065679999999997,
              59.41544
            ]
          ]
        ]
      },
      "properties": {
        "id": "fb60-Stockholm-394",
        "municipality": "Stockholm",
        "type": "flerbostadshus",
        "view": "2060"
      }
    },
    {
      "type": "Feature",
      "geometry": {
        "type": "Polygon",
        "coordinates": [
          [
            [
              18.067439999999998,
              59.41544
            ],
            [
              18.06904,
              59.41544
            ],
            [
              18.06904,
              59.41703999999999
            ],
            [
              18.067439999999998,
              59.41703999999999
            ],
            [
              18.067439999999998,
              59.41544
            ]
          ]
        ]
      },
      "properties": {
        "id": "fb60-Stockholm-395",
        "municipality": "Stockholm",
        "type": "flerbostadshus",
        "view": "2060"
      }
    },
    {
      "type": "Feature",
      "geometry": {
        "type": "Polygon",
        "coordinates": [
          [
            [
              18.0692,
              59.41544
            ],
            [
              18.070800000000002,
              59.41544
            ],
            [
              18.070800000000002,
              59.41703999999999
            ],
            [
              18.0692,
              59.41703999999999
            ],
            [
              18.0692,
              59.41544
            ]
          ]
        ]
      },
      "properties": {
        "id": "fb60-Stockholm-396",
        "municipality": "Stockholm",
        "type": "flerbostadshus",
        "view": "2060"
      }
    },
    {
      "type": "Feature",
      "geometry": {
        "type": "Polygon",
        "coordinates": [
          [
            [
              18.07096,
              59.41544
            ],
            [
              18.072560000000003,
              59.41544
            ],
            [
              18.072560000000003,
              59.41703999999999
            ],
            [
              18.07096,
              59.41703999999999
            ],
            [
              18.07096,
              59.41544
            ]
          ]
        ]
      },
      "properties": {
        "id": "fb60-Stockholm-397",
        "municipality": "Stockholm",
        "type": "flerbostadshus",
        "view": "2060"
      }
    },
    {
      "type": "Feature",
      "geometry": {
        "type": "Polygon",
        "coordinates": [
          [
            [
              18.07272,
              59.41544
            ],
            [
              18.074320000000004,
              59.41544
            ],
            [
              18.074320000000004,
              59.41703999999999
            ],
            [
              18.07272,
              59.41703999999999
            ],
            [
              18.07272,
              59.41544
            ]
          ]
        ]
      },
      "properties": {
        "id": "fb60-Stockholm-398",
        "municipality": "Stockholm",
        "type": "flerbostadshus",
        "view": "2060"
      }
    },
    {
      "type": "Feature",
      "geometry": {
        "type": "Polygon",
        "coordinates": [
          [
            [
              18.074479999999998,
              59.41544
            ],
            [
              18.07608,
              59.41544
            ],
            [
              18.07608,
              59.41703999999999
            ],
            [
              18.074479999999998,
              59.41703999999999
            ],
            [
              18.074479999999998,
              59.41544
            ]
          ]
        ]
      },
      "properties": {
        "id": "fb60-Stockholm-399",
        "municipality": "Stockholm",
        "type": "flerbostadshus",
        "view": "2060"
      }
    },
    {
      "type": "Feature",
      "geometry": {
        "type": "Polygon",
        "coordinates": [
          [
            [
              18.06216,
              59.4172
            ],
            [
              18.063760000000002,
              59.4172
            ],
            [
              18.063760000000002,
              59.4188
            ],
            [
              18.06216,
              59.4188
            ],
            [
              18.06216,
              59.4172
            ]
          ]
        ]
      },
      "properties": {
        "id": "fb60-Stockholm-400",
        "municipality": "Stockholm",
        "type": "flerbostadshus",
        "view": "2060"
      }
    },
    {
      "type": "Feature",
      "geometry": {
        "type": "Polygon",
        "coordinates": [
          [
            [
              18.06392,
              59.4172
            ],
            [
              18.065520000000003,
              59.4172
            ],
            [
              18.065520000000003,
              59.4188
            ],
            [
              18.06392,
              59.4188
            ],
            [
              18.06392,
              59.4172
            ]
          ]
        ]
      },
      "properties": {
        "id": "fb60-Stockholm-401",
        "municipality": "Stockholm",
        "type": "flerbostadshus",
        "view": "2060"
      }
    },
    {
      "type": "Feature",
      "geometry": {
        "type": "Polygon",
        "coordinates": [
          [
            [
              18.065679999999997,
              59.4172
            ],
            [
              18.06728,
              59.4172
            ],
            [
              18.06728,
              59.4188
            ],
            [
              18.065679999999997,
              59.4188
            ],
            [
              18.065679999999997,
              59.4172
            ]
          ]
        ]
      },
      "properties": {
        "id": "fb60-Stockholm-402",
        "municipality": "Stockholm",
        "type": "flerbostadshus",
        "view": "2060"
      }
    },
    {
      "type": "Feature",
      "geometry": {
        "type": "Polygon",
        "coordinates": [
          [
            [
              18.067439999999998,
              59.4172
            ],
            [
              18.06904,
              59.4172
            ],
            [
              18.06904,
              59.4188
            ],
            [
              18.067439999999998,
              59.4188
            ],
            [
              18.067439999999998,
              59.4172
            ]
          ]
        ]
      },
      "properties": {
        "id": "fb60-Stockholm-403",
        "municipality": "Stockholm",
        "type": "flerbostadshus",
        "view": "2060"
      }
    },
    {
      "type": "Feature",
      "geometry": {
        "type": "Polygon",
        "coordinates": [
          [
            [
              18.0692,
              59.4172
            ],
            [
              18.070800000000002,
              59.4172
            ],
            [
              18.070800000000002,
              59.4188
            ],
            [
              18.0692,
              59.4188
            ],
            [
              18.0692,
              59.4172
            ]
          ]
        ]
      },
      "properties": {
        "id": "fb60-Stockholm-404",
        "municipality": "Stockholm",
        "type": "flerbostadshus",
        "view": "2060"
      }
    },
    {
      "type": "Feature",
      "geometry": {
        "type": "Polygon",
        "coordinates": [
          [
            [
              18.07096,
              59.4172
            ],
            [
              18.072560000000003,
              59.4172
            ],
            [
              18.072560000000003,
              59.4188
            ],
            [
              18.07096,
              59.4188
            ],
            [
              18.07096,
              59.4172
            ]
          ]
        ]
      },
      "properties": {
        "id": "fb60-Stockholm-405",
        "municipality": "Stockholm",
        "type": "flerbostadshus",
        "view": "2060"
      }
    },
    {
      "type": "Feature",
      "geometry": {
        "type": "Polygon",
        "coordinates": [
          [
            [
              18.07272,
              59.4172
            ],
            [
              18.074320000000004,
              59.4172
            ],
            [
              18.074320000000004,
              59.4188
            ],
            [
              18.07272,
              59.4188
            ],
            [
              18.07272,
              59.4172
            ]
          ]
        ]
      },
      "properties": {
        "id": "fb60-Stockholm-406",
        "municipality": "Stockholm",
        "type": "flerbostadshus",
        "view": "2060"
      }
    },
    {
      "type": "Feature",
      "geometry": {
        "type": "Polygon",
        "coordinates": [
          [
            [
              18.074479999999998,
              59.4172
            ],
            [
              18.07608,
              59.4172
            ],
            [
              18.07608,
              59.4188
            ],
            [
              18.074479999999998,
              59.4188
            ],
            [
              18.074479999999998,
              59.4172
            ]
          ]
        ]
      },
      "properties": {
        "id": "fb60-Stockholm-407",
        "municipality": "Stockholm",
        "type": "flerbostadshus",
        "view": "2060"
      }
    },
    {
      "type": "Feature",
      "geometry": {
        "type": "Polygon",
        "coordinates": [
          [
            [
              18.06216,
              59.41896
            ],
            [
              18.063760000000002,
              59.41896
            ],
            [
              18.063760000000002,
              59.420559999999995
            ],
            [
              18.06216,
              59.420559999999995
            ],
            [
              18.06216,
              59.41896
            ]
          ]
        ]
      },
      "properties": {
        "id": "fb60-Stockholm-408",
        "municipality": "Stockholm",
        "type": "flerbostadshus",
        "view": "2060"
      }
    },
    {
      "type": "Feature",
      "geometry": {
        "type": "Polygon",
        "coordinates": [
          [
            [
              18.06392,
              59.41896
            ],
            [
              18.065520000000003,
              59.41896
            ],
            [
              18.065520000000003,
              59.420559999999995
            ],
            [
              18.06392,
              59.420559999999995
            ],
            [
              18.06392,
              59.41896
            ]
          ]
        ]
      },
      "properties": {
        "id": "fb60-Stockholm-409",
        "municipality": "Stockholm",
        "type": "flerbostadshus",
        "view": "2060"
      }
    },
    {
      "type": "Feature",
      "geometry": {
        "type": "Polygon",
        "coordinates": [
          [
            [
              18.065679999999997,
              59.41896
            ],
            [
              18.06728,
              59.41896
            ],
            [
              18.06728,
              59.420559999999995
            ],
            [
              18.065679999999997,
              59.420559999999995
            ],
            [
              18.065679999999997,
              59.41896
            ]
          ]
        ]
      },
      "properties": {
        "id": "fb60-Stockholm-410",
        "municipality": "Stockholm",
        "type": "flerbostadshus",
        "view": "2060"
      }
    },
    {
      "type": "Feature",
      "geometry": {
        "type": "Polygon",
        "coordinates": [
          [
            [
              18.067439999999998,
              59.41896
            ],
            [
              18.06904,
              59.41896
            ],
            [
              18.06904,
              59.420559999999995
            ],
            [
              18.067439999999998,
              59.420559999999995
            ],
            [
              18.067439999999998,
              59.41896
            ]
          ]
        ]
      },
      "properties": {
        "id": "fb60-Stockholm-411",
        "municipality": "Stockholm",
        "type": "flerbostadshus",
        "view": "2060"
      }
    },
    {
      "type": "Feature",
      "geometry": {
        "type": "Polygon",
        "coordinates": [
          [
            [
              18.0692,
              59.41896
            ],
            [
              18.070800000000002,
              59.41896
            ],
            [
              18.070800000000002,
              59.420559999999995
            ],
            [
              18.0692,
              59.420559999999995
            ],
            [
              18.0692,
              59.41896
            ]
          ]
        ]
      },
      "properties": {
        "id": "fb60-Stockholm-412",
        "municipality": "Stockholm",
        "type": "flerbostadshus",
        "view": "2060"
      }
    },
    {
      "type": "Feature",
      "geometry": {
        "type": "Polygon",
        "coordinates": [
          [
            [
              18.07096,
              59.41896
            ],
            [
              18.072560000000003,
              59.41896
            ],
            [
              18.072560000000003,
              59.420559999999995
            ],
            [
              18.07096,
              59.420559999999995
            ],
            [
              18.07096,
              59.41896
            ]
          ]
        ]
      },
      "properties": {
        "id": "fb60-Stockholm-413",
        "municipality": "Stockholm",
        "type": "flerbostadshus",
        "view": "2060"
      }
    },
    {
      "type": "Feature",
      "geometry": {
        "type": "Polygon",
        "coordinates": [
          [
            [
              18.07272,
              59.41896
            ],
            [
              18.074320000000004,
              59.41896
            ],
            [
              18.074320000000004,
              59.420559999999995
            ],
            [
              18.07272,
              59.420559999999995
            ],
            [
              18.07272,
              59.41896
            ]
          ]
        ]
      },
      "properties": {
        "id": "fb60-Stockholm-414",
        "municipality": "Stockholm",
        "type": "flerbostadshus",
        "view": "2060"
      }
    },
    {
      "type": "Feature",
      "geometry": {
        "type": "Polygon",
        "coordinates": [
          [
            [
              18.074479999999998,
              59.41896
            ],
            [
              18.07608,
              59.41896
            ],
            [
              18.07608,
              59.420559999999995
            ],
            [
              18.074479999999998,
              59.420559999999995
            ],
            [
              18.074479999999998,
              59.41896
            ]
          ]
        ]
      },
      "properties": {
        "id": "fb60-Stockholm-415",
        "municipality": "Stockholm",
        "type": "flerbostadshus",
        "view": "2060"
      }
    },
    {
      "type": "Feature",
      "geometry": {
        "type": "Polygon",
        "coordinates": [
          [
            [
              18.06216,
              59.42072
            ],
            [
              18.063760000000002,
              59.42072
            ],
            [
              18.063760000000002,
              59.42232
            ],
            [
              18.06216,
              59.42232
            ],
            [
              18.06216,
              59.42072
            ]
          ]
        ]
      },
      "properties": {
        "id": "fb60-Stockholm-416",
        "municipality": "Stockholm",
        "type": "flerbostadshus",
        "view": "2060"
      }
    },
    {
      "type": "Feature",
      "geometry": {
        "type": "Polygon",
        "coordinates": [
          [
            [
              18.06392,
              59.42072
            ],
            [
              18.065520000000003,
              59.42072
            ],
            [
              18.065520000000003,
              59.42232
            ],
            [
              18.06392,
              59.42232
            ],
            [
              18.06392,
              59.42072
            ]
          ]
        ]
      },
      "properties": {
        "id": "fb60-Stockholm-417",
        "municipality": "Stockholm",
        "type": "flerbostadshus",
        "view": "2060"
      }
    },
    {
      "type": "Feature",
      "geometry": {
        "type": "Polygon",
        "coordinates": [
          [
            [
              18.065679999999997,
              59.42072
            ],
            [
              18.06728,
              59.42072
            ],
            [
              18.06728,
              59.42232
            ],
            [
              18.065679999999997,
              59.42232
            ],
            [
              18.065679999999997,
              59.42072
            ]
          ]
        ]
      },
      "properties": {
        "id": "fb60-Stockholm-418",
        "municipality": "Stockholm",
        "type": "flerbostadshus",
        "view": "2060"
      }
    },
    {
      "type": "Feature",
      "geometry": {
        "type": "Polygon",
        "coordinates": [
          [
            [
              18.067439999999998,
              59.42072
            ],
            [
              18.06904,
              59.42072
            ],
            [
              18.06904,
              59.42232
            ],
            [
              18.067439999999998,
              59.42232
            ],
            [
              18.067439999999998,
              59.42072
            ]
          ]
        ]
      },
      "properties": {
        "id": "fb60-Stockholm-419",
        "municipality": "Stockholm",
        "type": "flerbostadshus",
        "view": "2060"
      }
    },
    {
      "type": "Feature",
      "geometry": {
        "type": "Polygon",
        "coordinates": [
          [
            [
              18.0692,
              59.42072
            ],
            [
              18.070800000000002,
              59.42072
            ],
            [
              18.070800000000002,
              59.42232
            ],
            [
              18.0692,
              59.42232
            ],
            [
              18.0692,
              59.42072
            ]
          ]
        ]
      },
      "properties": {
        "id": "fb60-Stockholm-420",
        "municipality": "Stockholm",
        "type": "flerbostadshus",
        "view": "2060"
      }
    },
    {
      "type": "Feature",
      "geometry": {
        "type": "Polygon",
        "coordinates": [
          [
            [
              18.07096,
              59.42072
            ],
            [
              18.072560000000003,
              59.42072
            ],
            [
              18.072560000000003,
              59.42232
            ],
            [
              18.07096,
              59.42232
            ],
            [
              18.07096,
              59.42072
            ]
          ]
        ]
      },
      "properties": {
        "id": "fb60-Stockholm-421",
        "municipality": "Stockholm",
        "type": "flerbostadshus",
        "view": "2060"
      }
    },
    {
      "type": "Feature",
      "geometry": {
        "type": "Polygon",
        "coordinates": [
          [
            [
              18.07272,
              59.42072
            ],
            [
              18.074320000000004,
              59.42072
            ],
            [
              18.074320000000004,
              59.42232
            ],
            [
              18.07272,
              59.42232
            ],
            [
              18.07272,
              59.42072
            ]
          ]
        ]
      },
      "properties": {
        "id": "fb60-Stockholm-422",
        "municipality": "Stockholm",
        "type": "flerbostadshus",
        "view": "2060"
      }
    },
    {
      "type": "Feature",
      "geometry": {
        "type": "Polygon",
        "coordinates": [
          [
            [
              18.074479999999998,
              59.42072
            ],
            [
              18.07608,
              59.42072
            ],
            [
              18.07608,
              59.42232
            ],
            [
              18.074479999999998,
              59.42232
            ],
            [
              18.074479999999998,
              59.42072
            ]
          ]
        ]
      },
      "properties": {
        "id": "fb60-Stockholm-423",
        "municipality": "Stockholm",
        "type": "flerbostadshus",
        "view": "2060"
      }
    },
    {
      "type": "Feature",
      "geometry": {
        "type": "Polygon",
        "coordinates": [
          [
            [
              18.06216,
              59.42248
            ],
            [
              18.063760000000002,
              59.42248
            ],
            [
              18.063760000000002,
              59.42408
            ],
            [
              18.06216,
              59.42408
            ],
            [
              18.06216,
              59.42248
            ]
          ]
        ]
      },
      "properties": {
        "id": "fb60-Stockholm-424",
        "municipality": "Stockholm",
        "type": "flerbostadshus",
        "view": "2060"
      }
    },
    {
      "type": "Feature",
      "geometry": {
        "type": "Polygon",
        "coordinates": [
          [
            [
              18.06392,
              59.42248
            ],
            [
              18.065520000000003,
              59.42248
            ],
            [
              18.065520000000003,
              59.42408
            ],
            [
              18.06392,
              59.42408
            ],
            [
              18.06392,
              59.42248
            ]
          ]
        ]
      },
      "properties": {
        "id": "fb60-Stockholm-425",
        "municipality": "Stockholm",
        "type": "flerbostadshus",
        "view": "2060"
      }
    },
    {
      "type": "Feature",
      "geometry": {
        "type": "Polygon",
        "coordinates": [
          [
            [
              18.065679999999997,
              59.42248
            ],
            [
              18.06728,
              59.42248
            ],
            [
              18.06728,
              59.42408
            ],
            [
              18.065679999999997,
              59.42408
            ],
            [
              18.065679999999997,
              59.42248
            ]
          ]
        ]
      },
      "properties": {
        "id": "fb60-Stockholm-426",
        "municipality": "Stockholm",
        "type": "flerbostadshus",
        "view": "2060"
      }
    },
    {
      "type": "Feature",
      "geometry": {
        "type": "Polygon",
        "coordinates": [
          [
            [
              18.067439999999998,
              59.42248
            ],
            [
              18.06904,
              59.42248
            ],
            [
              18.06904,
              59.42408
            ],
            [
              18.067439999999998,
              59.42408
            ],
            [
              18.067439999999998,
              59.42248
            ]
          ]
        ]
      },
      "properties": {
        "id": "fb60-Stockholm-427",
        "municipality": "Stockholm",
        "type": "flerbostadshus",
        "view": "2060"
      }
    },
    {
      "type": "Feature",
      "geometry": {
        "type": "Polygon",
        "coordinates": [
          [
            [
              18.0692,
              59.42248
            ],
            [
              18.070800000000002,
              59.42248
            ],
            [
              18.070800000000002,
              59.42408
            ],
            [
              18.0692,
              59.42408
            ],
            [
              18.0692,
              59.42248
            ]
          ]
        ]
      },
      "properties": {
        "id": "fb60-Stockholm-428",
        "municipality": "Stockholm",
        "type": "flerbostadshus",
        "view": "2060"
      }
    },
    {
      "type": "Feature",
      "geometry": {
        "type": "Polygon",
        "coordinates": [
          [
            [
              18.07096,
              59.42248
            ],
            [
              18.072560000000003,
              59.42248
            ],
            [
              18.072560000000003,
              59.42408
            ],
            [
              18.07096,
              59.42408
            ],
            [
              18.07096,
              59.42248
            ]
          ]
        ]
      },
      "properties": {
        "id": "fb60-Stockholm-429",
        "municipality": "Stockholm",
        "type": "flerbostadshus",
        "view": "2060"
      }
    },
    {
      "type": "Feature",
      "geometry": {
        "type": "Polygon",
        "coordinates": [
          [
            [
              18.07272,
              59.42248
            ],
            [
              18.074320000000004,
              59.42248
            ],
            [
              18.074320000000004,
              59.42408
            ],
            [
              18.07272,
              59.42408
            ],
            [
              18.07272,
              59.42248
            ]
          ]
        ]
      },
      "properties": {
        "id": "fb60-Stockholm-430",
        "municipality": "Stockholm",
        "type": "flerbostadshus",
        "view": "2060"
      }
    },
    {
      "type": "Feature",
      "geometry": {
        "type": "Polygon",
        "coordinates": [
          [
            [
              18.074479999999998,
              59.42248
            ],
            [
              18.07608,
              59.42248
            ],
            [
              18.07608,
              59.42408
            ],
            [
              18.074479999999998,
              59.42408
            ],
            [
              18.074479999999998,
              59.42248
            ]
          ]
        ]
      },
      "properties": {
        "id": "fb60-Stockholm-431",
        "municipality": "Stockholm",
        "type": "flerbostadshus",
        "view": "2060"
      }
    },
    {
      "type": "Feature",
      "geometry": {
        "type": "Polygon",
        "coordinates": [
          [
            [
              18.06216,
              59.42424
            ],
            [
              18.063760000000002,
              59.42424
            ],
            [
              18.063760000000002,
              59.425839999999994
            ],
            [
              18.06216,
              59.425839999999994
            ],
            [
              18.06216,
              59.42424
            ]
          ]
        ]
      },
      "properties": {
        "id": "fb60-Stockholm-432",
        "municipality": "Stockholm",
        "type": "flerbostadshus",
        "view": "2060"
      }
    },
    {
      "type": "Feature",
      "geometry": {
        "type": "Polygon",
        "coordinates": [
          [
            [
              18.06392,
              59.42424
            ],
            [
              18.065520000000003,
              59.42424
            ],
            [
              18.065520000000003,
              59.425839999999994
            ],
            [
              18.06392,
              59.425839999999994
            ],
            [
              18.06392,
              59.42424
            ]
          ]
        ]
      },
      "properties": {
        "id": "fb60-Stockholm-433",
        "municipality": "Stockholm",
        "type": "flerbostadshus",
        "view": "2060"
      }
    },
    {
      "type": "Feature",
      "geometry": {
        "type": "Polygon",
        "coordinates": [
          [
            [
              18.065679999999997,
              59.42424
            ],
            [
              18.06728,
              59.42424
            ],
            [
              18.06728,
              59.425839999999994
            ],
            [
              18.065679999999997,
              59.425839999999994
            ],
            [
              18.065679999999997,
              59.42424
            ]
          ]
        ]
      },
      "properties": {
        "id": "fb60-Stockholm-434",
        "municipality": "Stockholm",
        "type": "flerbostadshus",
        "view": "2060"
      }
    },
    {
      "type": "Feature",
      "geometry": {
        "type": "Polygon",
        "coordinates": [
          [
            [
              18.067439999999998,
              59.42424
            ],
            [
              18.06904,
              59.42424
            ],
            [
              18.06904,
              59.425839999999994
            ],
            [
              18.067439999999998,
              59.425839999999994
            ],
            [
              18.067439999999998,
              59.42424
            ]
          ]
        ]
      },
      "properties": {
        "id": "fb60-Stockholm-435",
        "municipality": "Stockholm",
        "type": "flerbostadshus",
        "view": "2060"
      }
    },
    {
      "type": "Feature",
      "geometry": {
        "type": "Polygon",
        "coordinates": [
          [
            [
              18.0692,
              59.42424
            ],
            [
              18.070800000000002,
              59.42424
            ],
            [
              18.070800000000002,
              59.425839999999994
            ],
            [
              18.0692,
              59.425839999999994
            ],
            [
              18.0692,
              59.42424
            ]
          ]
        ]
      },
      "properties": {
        "id": "fb60-Stockholm-436",
        "municipality": "Stockholm",
        "type": "flerbostadshus",
        "view": "2060"
      }
    },
    {
      "type": "Feature",
      "geometry": {
        "type": "Polygon",
        "coordinates": [
          [
            [
              18.07096,
              59.42424
            ],
            [
              18.072560000000003,
              59.42424
            ],
            [
              18.072560000000003,
              59.425839999999994
            ],
            [
              18.07096,
              59.425839999999994
            ],
            [
              18.07096,
              59.42424
            ]
          ]
        ]
      },
      "properties": {
        "id": "fb60-Stockholm-437",
        "municipality": "Stockholm",
        "type": "flerbostadshus",
        "view": "2060"
      }
    },
    {
      "type": "Feature",
      "geometry": {
        "type": "Polygon",
        "coordinates": [
          [
            [
              18.07272,
              59.42424
            ],
            [
              18.074320000000004,
              59.42424
            ],
            [
              18.074320000000004,
              59.425839999999994
            ],
            [
              18.07272,
              59.425839999999994
            ],
            [
              18.07272,
              59.42424
            ]
          ]
        ]
      },
      "properties": {
        "id": "fb60-Stockholm-438",
        "municipality": "Stockholm",
        "type": "flerbostadshus",
        "view": "2060"
      }
    },
    {
      "type": "Feature",
      "geometry": {
        "type": "Polygon",
        "coordinates": [
          [
            [
              18.074479999999998,
              59.42424
            ],
            [
              18.07608,
              59.42424
            ],
            [
              18.07608,
              59.425839999999994
            ],
            [
              18.074479999999998,
              59.425839999999994
            ],
            [
              18.074479999999998,
              59.42424
            ]
          ]
        ]
      },
      "properties": {
        "id": "fb60-Stockholm-439",
        "municipality": "Stockholm",
        "type": "flerbostadshus",
        "view": "2060"
      }
    },
    {
      "type": "Feature",
      "geometry": {
        "type": "Polygon",
        "coordinates": [
          [
            [
              18.06216,
              59.426
            ],
            [
              18.063760000000002,
              59.426
            ],
            [
              18.063760000000002,
              59.4276
            ],
            [
              18.06216,
              59.4276
            ],
            [
              18.06216,
              59.426
            ]
          ]
        ]
      },
      "properties": {
        "id": "fb60-Stockholm-440",
        "municipality": "Stockholm",
        "type": "flerbostadshus",
        "view": "2060"
      }
    },
    {
      "type": "Feature",
      "geometry": {
        "type": "Polygon",
        "coordinates": [
          [
            [
              18.06392,
              59.426
            ],
            [
              18.065520000000003,
              59.426
            ],
            [
              18.065520000000003,
              59.4276
            ],
            [
              18.06392,
              59.4276
            ],
            [
              18.06392,
              59.426
            ]
          ]
        ]
      },
      "properties": {
        "id": "fb60-Stockholm-441",
        "municipality": "Stockholm",
        "type": "flerbostadshus",
        "view": "2060"
      }
    },
    {
      "type": "Feature",
      "geometry": {
        "type": "Polygon",
        "coordinates": [
          [
            [
              18.065679999999997,
              59.426
            ],
            [
              18.06728,
              59.426
            ],
            [
              18.06728,
              59.4276
            ],
            [
              18.065679999999997,
              59.4276
            ],
            [
              18.065679999999997,
              59.426
            ]
          ]
        ]
      },
      "properties": {
        "id": "fb60-Stockholm-442",
        "municipality": "Stockholm",
        "type": "flerbostadshus",
        "view": "2060"
      }
    },
    {
      "type": "Feature",
      "geometry": {
        "type": "Polygon",
        "coordinates": [
          [
            [
              18.067439999999998,
              59.426
            ],
            [
              18.06904,
              59.426
            ],
            [
              18.06904,
              59.4276
            ],
            [
              18.067439999999998,
              59.4276
            ],
            [
              18.067439999999998,
              59.426
            ]
          ]
        ]
      },
      "properties": {
        "id": "fb60-Stockholm-443",
        "municipality": "Stockholm",
        "type": "flerbostadshus",
        "view": "2060"
      }
    },
    {
      "type": "Feature",
      "geometry": {
        "type": "Polygon",
        "coordinates": [
          [
            [
              18.0692,
              59.426
            ],
            [
              18.070800000000002,
              59.426
            ],
            [
              18.070800000000002,
              59.4276
            ],
            [
              18.0692,
              59.4276
            ],
            [
              18.0692,
              59.426
            ]
          ]
        ]
      },
      "properties": {
        "id": "fb60-Stockholm-444",
        "municipality": "Stockholm",
        "type": "flerbostadshus",
        "view": "2060"
      }
    },
    {
      "type": "Feature",
      "geometry": {
        "type": "Polygon",
        "coordinates": [
          [
            [
              18.07096,
              59.426
            ],
            [
              18.072560000000003,
              59.426
            ],
            [
              18.072560000000003,
              59.4276
            ],
            [
              18.07096,
              59.4276
            ],
            [
              18.07096,
              59.426
            ]
          ]
        ]
      },
      "properties": {
        "id": "fb60-Stockholm-445",
        "municipality": "Stockholm",
        "type": "flerbostadshus",
        "view": "2060"
      }
    },
    {
      "type": "Feature",
      "geometry": {
        "type": "Polygon",
        "coordinates": [
          [
            [
              18.07272,
              59.426
            ],
            [
              18.074320000000004,
              59.426
            ],
            [
              18.074320000000004,
              59.4276
            ],
            [
              18.07272,
              59.4276
            ],
            [
              18.07272,
              59.426
            ]
          ]
        ]
      },
      "properties": {
        "id": "fb60-Stockholm-446",
        "municipality": "Stockholm",
        "type": "flerbostadshus",
        "view": "2060"
      }
    },
    {
      "type": "Feature",
      "geometry": {
        "type": "Polygon",
        "coordinates": [
          [
            [
              18.074479999999998,
              59.426
            ],
            [
              18.07608,
              59.426
            ],
            [
              18.07608,
              59.4276
            ],
            [
              18.074479999999998,
              59.4276
            ],
            [
              18.074479999999998,
              59.426
            ]
          ]
        ]
      },
      "properties": {
        "id": "fb60-Stockholm-447",
        "municipality": "Stockholm",
        "type": "flerbostadshus",
        "view": "2060"
      }
    },
    {
      "type": "Feature",
      "geometry": {
        "type": "Polygon",
        "coordinates": [
          [
            [
              18.06216,
              59.42776
            ],
            [
              18.063760000000002,
              59.42776
            ],
            [
              18.063760000000002,
              59.429359999999996
            ],
            [
              18.06216,
              59.429359999999996
            ],
            [
              18.06216,
              59.42776
            ]
          ]
        ]
      },
      "properties": {
        "id": "fb60-Stockholm-448",
        "municipality": "Stockholm",
        "type": "flerbostadshus",
        "view": "2060"
      }
    },
    {
      "type": "Feature",
      "geometry": {
        "type": "Polygon",
        "coordinates": [
          [
            [
              18.06392,
              59.42776
            ],
            [
              18.065520000000003,
              59.42776
            ],
            [
              18.065520000000003,
              59.429359999999996
            ],
            [
              18.06392,
              59.429359999999996
            ],
            [
              18.06392,
              59.42776
            ]
          ]
        ]
      },
      "properties": {
        "id": "fb60-Stockholm-449",
        "municipality": "Stockholm",
        "type": "flerbostadshus",
        "view": "2060"
      }
    },
    {
      "type": "Feature",
      "geometry": {
        "type": "Polygon",
        "coordinates": [
          [
            [
              18.065679999999997,
              59.42776
            ],
            [
              18.06728,
              59.42776
            ],
            [
              18.06728,
              59.429359999999996
            ],
            [
              18.065679999999997,
              59.429359999999996
            ],
            [
              18.065679999999997,
              59.42776
            ]
          ]
        ]
      },
      "properties": {
        "id": "fb60-Stockholm-450",
        "municipality": "Stockholm",
        "type": "flerbostadshus",
        "view": "2060"
      }
    },
    {
      "type": "Feature",
      "geometry": {
        "type": "Polygon",
        "coordinates": [
          [
            [
              18.067439999999998,
              59.42776
            ],
            [
              18.06904,
              59.42776
            ],
            [
              18.06904,
              59.429359999999996
            ],
            [
              18.067439999999998,
              59.429359999999996
            ],
            [
              18.067439999999998,
              59.42776
            ]
          ]
        ]
      },
      "properties": {
        "id": "fb60-Stockholm-451",
        "municipality": "Stockholm",
        "type": "flerbostadshus",
        "view": "2060"
      }
    },
    {
      "type": "Feature",
      "geometry": {
        "type": "Polygon",
        "coordinates": [
          [
            [
              18.0692,
              59.42776
            ],
            [
              18.070800000000002,
              59.42776
            ],
            [
              18.070800000000002,
              59.429359999999996
            ],
            [
              18.0692,
              59.429359999999996
            ],
            [
              18.0692,
              59.42776
            ]
          ]
        ]
      },
      "properties": {
        "id": "fb60-Stockholm-452",
        "municipality": "Stockholm",
        "type": "flerbostadshus",
        "view": "2060"
      }
    },
    {
      "type": "Feature",
      "geometry": {
        "type": "Polygon",
        "coordinates": [
          [
            [
              18.07096,
              59.42776
            ],
            [
              18.072560000000003,
              59.42776
            ],
            [
              18.072560000000003,
              59.429359999999996
            ],
            [
              18.07096,
              59.429359999999996
            ],
            [
              18.07096,
              59.42776
            ]
          ]
        ]
      },
      "properties": {
        "id": "fb60-Stockholm-453",
        "municipality": "Stockholm",
        "type": "flerbostadshus",
        "view": "2060"
      }
    },
    {
      "type": "Feature",
      "geometry": {
        "type": "Polygon",
        "coordinates": [
          [
            [
              18.07272,
              59.42776
            ],
            [
              18.074320000000004,
              59.42776
            ],
            [
              18.074320000000004,
              59.429359999999996
            ],
            [
              18.07272,
              59.429359999999996
            ],
            [
              18.07272,
              59.42776
            ]
          ]
        ]
      },
      "properties": {
        "id": "fb60-Stockholm-454",
        "municipality": "Stockholm",
        "type": "flerbostadshus",
        "view": "2060"
      }
    },
    {
      "type": "Feature",
      "geometry": {
        "type": "Polygon",
        "coordinates": [
          [
            [
              18.074479999999998,
              59.42776
            ],
            [
              18.07608,
              59.42776
            ],
            [
              18.07608,
              59.429359999999996
            ],
            [
              18.074479999999998,
              59.429359999999996
            ],
            [
              18.074479999999998,
              59.42776
            ]
          ]
        ]
      },
      "properties": {
        "id": "fb60-Stockholm-455",
        "municipality": "Stockholm",
        "type": "flerbostadshus",
        "view": "2060"
      }
    },
    {
      "type": "Feature",
      "geometry": {
        "type": "Polygon",
        "coordinates": [
          [
            [
              18.06216,
              59.429520000000004
            ],
            [
              18.063760000000002,
              59.429520000000004
            ],
            [
              18.063760000000002,
              59.43112
            ],
            [
              18.06216,
              59.43112
            ],
            [
              18.06216,
              59.429520000000004
            ]
          ]
        ]
      },
      "properties": {
        "id": "fb60-Stockholm-456",
        "municipality": "Stockholm",
        "type": "flerbostadshus",
        "view": "2060"
      }
    },
    {
      "type": "Feature",
      "geometry": {
        "type": "Polygon",
        "coordinates": [
          [
            [
              18.06392,
              59.429520000000004
            ],
            [
              18.065520000000003,
              59.429520000000004
            ],
            [
              18.065520000000003,
              59.43112
            ],
            [
              18.06392,
              59.43112
            ],
            [
              18.06392,
              59.429520000000004
            ]
          ]
        ]
      },
      "properties": {
        "id": "fb60-Stockholm-457",
        "municipality": "Stockholm",
        "type": "flerbostadshus",
        "view": "2060"
      }
    },
    {
      "type": "Feature",
      "geometry": {
        "type": "Polygon",
        "coordinates": [
          [
            [
              18.065679999999997,
              59.429520000000004
            ],
            [
              18.06728,
              59.429520000000004
            ],
            [
              18.06728,
              59.43112
            ],
            [
              18.065679999999997,
              59.43112
            ],
            [
              18.065679999999997,
              59.429520000000004
            ]
          ]
        ]
      },
      "properties": {
        "id": "fb60-Stockholm-458",
        "municipality": "Stockholm",
        "type": "flerbostadshus",
        "view": "2060"
      }
    },
    {
      "type": "Feature",
      "geometry": {
        "type": "Polygon",
        "coordinates": [
          [
            [
              18.067439999999998,
              59.429520000000004
            ],
            [
              18.06904,
              59.429520000000004
            ],
            [
              18.06904,
              59.43112
            ],
            [
              18.067439999999998,
              59.43112
            ],
            [
              18.067439999999998,
              59.429520000000004
            ]
          ]
        ]
      },
      "properties": {
        "id": "fb60-Stockholm-459",
        "municipality": "Stockholm",
        "type": "flerbostadshus",
        "view": "2060"
      }
    },
    {
      "type": "Feature",
      "geometry": {
        "type": "Polygon",
        "coordinates": [
          [
            [
              18.0692,
              59.429520000000004
            ],
            [
              18.070800000000002,
              59.429520000000004
            ],
            [
              18.070800000000002,
              59.43112
            ],
            [
              18.0692,
              59.43112
            ],
            [
              18.0692,
              59.429520000000004
            ]
          ]
        ]
      },
      "properties": {
        "id": "fb60-Stockholm-460",
        "municipality": "Stockholm",
        "type": "flerbostadshus",
        "view": "2060"
      }
    },
    {
      "type": "Feature",
      "geometry": {
        "type": "Polygon",
        "coordinates": [
          [
            [
              18.07096,
              59.429520000000004
            ],
            [
              18.072560000000003,
              59.429520000000004
            ],
            [
              18.072560000000003,
              59.43112
            ],
            [
              18.07096,
              59.43112
            ],
            [
              18.07096,
              59.429520000000004
            ]
          ]
        ]
      },
      "properties": {
        "id": "fb60-Stockholm-461",
        "municipality": "Stockholm",
        "type": "flerbostadshus",
        "view": "2060"
      }
    },
    {
      "type": "Feature",
      "geometry": {
        "type": "Polygon",
        "coordinates": [
          [
            [
              18.07272,
              59.429520000000004
            ],
            [
              18.074320000000004,
              59.429520000000004
            ],
            [
              18.074320000000004,
              59.43112
            ],
            [
              18.07272,
              59.43112
            ],
            [
              18.07272,
              59.429520000000004
            ]
          ]
        ]
      },
      "properties": {
        "id": "fb60-Stockholm-462",
        "municipality": "Stockholm",
        "type": "flerbostadshus",
        "view": "2060"
      }
    },
    {
      "type": "Feature",
      "geometry": {
        "type": "Polygon",
        "coordinates": [
          [
            [
              18.074479999999998,
              59.429520000000004
            ],
            [
              18.07608,
              59.429520000000004
            ],
            [
              18.07608,
              59.43112
            ],
            [
              18.074479999999998,
              59.43112
            ],
            [
              18.074479999999998,
              59.429520000000004
            ]
          ]
        ]
      },
      "properties": {
        "id": "fb60-Stockholm-463",
        "municipality": "Stockholm",
        "type": "flerbostadshus",
        "view": "2060"
      }
    },
    {
      "type": "Feature",
      "geometry": {
        "type": "Polygon",
        "coordinates": [
          [
            [
              18.06216,
              59.43128
            ],
            [
              18.063760000000002,
              59.43128
            ],
            [
              18.063760000000002,
              59.43288
            ],
            [
              18.06216,
              59.43288
            ],
            [
              18.06216,
              59.43128
            ]
          ]
        ]
      },
      "properties": {
        "id": "fb60-Stockholm-464",
        "municipality": "Stockholm",
        "type": "flerbostadshus",
        "view": "2060"
      }
    },
    {
      "type": "Feature",
      "geometry": {
        "type": "Polygon",
        "coordinates": [
          [
            [
              18.06392,
              59.43128
            ],
            [
              18.065520000000003,
              59.43128
            ],
            [
              18.065520000000003,
              59.43288
            ],
            [
              18.06392,
              59.43288
            ],
            [
              18.06392,
              59.43128
            ]
          ]
        ]
      },
      "properties": {
        "id": "fb60-Stockholm-465",
        "municipality": "Stockholm",
        "type": "flerbostadshus",
        "view": "2060"
      }
    },
    {
      "type": "Feature",
      "geometry": {
        "type": "Polygon",
        "coordinates": [
          [
            [
              18.065679999999997,
              59.43128
            ],
            [
              18.06728,
              59.43128
            ],
            [
              18.06728,
              59.43288
            ],
            [
              18.065679999999997,
              59.43288
            ],
            [
              18.065679999999997,
              59.43128
            ]
          ]
        ]
      },
      "properties": {
        "id": "fb60-Stockholm-466",
        "municipality": "Stockholm",
        "type": "flerbostadshus",
        "view": "2060"
      }
    },
    {
      "type": "Feature",
      "geometry": {
        "type": "Polygon",
        "coordinates": [
          [
            [
              18.067439999999998,
              59.43128
            ],
            [
              18.06904,
              59.43128
            ],
            [
              18.06904,
              59.43288
            ],
            [
              18.067439999999998,
              59.43288
            ],
            [
              18.067439999999998,
              59.43128
            ]
          ]
        ]
      },
      "properties": {
        "id": "fb60-Stockholm-467",
        "municipality": "Stockholm",
        "type": "flerbostadshus",
        "view": "2060"
      }
    },
    {
      "type": "Feature",
      "geometry": {
        "type": "Polygon",
        "coordinates": [
          [
            [
              18.0692,
              59.43128
            ],
            [
              18.070800000000002,
              59.43128
            ],
            [
              18.070800000000002,
              59.43288
            ],
            [
              18.0692,
              59.43288
            ],
            [
              18.0692,
              59.43128
            ]
          ]
        ]
      },
      "properties": {
        "id": "fb60-Stockholm-468",
        "municipality": "Stockholm",
        "type": "flerbostadshus",
        "view": "2060"
      }
    },
    {
      "type": "Feature",
      "geometry": {
        "type": "Polygon",
        "coordinates": [
          [
            [
              18.07096,
              59.43128
            ],
            [
              18.072560000000003,
              59.43128
            ],
            [
              18.072560000000003,
              59.43288
            ],
            [
              18.07096,
              59.43288
            ],
            [
              18.07096,
              59.43128
            ]
          ]
        ]
      },
      "properties": {
        "id": "fb60-Stockholm-469",
        "municipality": "Stockholm",
        "type": "flerbostadshus",
        "view": "2060"
      }
    },
    {
      "type": "Feature",
      "geometry": {
        "type": "Polygon",
        "coordinates": [
          [
            [
              18.07272,
              59.43128
            ],
            [
              18.074320000000004,
              59.43128
            ],
            [
              18.074320000000004,
              59.43288
            ],
            [
              18.07272,
              59.43288
            ],
            [
              18.07272,
              59.43128
            ]
          ]
        ]
      },
      "properties": {
        "id": "fb60-Stockholm-470",
        "municipality": "Stockholm",
        "type": "flerbostadshus",
        "view": "2060"
      }
    },
    {
      "type": "Feature",
      "geometry": {
        "type": "Polygon",
        "coordinates": [
          [
            [
              18.074479999999998,
              59.43128
            ],
            [
              18.07608,
              59.43128
            ],
            [
              18.07608,
              59.43288
            ],
            [
              18.074479999999998,
              59.43288
            ],
            [
              18.074479999999998,
              59.43128
            ]
          ]
        ]
      },
      "properties": {
        "id": "fb60-Stockholm-471",
        "municipality": "Stockholm",
        "type": "flerbostadshus",
        "view": "2060"
      }
    },
    {
      "type": "Feature",
      "geometry": {
        "type": "Polygon",
        "coordinates": [
          [
            [
              18.06216,
              59.43304
            ],
            [
              18.063760000000002,
              59.43304
            ],
            [
              18.063760000000002,
              59.434639999999995
            ],
            [
              18.06216,
              59.434639999999995
            ],
            [
              18.06216,
              59.43304
            ]
          ]
        ]
      },
      "properties": {
        "id": "fb60-Stockholm-472",
        "municipality": "Stockholm",
        "type": "flerbostadshus",
        "view": "2060"
      }
    },
    {
      "type": "Feature",
      "geometry": {
        "type": "Polygon",
        "coordinates": [
          [
            [
              18.06392,
              59.43304
            ],
            [
              18.065520000000003,
              59.43304
            ],
            [
              18.065520000000003,
              59.434639999999995
            ],
            [
              18.06392,
              59.434639999999995
            ],
            [
              18.06392,
              59.43304
            ]
          ]
        ]
      },
      "properties": {
        "id": "fb60-Stockholm-473",
        "municipality": "Stockholm",
        "type": "flerbostadshus",
        "view": "2060"
      }
    },
    {
      "type": "Feature",
      "geometry": {
        "type": "Polygon",
        "coordinates": [
          [
            [
              18.065679999999997,
              59.43304
            ],
            [
              18.06728,
              59.43304
            ],
            [
              18.06728,
              59.434639999999995
            ],
            [
              18.065679999999997,
              59.434639999999995
            ],
            [
              18.065679999999997,
              59.43304
            ]
          ]
        ]
      },
      "properties": {
        "id": "fb60-Stockholm-474",
        "municipality": "Stockholm",
        "type": "flerbostadshus",
        "view": "2060"
      }
    },
    {
      "type": "Feature",
      "geometry": {
        "type": "Polygon",
        "coordinates": [
          [
            [
              18.067439999999998,
              59.43304
            ],
            [
              18.06904,
              59.43304
            ],
            [
              18.06904,
              59.434639999999995
            ],
            [
              18.067439999999998,
              59.434639999999995
            ],
            [
              18.067439999999998,
              59.43304
            ]
          ]
        ]
      },
      "properties": {
        "id": "fb60-Stockholm-475",
        "municipality": "Stockholm",
        "type": "flerbostadshus",
        "view": "2060"
      }
    },
    {
      "type": "Feature",
      "geometry": {
        "type": "Polygon",
        "coordinates": [
          [
            [
              18.0692,
              59.43304
            ],
            [
              18.070800000000002,
              59.43304
            ],
            [
              18.070800000000002,
              59.434639999999995
            ],
            [
              18.0692,
              59.434639999999995
            ],
            [
              18.0692,
              59.43304
            ]
          ]
        ]
      },
      "properties": {
        "id": "fb60-Stockholm-476",
        "municipality": "Stockholm",
        "type": "flerbostadshus",
        "view": "2060"
      }
    },
    {
      "type": "Feature",
      "geometry": {
        "type": "Polygon",
        "coordinates": [
          [
            [
              18.07096,
              59.43304
            ],
            [
              18.072560000000003,
              59.43304
            ],
            [
              18.072560000000003,
              59.434639999999995
            ],
            [
              18.07096,
              59.434639999999995
            ],
            [
              18.07096,
              59.43304
            ]
          ]
        ]
      },
      "properties": {
        "id": "fb60-Stockholm-477",
        "municipality": "Stockholm",
        "type": "flerbostadshus",
        "view": "2060"
      }
    },
    {
      "type": "Feature",
      "geometry": {
        "type": "Polygon",
        "coordinates": [
          [
            [
              18.07272,
              59.43304
            ],
            [
              18.074320000000004,
              59.43304
            ],
            [
              18.074320000000004,
              59.434639999999995
            ],
            [
              18.07272,
              59.434639999999995
            ],
            [
              18.07272,
              59.43304
            ]
          ]
        ]
      },
      "properties": {
        "id": "fb60-Stockholm-478",
        "municipality": "Stockholm",
        "type": "flerbostadshus",
        "view": "2060"
      }
    },
    {
      "type": "Feature",
      "geometry": {
        "type": "Polygon",
        "coordinates": [
          [
            [
              18.074479999999998,
              59.43304
            ],
            [
              18.07608,
              59.43304
            ],
            [
              18.07608,
              59.434639999999995
            ],
            [
              18.074479999999998,
              59.434639999999995
            ],
            [
              18.074479999999998,
              59.43304
            ]
          ]
        ]
      },
      "properties": {
        "id": "fb60-Stockholm-479",
        "municipality": "Stockholm",
        "type": "flerbostadshus",
        "view": "2060"
      }
    },
    {
      "type": "Feature",
      "geometry": {
        "type": "Polygon",
        "coordinates": [
          [
            [
              18.06216,
              59.4348
            ],
            [
              18.063760000000002,
              59.4348
            ],
            [
              18.063760000000002,
              59.4364
            ],
            [
              18.06216,
              59.4364
            ],
            [
              18.06216,
              59.4348
            ]
          ]
        ]
      },
      "properties": {
        "id": "fb60-Stockholm-480",
        "municipality": "Stockholm",
        "type": "flerbostadshus",
        "view": "2060"
      }
    },
    {
      "type": "Feature",
      "geometry": {
        "type": "Polygon",
        "coordinates": [
          [
            [
              18.06392,
              59.4348
            ],
            [
              18.065520000000003,
              59.4348
            ],
            [
              18.065520000000003,
              59.4364
            ],
            [
              18.06392,
              59.4364
            ],
            [
              18.06392,
              59.4348
            ]
          ]
        ]
      },
      "properties": {
        "id": "fb60-Stockholm-481",
        "municipality": "Stockholm",
        "type": "flerbostadshus",
        "view": "2060"
      }
    },
    {
      "type": "Feature",
      "geometry": {
        "type": "Polygon",
        "coordinates": [
          [
            [
              18.065679999999997,
              59.4348
            ],
            [
              18.06728,
              59.4348
            ],
            [
              18.06728,
              59.4364
            ],
            [
              18.065679999999997,
              59.4364
            ],
            [
              18.065679999999997,
              59.4348
            ]
          ]
        ]
      },
      "properties": {
        "id": "fb60-Stockholm-482",
        "municipality": "Stockholm",
        "type": "flerbostadshus",
        "view": "2060"
      }
    },
    {
      "type": "Feature",
      "geometry": {
        "type": "Polygon",
        "coordinates": [
          [
            [
              18.067439999999998,
              59.4348
            ],
            [
              18.06904,
              59.4348
            ],
            [
              18.06904,
              59.4364
            ],
            [
              18.067439999999998,
              59.4364
            ],
            [
              18.067439999999998,
              59.4348
            ]
          ]
        ]
      },
      "properties": {
        "id": "fb60-Stockholm-483",
        "municipality": "Stockholm",
        "type": "flerbostadshus",
        "view": "2060"
      }
    },
    {
      "type": "Feature",
      "geometry": {
        "type": "Polygon",
        "coordinates": [
          [
            [
              18.0692,
              59.4348
            ],
            [
              18.070800000000002,
              59.4348
            ],
            [
              18.070800000000002,
              59.4364
            ],
            [
              18.0692,
              59.4364
            ],
            [
              18.0692,
              59.4348
            ]
          ]
        ]
      },
      "properties": {
        "id": "fb60-Stockholm-484",
        "municipality": "Stockholm",
        "type": "flerbostadshus",
        "view": "2060"
      }
    },
    {
      "type": "Feature",
      "geometry": {
        "type": "Polygon",
        "coordinates": [
          [
            [
              18.07096,
              59.4348
            ],
            [
              18.072560000000003,
              59.4348
            ],
            [
              18.072560000000003,
              59.4364
            ],
            [
              18.07096,
              59.4364
            ],
            [
              18.07096,
              59.4348
            ]
          ]
        ]
      },
      "properties": {
        "id": "fb60-Stockholm-485",
        "municipality": "Stockholm",
        "type": "flerbostadshus",
        "view": "2060"
      }
    },
    {
      "type": "Feature",
      "geometry": {
        "type": "Polygon",
        "coordinates": [
          [
            [
              18.07272,
              59.4348
            ],
            [
              18.074320000000004,
              59.4348
            ],
            [
              18.074320000000004,
              59.4364
            ],
            [
              18.07272,
              59.4364
            ],
            [
              18.07272,
              59.4348
            ]
          ]
        ]
      },
      "properties": {
        "id": "fb60-Stockholm-486",
        "municipality": "Stockholm",
        "type": "flerbostadshus",
        "view": "2060"
      }
    },
    {
      "type": "Feature",
      "geometry": {
        "type": "Polygon",
        "coordinates": [
          [
            [
              18.074479999999998,
              59.4348
            ],
            [
              18.07608,
              59.4348
            ],
            [
              18.07608,
              59.4364
            ],
            [
              18.074479999999998,
              59.4364
            ],
            [
              18.074479999999998,
              59.4348
            ]
          ]
        ]
      },
      "properties": {
        "id": "fb60-Stockholm-487",
        "municipality": "Stockholm",
        "type": "flerbostadshus",
        "view": "2060"
      }
    },
    {
      "type": "Feature",
      "geometry": {
        "type": "Polygon",
        "coordinates": [
          [
            [
              18.06216,
              59.43656
            ],
            [
              18.063760000000002,
              59.43656
            ],
            [
              18.063760000000002,
              59.438159999999996
            ],
            [
              18.06216,
              59.438159999999996
            ],
            [
              18.06216,
              59.43656
            ]
          ]
        ]
      },
      "properties": {
        "id": "fb60-Stockholm-488",
        "municipality": "Stockholm",
        "type": "flerbostadshus",
        "view": "2060"
      }
    },
    {
      "type": "Feature",
      "geometry": {
        "type": "Polygon",
        "coordinates": [
          [
            [
              18.06392,
              59.43656
            ],
            [
              18.065520000000003,
              59.43656
            ],
            [
              18.065520000000003,
              59.438159999999996
            ],
            [
              18.06392,
              59.438159999999996
            ],
            [
              18.06392,
              59.43656
            ]
          ]
        ]
      },
      "properties": {
        "id": "fb60-Stockholm-489",
        "municipality": "Stockholm",
        "type": "flerbostadshus",
        "view": "2060"
      }
    },
    {
      "type": "Feature",
      "geometry": {
        "type": "Polygon",
        "coordinates": [
          [
            [
              18.065679999999997,
              59.43656
            ],
            [
              18.06728,
              59.43656
            ],
            [
              18.06728,
              59.438159999999996
            ],
            [
              18.065679999999997,
              59.438159999999996
            ],
            [
              18.065679999999997,
              59.43656
            ]
          ]
        ]
      },
      "properties": {
        "id": "fb60-Stockholm-490",
        "municipality": "Stockholm",
        "type": "flerbostadshus",
        "view": "2060"
      }
    },
    {
      "type": "Feature",
      "geometry": {
        "type": "Polygon",
        "coordinates": [
          [
            [
              18.067439999999998,
              59.43656
            ],
            [
              18.06904,
              59.43656
            ],
            [
              18.06904,
              59.438159999999996
            ],
            [
              18.067439999999998,
              59.438159999999996
            ],
            [
              18.067439999999998,
              59.43656
            ]
          ]
        ]
      },
      "properties": {
        "id": "fb60-Stockholm-491",
        "municipality": "Stockholm",
        "type": "flerbostadshus",
        "view": "2060"
      }
    },
    {
      "type": "Feature",
      "geometry": {
        "type": "Polygon",
        "coordinates": [
          [
            [
              18.0692,
              59.43656
            ],
            [
              18.070800000000002,
              59.43656
            ],
            [
              18.070800000000002,
              59.438159999999996
            ],
            [
              18.0692,
              59.438159999999996
            ],
            [
              18.0692,
              59.43656
            ]
          ]
        ]
      },
      "properties": {
        "id": "fb60-Stockholm-492",
        "municipality": "Stockholm",
        "type": "flerbostadshus",
        "view": "2060"
      }
    },
    {
      "type": "Feature",
      "geometry": {
        "type": "Polygon",
        "coordinates": [
          [
            [
              18.07096,
              59.43656
            ],
            [
              18.072560000000003,
              59.43656
            ],
            [
              18.072560000000003,
              59.438159999999996
            ],
            [
              18.07096,
              59.438159999999996
            ],
            [
              18.07096,
              59.43656
            ]
          ]
        ]
      },
      "properties": {
        "id": "fb60-Stockholm-493",
        "municipality": "Stockholm",
        "type": "flerbostadshus",
        "view": "2060"
      }
    },
    {
      "type": "Feature",
      "geometry": {
        "type": "Polygon",
        "coordinates": [
          [
            [
              18.07272,
              59.43656
            ],
            [
              18.074320000000004,
              59.43656
            ],
            [
              18.074320000000004,
              59.438159999999996
            ],
            [
              18.07272,
              59.438159999999996
            ],
            [
              18.07272,
              59.43656
            ]
          ]
        ]
      },
      "properties": {
        "id": "fb60-Stockholm-494",
        "municipality": "Stockholm",
        "type": "flerbostadshus",
        "view": "2060"
      }
    },
    {
      "type": "Feature",
      "geometry": {
        "type": "Polygon",
        "coordinates": [
          [
            [
              18.074479999999998,
              59.43656
            ],
            [
              18.07608,
              59.43656
            ],
            [
              18.07608,
              59.438159999999996
            ],
            [
              18.074479999999998,
              59.438159999999996
            ],
            [
              18.074479999999998,
              59.43656
            ]
          ]
        ]
      },
      "properties": {
        "id": "fb60-Stockholm-495",
        "municipality": "Stockholm",
        "type": "flerbostadshus",
        "view": "2060"
      }
    },
    {
      "type": "Feature",
      "geometry": {
        "type": "Polygon",
        "coordinates": [
          [
            [
              18.06216,
              59.43832
            ],
            [
              18.063760000000002,
              59.43832
            ],
            [
              18.063760000000002,
              59.439919999999994
            ],
            [
              18.06216,
              59.439919999999994
            ],
            [
              18.06216,
              59.43832
            ]
          ]
        ]
      },
      "properties": {
        "id": "fb60-Stockholm-496",
        "municipality": "Stockholm",
        "type": "flerbostadshus",
        "view": "2060"
      }
    },
    {
      "type": "Feature",
      "geometry": {
        "type": "Polygon",
        "coordinates": [
          [
            [
              18.06392,
              59.43832
            ],
            [
              18.065520000000003,
              59.43832
            ],
            [
              18.065520000000003,
              59.439919999999994
            ],
            [
              18.06392,
              59.439919999999994
            ],
            [
              18.06392,
              59.43832
            ]
          ]
        ]
      },
      "properties": {
        "id": "fb60-Stockholm-497",
        "municipality": "Stockholm",
        "type": "flerbostadshus",
        "view": "2060"
      }
    },
    {
      "type": "Feature",
      "geometry": {
        "type": "Polygon",
        "coordinates": [
          [
            [
              18.065679999999997,
              59.43832
            ],
            [
              18.06728,
              59.43832
            ],
            [
              18.06728,
              59.439919999999994
            ],
            [
              18.065679999999997,
              59.439919999999994
            ],
            [
              18.065679999999997,
              59.43832
            ]
          ]
        ]
      },
      "properties": {
        "id": "fb60-Stockholm-498",
        "municipality": "Stockholm",
        "type": "flerbostadshus",
        "view": "2060"
      }
    },
    {
      "type": "Feature",
      "geometry": {
        "type": "Polygon",
        "coordinates": [
          [
            [
              18.067439999999998,
              59.43832
            ],
            [
              18.06904,
              59.43832
            ],
            [
              18.06904,
              59.439919999999994
            ],
            [
              18.067439999999998,
              59.439919999999994
            ],
            [
              18.067439999999998,
              59.43832
            ]
          ]
        ]
      },
      "properties": {
        "id": "fb60-Stockholm-499",
        "municipality": "Stockholm",
        "type": "flerbostadshus",
        "view": "2060"
      }
    },
    {
      "type": "Feature",
      "geometry": {
        "type": "Polygon",
        "coordinates": [
          [
            [
              18.0692,
              59.43832
            ],
            [
              18.070800000000002,
              59.43832
            ],
            [
              18.070800000000002,
              59.439919999999994
            ],
            [
              18.0692,
              59.439919999999994
            ],
            [
              18.0692,
              59.43832
            ]
          ]
        ]
      },
      "properties": {
        "id": "fb60-Stockholm-500",
        "municipality": "Stockholm",
        "type": "flerbostadshus",
        "view": "2060"
      }
    },
    {
      "type": "Feature",
      "geometry": {
        "type": "Polygon",
        "coordinates": [
          [
            [
              18.07096,
              59.43832
            ],
            [
              18.072560000000003,
              59.43832
            ],
            [
              18.072560000000003,
              59.439919999999994
            ],
            [
              18.07096,
              59.439919999999994
            ],
            [
              18.07096,
              59.43832
            ]
          ]
        ]
      },
      "properties": {
        "id": "fb60-Stockholm-501",
        "municipality": "Stockholm",
        "type": "flerbostadshus",
        "view": "2060"
      }
    },
    {
      "type": "Feature",
      "geometry": {
        "type": "Polygon",
        "coordinates": [
          [
            [
              18.07272,
              59.43832
            ],
            [
              18.074320000000004,
              59.43832
            ],
            [
              18.074320000000004,
              59.439919999999994
            ],
            [
              18.07272,
              59.439919999999994
            ],
            [
              18.07272,
              59.43832
            ]
          ]
        ]
      },
      "properties": {
        "id": "fb60-Stockholm-502",
        "municipality": "Stockholm",
        "type": "flerbostadshus",
        "view": "2060"
      }
    },
    {
      "type": "Feature",
      "geometry": {
        "type": "Polygon",
        "coordinates": [
          [
            [
              18.074479999999998,
              59.43832
            ],
            [
              18.07608,
              59.43832
            ],
            [
              18.07608,
              59.439919999999994
            ],
            [
              18.074479999999998,
              59.439919999999994
            ],
            [
              18.074479999999998,
              59.43832
            ]
          ]
        ]
      },
      "properties": {
        "id": "fb60-Stockholm-503",
        "municipality": "Stockholm",
        "type": "flerbostadshus",
        "view": "2060"
      }
    },
    {
      "type": "Feature",
      "geometry": {
        "type": "Polygon",
        "coordinates": [
          [
            [
              18.06216,
              59.44008
            ],
            [
              18.063760000000002,
              59.44008
            ],
            [
              18.063760000000002,
              59.44168
            ],
            [
              18.06216,
              59.44168
            ],
            [
              18.06216,
              59.44008
            ]
          ]
        ]
      },
      "properties": {
        "id": "fb60-Stockholm-504",
        "municipality": "Stockholm",
        "type": "flerbostadshus",
        "view": "2060"
      }
    },
    {
      "type": "Feature",
      "geometry": {
        "type": "Polygon",
        "coordinates": [
          [
            [
              18.06392,
              59.44008
            ],
            [
              18.065520000000003,
              59.44008
            ],
            [
              18.065520000000003,
              59.44168
            ],
            [
              18.06392,
              59.44168
            ],
            [
              18.06392,
              59.44008
            ]
          ]
        ]
      },
      "properties": {
        "id": "fb60-Stockholm-505",
        "municipality": "Stockholm",
        "type": "flerbostadshus",
        "view": "2060"
      }
    },
    {
      "type": "Feature",
      "geometry": {
        "type": "Polygon",
        "coordinates": [
          [
            [
              18.065679999999997,
              59.44008
            ],
            [
              18.06728,
              59.44008
            ],
            [
              18.06728,
              59.44168
            ],
            [
              18.065679999999997,
              59.44168
            ],
            [
              18.065679999999997,
              59.44008
            ]
          ]
        ]
      },
      "properties": {
        "id": "fb60-Stockholm-506",
        "municipality": "Stockholm",
        "type": "flerbostadshus",
        "view": "2060"
      }
    },
    {
      "type": "Feature",
      "geometry": {
        "type": "Polygon",
        "coordinates": [
          [
            [
              18.067439999999998,
              59.44008
            ],
            [
              18.06904,
              59.44008
            ],
            [
              18.06904,
              59.44168
            ],
            [
              18.067439999999998,
              59.44168
            ],
            [
              18.067439999999998,
              59.44008
            ]
          ]
        ]
      },
      "properties": {
        "id": "fb60-Stockholm-507",
        "municipality": "Stockholm",
        "type": "flerbostadshus",
        "view": "2060"
      }
    },
    {
      "type": "Feature",
      "geometry": {
        "type": "Polygon",
        "coordinates": [
          [
            [
              18.0692,
              59.44008
            ],
            [
              18.070800000000002,
              59.44008
            ],
            [
              18.070800000000002,
              59.44168
            ],
            [
              18.0692,
              59.44168
            ],
            [
              18.0692,
              59.44008
            ]
          ]
        ]
      },
      "properties": {
        "id": "fb60-Stockholm-508",
        "municipality": "Stockholm",
        "type": "flerbostadshus",
        "view": "2060"
      }
    },
    {
      "type": "Feature",
      "geometry": {
        "type": "Polygon",
        "coordinates": [
          [
            [
              18.07096,
              59.44008
            ],
            [
              18.072560000000003,
              59.44008
            ],
            [
              18.072560000000003,
              59.44168
            ],
            [
              18.07096,
              59.44168
            ],
            [
              18.07096,
              59.44008
            ]
          ]
        ]
      },
      "properties": {
        "id": "fb60-Stockholm-509",
        "municipality": "Stockholm",
        "type": "flerbostadshus",
        "view": "2060"
      }
    },
    {
      "type": "Feature",
      "geometry": {
        "type": "Polygon",
        "coordinates": [
          [
            [
              18.07272,
              59.44008
            ],
            [
              18.074320000000004,
              59.44008
            ],
            [
              18.074320000000004,
              59.44168
            ],
            [
              18.07272,
              59.44168
            ],
            [
              18.07272,
              59.44008
            ]
          ]
        ]
      },
      "properties": {
        "id": "fb60-Stockholm-510",
        "municipality": "Stockholm",
        "type": "flerbostadshus",
        "view": "2060"
      }
    },
    {
      "type": "Feature",
      "geometry": {
        "type": "Polygon",
        "coordinates": [
          [
            [
              18.074479999999998,
              59.44008
            ],
            [
              18.07608,
              59.44008
            ],
            [
              18.07608,
              59.44168
            ],
            [
              18.074479999999998,
              59.44168
            ],
            [
              18.074479999999998,
              59.44008
            ]
          ]
        ]
      },
      "properties": {
        "id": "fb60-Stockholm-511",
        "municipality": "Stockholm",
        "type": "flerbostadshus",
        "view": "2060"
      }
    },
    {
      "type": "Feature",
      "geometry": {
        "type": "Polygon",
        "coordinates": [
          [
            [
              18.06216,
              59.44184
            ],
            [
              18.063760000000002,
              59.44184
            ],
            [
              18.063760000000002,
              59.443439999999995
            ],
            [
              18.06216,
              59.443439999999995
            ],
            [
              18.06216,
              59.44184
            ]
          ]
        ]
      },
      "properties": {
        "id": "fb60-Stockholm-512",
        "municipality": "Stockholm",
        "type": "flerbostadshus",
        "view": "2060"
      }
    },
    {
      "type": "Feature",
      "geometry": {
        "type": "Polygon",
        "coordinates": [
          [
            [
              18.06392,
              59.44184
            ],
            [
              18.065520000000003,
              59.44184
            ],
            [
              18.065520000000003,
              59.443439999999995
            ],
            [
              18.06392,
              59.443439999999995
            ],
            [
              18.06392,
              59.44184
            ]
          ]
        ]
      },
      "properties": {
        "id": "fb60-Stockholm-513",
        "municipality": "Stockholm",
        "type": "flerbostadshus",
        "view": "2060"
      }
    },
    {
      "type": "Feature",
      "geometry": {
        "type": "Polygon",
        "coordinates": [
          [
            [
              18.065679999999997,
              59.44184
            ],
            [
              18.06728,
              59.44184
            ],
            [
              18.06728,
              59.443439999999995
            ],
            [
              18.065679999999997,
              59.443439999999995
            ],
            [
              18.065679999999997,
              59.44184
            ]
          ]
        ]
      },
      "properties": {
        "id": "fb60-Stockholm-514",
        "municipality": "Stockholm",
        "type": "flerbostadshus",
        "view": "2060"
      }
    },
    {
      "type": "Feature",
      "geometry": {
        "type": "Polygon",
        "coordinates": [
          [
            [
              18.067439999999998,
              59.44184
            ],
            [
              18.06904,
              59.44184
            ],
            [
              18.06904,
              59.443439999999995
            ],
            [
              18.067439999999998,
              59.443439999999995
            ],
            [
              18.067439999999998,
              59.44184
            ]
          ]
        ]
      },
      "properties": {
        "id": "fb60-Stockholm-515",
        "municipality": "Stockholm",
        "type": "flerbostadshus",
        "view": "2060"
      }
    },
    {
      "type": "Feature",
      "geometry": {
        "type": "Polygon",
        "coordinates": [
          [
            [
              18.0692,
              59.44184
            ],
            [
              18.070800000000002,
              59.44184
            ],
            [
              18.070800000000002,
              59.443439999999995
            ],
            [
              18.0692,
              59.443439999999995
            ],
            [
              18.0692,
              59.44184
            ]
          ]
        ]
      },
      "properties": {
        "id": "fb60-Stockholm-516",
        "municipality": "Stockholm",
        "type": "flerbostadshus",
        "view": "2060"
      }
    },
    {
      "type": "Feature",
      "geometry": {
        "type": "Polygon",
        "coordinates": [
          [
            [
              18.07096,
              59.44184
            ],
            [
              18.072560000000003,
              59.44184
            ],
            [
              18.072560000000003,
              59.443439999999995
            ],
            [
              18.07096,
              59.443439999999995
            ],
            [
              18.07096,
              59.44184
            ]
          ]
        ]
      },
      "properties": {
        "id": "fb60-Stockholm-517",
        "municipality": "Stockholm",
        "type": "flerbostadshus",
        "view": "2060"
      }
    },
    {
      "type": "Feature",
      "geometry": {
        "type": "Polygon",
        "coordinates": [
          [
            [
              18.07272,
              59.44184
            ],
            [
              18.074320000000004,
              59.44184
            ],
            [
              18.074320000000004,
              59.443439999999995
            ],
            [
              18.07272,
              59.443439999999995
            ],
            [
              18.07272,
              59.44184
            ]
          ]
        ]
      },
      "properties": {
        "id": "fb60-Stockholm-518",
        "municipality": "Stockholm",
        "type": "flerbostadshus",
        "view": "2060"
      }
    },
    {
      "type": "Feature",
      "geometry": {
        "type": "Polygon",
        "coordinates": [
          [
            [
              18.074479999999998,
              59.44184
            ],
            [
              18.07608,
              59.44184
            ],
            [
              18.07608,
              59.443439999999995
            ],
            [
              18.074479999999998,
              59.443439999999995
            ],
            [
              18.074479999999998,
              59.44184
            ]
          ]
        ]
      },
      "properties": {
        "id": "fb60-Stockholm-519",
        "municipality": "Stockholm",
        "type": "flerbostadshus",
        "view": "2060"
      }
    },
    {
      "type": "Feature",
      "geometry": {
        "type": "Polygon",
        "coordinates": [
          [
            [
              18.06216,
              59.4436
            ],
            [
              18.063760000000002,
              59.4436
            ],
            [
              18.063760000000002,
              59.4452
            ],
            [
              18.06216,
              59.4452
            ],
            [
              18.06216,
              59.4436
            ]
          ]
        ]
      },
      "properties": {
        "id": "fb60-Stockholm-520",
        "municipality": "Stockholm",
        "type": "flerbostadshus",
        "view": "2060"
      }
    },
    {
      "type": "Feature",
      "geometry": {
        "type": "Polygon",
        "coordinates": [
          [
            [
              18.06392,
              59.4436
            ],
            [
              18.065520000000003,
              59.4436
            ],
            [
              18.065520000000003,
              59.4452
            ],
            [
              18.06392,
              59.4452
            ],
            [
              18.06392,
              59.4436
            ]
          ]
        ]
      },
      "properties": {
        "id": "fb60-Stockholm-521",
        "municipality": "Stockholm",
        "type": "flerbostadshus",
        "view": "2060"
      }
    },
    {
      "type": "Feature",
      "geometry": {
        "type": "Polygon",
        "coordinates": [
          [
            [
              18.065679999999997,
              59.4436
            ],
            [
              18.06728,
              59.4436
            ],
            [
              18.06728,
              59.4452
            ],
            [
              18.065679999999997,
              59.4452
            ],
            [
              18.065679999999997,
              59.4436
            ]
          ]
        ]
      },
      "properties": {
        "id": "fb60-Stockholm-522",
        "municipality": "Stockholm",
        "type": "flerbostadshus",
        "view": "2060"
      }
    },
    {
      "type": "Feature",
      "geometry": {
        "type": "Polygon",
        "coordinates": [
          [
            [
              18.067439999999998,
              59.4436
            ],
            [
              18.06904,
              59.4436
            ],
            [
              18.06904,
              59.4452
            ],
            [
              18.067439999999998,
              59.4452
            ],
            [
              18.067439999999998,
              59.4436
            ]
          ]
        ]
      },
      "properties": {
        "id": "fb60-Stockholm-523",
        "municipality": "Stockholm",
        "type": "flerbostadshus",
        "view": "2060"
      }
    },
    {
      "type": "Feature",
      "geometry": {
        "type": "Polygon",
        "coordinates": [
          [
            [
              18.0692,
              59.4436
            ],
            [
              18.070800000000002,
              59.4436
            ],
            [
              18.070800000000002,
              59.4452
            ],
            [
              18.0692,
              59.4452
            ],
            [
              18.0692,
              59.4436
            ]
          ]
        ]
      },
      "properties": {
        "id": "fb60-Stockholm-524",
        "municipality": "Stockholm",
        "type": "flerbostadshus",
        "view": "2060"
      }
    },
    {
      "type": "Feature",
      "geometry": {
        "type": "Polygon",
        "coordinates": [
          [
            [
              18.07096,
              59.4436
            ],
            [
              18.072560000000003,
              59.4436
            ],
            [
              18.072560000000003,
              59.4452
            ],
            [
              18.07096,
              59.4452
            ],
            [
              18.07096,
              59.4436
            ]
          ]
        ]
      },
      "properties": {
        "id": "fb60-Stockholm-525",
        "municipality": "Stockholm",
        "type": "flerbostadshus",
        "view": "2060"
      }
    },
    {
      "type": "Feature",
      "geometry": {
        "type": "Polygon",
        "coordinates": [
          [
            [
              18.07272,
              59.4436
            ],
            [
              18.074320000000004,
              59.4436
            ],
            [
              18.074320000000004,
              59.4452
            ],
            [
              18.07272,
              59.4452
            ],
            [
              18.07272,
              59.4436
            ]
          ]
        ]
      },
      "properties": {
        "id": "fb60-Stockholm-526",
        "municipality": "Stockholm",
        "type": "flerbostadshus",
        "view": "2060"
      }
    },
    {
      "type": "Feature",
      "geometry": {
        "type": "Polygon",
        "coordinates": [
          [
            [
              18.074479999999998,
              59.4436
            ],
            [
              18.07608,
              59.4436
            ],
            [
              18.07608,
              59.4452
            ],
            [
              18.074479999999998,
              59.4452
            ],
            [
              18.074479999999998,
              59.4436
            ]
          ]
        ]
      },
      "properties": {
        "id": "fb60-Stockholm-527",
        "municipality": "Stockholm",
        "type": "flerbostadshus",
        "view": "2060"
      }
    },
    {
      "type": "Feature",
      "geometry": {
        "type": "Polygon",
        "coordinates": [
          [
            [
              18.06216,
              59.44536
            ],
            [
              18.063760000000002,
              59.44536
            ],
            [
              18.063760000000002,
              59.44696
            ],
            [
              18.06216,
              59.44696
            ],
            [
              18.06216,
              59.44536
            ]
          ]
        ]
      },
      "properties": {
        "id": "fb60-Stockholm-528",
        "municipality": "Stockholm",
        "type": "flerbostadshus",
        "view": "2060"
      }
    },
    {
      "type": "Feature",
      "geometry": {
        "type": "Polygon",
        "coordinates": [
          [
            [
              18.06392,
              59.44536
            ],
            [
              18.065520000000003,
              59.44536
            ],
            [
              18.065520000000003,
              59.44696
            ],
            [
              18.06392,
              59.44696
            ],
            [
              18.06392,
              59.44536
            ]
          ]
        ]
      },
      "properties": {
        "id": "fb60-Stockholm-529",
        "municipality": "Stockholm",
        "type": "flerbostadshus",
        "view": "2060"
      }
    },
    {
      "type": "Feature",
      "geometry": {
        "type": "Polygon",
        "coordinates": [
          [
            [
              18.065679999999997,
              59.44536
            ],
            [
              18.06728,
              59.44536
            ],
            [
              18.06728,
              59.44696
            ],
            [
              18.065679999999997,
              59.44696
            ],
            [
              18.065679999999997,
              59.44536
            ]
          ]
        ]
      },
      "properties": {
        "id": "fb60-Stockholm-530",
        "municipality": "Stockholm",
        "type": "flerbostadshus",
        "view": "2060"
      }
    },
    {
      "type": "Feature",
      "geometry": {
        "type": "Polygon",
        "coordinates": [
          [
            [
              18.067439999999998,
              59.44536
            ],
            [
              18.06904,
              59.44536
            ],
            [
              18.06904,
              59.44696
            ],
            [
              18.067439999999998,
              59.44696
            ],
            [
              18.067439999999998,
              59.44536
            ]
          ]
        ]
      },
      "properties": {
        "id": "fb60-Stockholm-531",
        "municipality": "Stockholm",
        "type": "flerbostadshus",
        "view": "2060"
      }
    },
    {
      "type": "Feature",
      "geometry": {
        "type": "Polygon",
        "coordinates": [
          [
            [
              18.0692,
              59.44536
            ],
            [
              18.070800000000002,
              59.44536
            ],
            [
              18.070800000000002,
              59.44696
            ],
            [
              18.0692,
              59.44696
            ],
            [
              18.0692,
              59.44536
            ]
          ]
        ]
      },
      "properties": {
        "id": "fb60-Stockholm-532",
        "municipality": "Stockholm",
        "type": "flerbostadshus",
        "view": "2060"
      }
    },
    {
      "type": "Feature",
      "geometry": {
        "type": "Polygon",
        "coordinates": [
          [
            [
              18.07096,
              59.44536
            ],
            [
              18.072560000000003,
              59.44536
            ],
            [
              18.072560000000003,
              59.44696
            ],
            [
              18.07096,
              59.44696
            ],
            [
              18.07096,
              59.44536
            ]
          ]
        ]
      },
      "properties": {
        "id": "fb60-Stockholm-533",
        "municipality": "Stockholm",
        "type": "flerbostadshus",
        "view": "2060"
      }
    },
    {
      "type": "Feature",
      "geometry": {
        "type": "Polygon",
        "coordinates": [
          [
            [
              18.07272,
              59.44536
            ],
            [
              18.074320000000004,
              59.44536
            ],
            [
              18.074320000000004,
              59.44696
            ],
            [
              18.07272,
              59.44696
            ],
            [
              18.07272,
              59.44536
            ]
          ]
        ]
      },
      "properties": {
        "id": "fb60-Stockholm-534",
        "municipality": "Stockholm",
        "type": "flerbostadshus",
        "view": "2060"
      }
    },
    {
      "type": "Feature",
      "geometry": {
        "type": "Polygon",
        "coordinates": [
          [
            [
              18.074479999999998,
              59.44536
            ],
            [
              18.07608,
              59.44536
            ],
            [
              18.07608,
              59.44696
            ],
            [
              18.074479999999998,
              59.44696
            ],
            [
              18.074479999999998,
              59.44536
            ]
          ]
        ]
      },
      "properties": {
        "id": "fb60-Stockholm-535",
        "municipality": "Stockholm",
        "type": "flerbostadshus",
        "view": "2060"
      }
    },
    {
      "type": "Feature",
      "geometry": {
        "type": "Polygon",
        "coordinates": [
          [
            [
              18.06216,
              59.44712
            ],
            [
              18.063760000000002,
              59.44712
            ],
            [
              18.063760000000002,
              59.448719999999994
            ],
            [
              18.06216,
              59.448719999999994
            ],
            [
              18.06216,
              59.44712
            ]
          ]
        ]
      },
      "properties": {
        "id": "fb60-Stockholm-536",
        "municipality": "Stockholm",
        "type": "flerbostadshus",
        "view": "2060"
      }
    },
    {
      "type": "Feature",
      "geometry": {
        "type": "Polygon",
        "coordinates": [
          [
            [
              18.06392,
              59.44712
            ],
            [
              18.065520000000003,
              59.44712
            ],
            [
              18.065520000000003,
              59.448719999999994
            ],
            [
              18.06392,
              59.448719999999994
            ],
            [
              18.06392,
              59.44712
            ]
          ]
        ]
      },
      "properties": {
        "id": "fb60-Stockholm-537",
        "municipality": "Stockholm",
        "type": "flerbostadshus",
        "view": "2060"
      }
    },
    {
      "type": "Feature",
      "geometry": {
        "type": "Polygon",
        "coordinates": [
          [
            [
              18.065679999999997,
              59.44712
            ],
            [
              18.06728,
              59.44712
            ],
            [
              18.06728,
              59.448719999999994
            ],
            [
              18.065679999999997,
              59.448719999999994
            ],
            [
              18.065679999999997,
              59.44712
            ]
          ]
        ]
      },
      "properties": {
        "id": "fb60-Stockholm-538",
        "municipality": "Stockholm",
        "type": "flerbostadshus",
        "view": "2060"
      }
    },
    {
      "type": "Feature",
      "geometry": {
        "type": "Polygon",
        "coordinates": [
          [
            [
              18.067439999999998,
              59.44712
            ],
            [
              18.06904,
              59.44712
            ],
            [
              18.06904,
              59.448719999999994
            ],
            [
              18.067439999999998,
              59.448719999999994
            ],
            [
              18.067439999999998,
              59.44712
            ]
          ]
        ]
      },
      "properties": {
        "id": "fb60-Stockholm-539",
        "municipality": "Stockholm",
        "type": "flerbostadshus",
        "view": "2060"
      }
    },
    {
      "type": "Feature",
      "geometry": {
        "type": "Polygon",
        "coordinates": [
          [
            [
              18.0692,
              59.44712
            ],
            [
              18.070800000000002,
              59.44712
            ],
            [
              18.070800000000002,
              59.448719999999994
            ],
            [
              18.0692,
              59.448719999999994
            ],
            [
              18.0692,
              59.44712
            ]
          ]
        ]
      },
      "properties": {
        "id": "fb60-Stockholm-540",
        "municipality": "Stockholm",
        "type": "flerbostadshus",
        "view": "2060"
      }
    },
    {
      "type": "Feature",
      "geometry": {
        "type": "Polygon",
        "coordinates": [
          [
            [
              18.07096,
              59.44712
            ],
            [
              18.072560000000003,
              59.44712
            ],
            [
              18.072560000000003,
              59.448719999999994
            ],
            [
              18.07096,
              59.448719999999994
            ],
            [
              18.07096,
              59.44712
            ]
          ]
        ]
      },
      "properties": {
        "id": "fb60-Stockholm-541",
        "municipality": "Stockholm",
        "type": "flerbostadshus",
        "view": "2060"
      }
    },
    {
      "type": "Feature",
      "geometry": {
        "type": "Polygon",
        "coordinates": [
          [
            [
              18.07272,
              59.44712
            ],
            [
              18.074320000000004,
              59.44712
            ],
            [
              18.074320000000004,
              59.448719999999994
            ],
            [
              18.07272,
              59.448719999999994
            ],
            [
              18.07272,
              59.44712
            ]
          ]
        ]
      },
      "properties": {
        "id": "fb60-Stockholm-542",
        "municipality": "Stockholm",
        "type": "flerbostadshus",
        "view": "2060"
      }
    },
    {
      "type": "Feature",
      "geometry": {
        "type": "Polygon",
        "coordinates": [
          [
            [
              18.074479999999998,
              59.44712
            ],
            [
              18.07608,
              59.44712
            ],
            [
              18.07608,
              59.448719999999994
            ],
            [
              18.074479999999998,
              59.448719999999994
            ],
            [
              18.074479999999998,
              59.44712
            ]
          ]
        ]
      },
      "properties": {
        "id": "fb60-Stockholm-543",
        "municipality": "Stockholm",
        "type": "flerbostadshus",
        "view": "2060"
      }
    },
    {
      "type": "Feature",
      "geometry": {
        "type": "Polygon",
        "coordinates": [
          [
            [
              18.06216,
              59.44888
            ],
            [
              18.063760000000002,
              59.44888
            ],
            [
              18.063760000000002,
              59.45048
            ],
            [
              18.06216,
              59.45048
            ],
            [
              18.06216,
              59.44888
            ]
          ]
        ]
      },
      "properties": {
        "id": "fb60-Stockholm-544",
        "municipality": "Stockholm",
        "type": "flerbostadshus",
        "view": "2060"
      }
    },
    {
      "type": "Feature",
      "geometry": {
        "type": "Polygon",
        "coordinates": [
          [
            [
              18.06392,
              59.44888
            ],
            [
              18.065520000000003,
              59.44888
            ],
            [
              18.065520000000003,
              59.45048
            ],
            [
              18.06392,
              59.45048
            ],
            [
              18.06392,
              59.44888
            ]
          ]
        ]
      },
      "properties": {
        "id": "fb60-Stockholm-545",
        "municipality": "Stockholm",
        "type": "flerbostadshus",
        "view": "2060"
      }
    },
    {
      "type": "Feature",
      "geometry": {
        "type": "Polygon",
        "coordinates": [
          [
            [
              18.065679999999997,
              59.44888
            ],
            [
              18.06728,
              59.44888
            ],
            [
              18.06728,
              59.45048
            ],
            [
              18.065679999999997,
              59.45048
            ],
            [
              18.065679999999997,
              59.44888
            ]
          ]
        ]
      },
      "properties": {
        "id": "fb60-Stockholm-546",
        "municipality": "Stockholm",
        "type": "flerbostadshus",
        "view": "2060"
      }
    },
    {
      "type": "Feature",
      "geometry": {
        "type": "Polygon",
        "coordinates": [
          [
            [
              18.067439999999998,
              59.44888
            ],
            [
              18.06904,
              59.44888
            ],
            [
              18.06904,
              59.45048
            ],
            [
              18.067439999999998,
              59.45048
            ],
            [
              18.067439999999998,
              59.44888
            ]
          ]
        ]
      },
      "properties": {
        "id": "fb60-Stockholm-547",
        "municipality": "Stockholm",
        "type": "flerbostadshus",
        "view": "2060"
      }
    },
    {
      "type": "Feature",
      "geometry": {
        "type": "Polygon",
        "coordinates": [
          [
            [
              18.0692,
              59.44888
            ],
            [
              18.070800000000002,
              59.44888
            ],
            [
              18.070800000000002,
              59.45048
            ],
            [
              18.0692,
              59.45048
            ],
            [
              18.0692,
              59.44888
            ]
          ]
        ]
      },
      "properties": {
        "id": "fb60-Stockholm-548",
        "municipality": "Stockholm",
        "type": "flerbostadshus",
        "view": "2060"
      }
    },
    {
      "type": "Feature",
      "geometry": {
        "type": "Polygon",
        "coordinates": [
          [
            [
              18.07096,
              59.44888
            ],
            [
              18.072560000000003,
              59.44888
            ],
            [
              18.072560000000003,
              59.45048
            ],
            [
              18.07096,
              59.45048
            ],
            [
              18.07096,
              59.44888
            ]
          ]
        ]
      },
      "properties": {
        "id": "fb60-Stockholm-549",
        "municipality": "Stockholm",
        "type": "flerbostadshus",
        "view": "2060"
      }
    },
    {
      "type": "Feature",
      "geometry": {
        "type": "Polygon",
        "coordinates": [
          [
            [
              18.07272,
              59.44888
            ],
            [
              18.074320000000004,
              59.44888
            ],
            [
              18.074320000000004,
              59.45048
            ],
            [
              18.07272,
              59.45048
            ],
            [
              18.07272,
              59.44888
            ]
          ]
        ]
      },
      "properties": {
        "id": "fb60-Stockholm-550",
        "municipality": "Stockholm",
        "type": "flerbostadshus",
        "view": "2060"
      }
    },
    {
      "type": "Feature",
      "geometry": {
        "type": "Polygon",
        "coordinates": [
          [
            [
              18.074479999999998,
              59.44888
            ],
            [
              18.07608,
              59.44888
            ],
            [
              18.07608,
              59.45048
            ],
            [
              18.074479999999998,
              59.45048
            ],
            [
              18.074479999999998,
              59.44888
            ]
          ]
        ]
      },
      "properties": {
        "id": "fb60-Stockholm-551",
        "municipality": "Stockholm",
        "type": "flerbostadshus",
        "view": "2060"
      }
    },
    {
      "type": "Feature",
      "geometry": {
        "type": "Polygon",
        "coordinates": [
          [
            [
              18.06216,
              59.45064
            ],
            [
              18.063760000000002,
              59.45064
            ],
            [
              18.063760000000002,
              59.452239999999996
            ],
            [
              18.06216,
              59.452239999999996
            ],
            [
              18.06216,
              59.45064
            ]
          ]
        ]
      },
      "properties": {
        "id": "fb60-Stockholm-552",
        "municipality": "Stockholm",
        "type": "flerbostadshus",
        "view": "2060"
      }
    },
    {
      "type": "Feature",
      "geometry": {
        "type": "Polygon",
        "coordinates": [
          [
            [
              18.06392,
              59.45064
            ],
            [
              18.065520000000003,
              59.45064
            ],
            [
              18.065520000000003,
              59.452239999999996
            ],
            [
              18.06392,
              59.452239999999996
            ],
            [
              18.06392,
              59.45064
            ]
          ]
        ]
      },
      "properties": {
        "id": "fb60-Stockholm-553",
        "municipality": "Stockholm",
        "type": "flerbostadshus",
        "view": "2060"
      }
    },
    {
      "type": "Feature",
      "geometry": {
        "type": "Polygon",
        "coordinates": [
          [
            [
              18.065679999999997,
              59.45064
            ],
            [
              18.06728,
              59.45064
            ],
            [
              18.06728,
              59.452239999999996
            ],
            [
              18.065679999999997,
              59.452239999999996
            ],
            [
              18.065679999999997,
              59.45064
            ]
          ]
        ]
      },
      "properties": {
        "id": "fb60-Stockholm-554",
        "municipality": "Stockholm",
        "type": "flerbostadshus",
        "view": "2060"
      }
    },
    {
      "type": "Feature",
      "geometry": {
        "type": "Polygon",
        "coordinates": [
          [
            [
              18.067439999999998,
              59.45064
            ],
            [
              18.06904,
              59.45064
            ],
            [
              18.06904,
              59.452239999999996
            ],
            [
              18.067439999999998,
              59.452239999999996
            ],
            [
              18.067439999999998,
              59.45064
            ]
          ]
        ]
      },
      "properties": {
        "id": "fb60-Stockholm-555",
        "municipality": "Stockholm",
        "type": "flerbostadshus",
        "view": "2060"
      }
    },
    {
      "type": "Feature",
      "geometry": {
        "type": "Polygon",
        "coordinates": [
          [
            [
              18.0692,
              59.45064
            ],
            [
              18.070800000000002,
              59.45064
            ],
            [
              18.070800000000002,
              59.452239999999996
            ],
            [
              18.0692,
              59.452239999999996
            ],
            [
              18.0692,
              59.45064
            ]
          ]
        ]
      },
      "properties": {
        "id": "fb60-Stockholm-556",
        "municipality": "Stockholm",
        "type": "flerbostadshus",
        "view": "2060"
      }
    },
    {
      "type": "Feature",
      "geometry": {
        "type": "Polygon",
        "coordinates": [
          [
            [
              18.07096,
              59.45064
            ],
            [
              18.072560000000003,
              59.45064
            ],
            [
              18.072560000000003,
              59.452239999999996
            ],
            [
              18.07096,
              59.452239999999996
            ],
            [
              18.07096,
              59.45064
            ]
          ]
        ]
      },
      "properties": {
        "id": "fb60-Stockholm-557",
        "municipality": "Stockholm",
        "type": "flerbostadshus",
        "view": "2060"
      }
    },
    {
      "type": "Feature",
      "geometry": {
        "type": "Polygon",
        "coordinates": [
          [
            [
              18.07272,
              59.45064
            ],
            [
              18.074320000000004,
              59.45064
            ],
            [
              18.074320000000004,
              59.452239999999996
            ],
            [
              18.07272,
              59.452239999999996
            ],
            [
              18.07272,
              59.45064
            ]
          ]
        ]
      },
      "properties": {
        "id": "fb60-Stockholm-558",
        "municipality": "Stockholm",
        "type": "flerbostadshus",
        "view": "2060"
      }
    },
    {
      "type": "Feature",
      "geometry": {
        "type": "Polygon",
        "coordinates": [
          [
            [
              18.074479999999998,
              59.45064
            ],
            [
              18.07608,
              59.45064
            ],
            [
              18.07608,
              59.452239999999996
            ],
            [
              18.074479999999998,
              59.452239999999996
            ],
            [
              18.074479999999998,
              59.45064
            ]
          ]
        ]
      },
      "properties": {
        "id": "fb60-Stockholm-559",
        "municipality": "Stockholm",
        "type": "flerbostadshus",
        "view": "2060"
      }
    },
    {
      "type": "Feature",
      "geometry": {
        "type": "Polygon",
        "coordinates": [
          [
            [
              18.06216,
              59.4524
            ],
            [
              18.063760000000002,
              59.4524
            ],
            [
              18.063760000000002,
              59.45399999999999
            ],
            [
              18.06216,
              59.45399999999999
            ],
            [
              18.06216,
              59.4524
            ]
          ]
        ]
      },
      "properties": {
        "id": "fb60-Stockholm-560",
        "municipality": "Stockholm",
        "type": "flerbostadshus",
        "view": "2060"
      }
    },
    {
      "type": "Feature",
      "geometry": {
        "type": "Polygon",
        "coordinates": [
          [
            [
              18.06392,
              59.4524
            ],
            [
              18.065520000000003,
              59.4524
            ],
            [
              18.065520000000003,
              59.45399999999999
            ],
            [
              18.06392,
              59.45399999999999
            ],
            [
              18.06392,
              59.4524
            ]
          ]
        ]
      },
      "properties": {
        "id": "fb60-Stockholm-561",
        "municipality": "Stockholm",
        "type": "flerbostadshus",
        "view": "2060"
      }
    },
    {
      "type": "Feature",
      "geometry": {
        "type": "Polygon",
        "coordinates": [
          [
            [
              18.065679999999997,
              59.4524
            ],
            [
              18.06728,
              59.4524
            ],
            [
              18.06728,
              59.45399999999999
            ],
            [
              18.065679999999997,
              59.45399999999999
            ],
            [
              18.065679999999997,
              59.4524
            ]
          ]
        ]
      },
      "properties": {
        "id": "fb60-Stockholm-562",
        "municipality": "Stockholm",
        "type": "flerbostadshus",
        "view": "2060"
      }
    },
    {
      "type": "Feature",
      "geometry": {
        "type": "Polygon",
        "coordinates": [
          [
            [
              18.067439999999998,
              59.4524
            ],
            [
              18.06904,
              59.4524
            ],
            [
              18.06904,
              59.45399999999999
            ],
            [
              18.067439999999998,
              59.45399999999999
            ],
            [
              18.067439999999998,
              59.4524
            ]
          ]
        ]
      },
      "properties": {
        "id": "fb60-Stockholm-563",
        "municipality": "Stockholm",
        "type": "flerbostadshus",
        "view": "2060"
      }
    },
    {
      "type": "Feature",
      "geometry": {
        "type": "Polygon",
        "coordinates": [
          [
            [
              18.0692,
              59.4524
            ],
            [
              18.070800000000002,
              59.4524
            ],
            [
              18.070800000000002,
              59.45399999999999
            ],
            [
              18.0692,
              59.45399999999999
            ],
            [
              18.0692,
              59.4524
            ]
          ]
        ]
      },
      "properties": {
        "id": "fb60-Stockholm-564",
        "municipality": "Stockholm",
        "type": "flerbostadshus",
        "view": "2060"
      }
    },
    {
      "type": "Feature",
      "geometry": {
        "type": "Polygon",
        "coordinates": [
          [
            [
              18.07096,
              59.4524
            ],
            [
              18.072560000000003,
              59.4524
            ],
            [
              18.072560000000003,
              59.45399999999999
            ],
            [
              18.07096,
              59.45399999999999
            ],
            [
              18.07096,
              59.4524
            ]
          ]
        ]
      },
      "properties": {
        "id": "fb60-Stockholm-565",
        "municipality": "Stockholm",
        "type": "flerbostadshus",
        "view": "2060"
      }
    },
    {
      "type": "Feature",
      "geometry": {
        "type": "Polygon",
        "coordinates": [
          [
            [
              18.07272,
              59.4524
            ],
            [
              18.074320000000004,
              59.4524
            ],
            [
              18.074320000000004,
              59.45399999999999
            ],
            [
              18.07272,
              59.45399999999999
            ],
            [
              18.07272,
              59.4524
            ]
          ]
        ]
      },
      "properties": {
        "id": "fb60-Stockholm-566",
        "municipality": "Stockholm",
        "type": "flerbostadshus",
        "view": "2060"
      }
    },
    {
      "type": "Feature",
      "geometry": {
        "type": "Polygon",
        "coordinates": [
          [
            [
              18.074479999999998,
              59.4524
            ],
            [
              18.07608,
              59.4524
            ],
            [
              18.07608,
              59.45399999999999
            ],
            [
              18.074479999999998,
              59.45399999999999
            ],
            [
              18.074479999999998,
              59.4524
            ]
          ]
        ]
      },
      "properties": {
        "id": "fb60-Stockholm-567",
        "municipality": "Stockholm",
        "type": "flerbostadshus",
        "view": "2060"
      }
    },
    {
      "type": "Feature",
      "geometry": {
        "type": "Polygon",
        "coordinates": [
          [
            [
              18.06216,
              59.45416
            ],
            [
              18.063760000000002,
              59.45416
            ],
            [
              18.063760000000002,
              59.45576
            ],
            [
              18.06216,
              59.45576
            ],
            [
              18.06216,
              59.45416
            ]
          ]
        ]
      },
      "properties": {
        "id": "fb60-Stockholm-568",
        "municipality": "Stockholm",
        "type": "flerbostadshus",
        "view": "2060"
      }
    },
    {
      "type": "Feature",
      "geometry": {
        "type": "Polygon",
        "coordinates": [
          [
            [
              18.06392,
              59.45416
            ],
            [
              18.065520000000003,
              59.45416
            ],
            [
              18.065520000000003,
              59.45576
            ],
            [
              18.06392,
              59.45576
            ],
            [
              18.06392,
              59.45416
            ]
          ]
        ]
      },
      "properties": {
        "id": "fb60-Stockholm-569",
        "municipality": "Stockholm",
        "type": "flerbostadshus",
        "view": "2060"
      }
    },
    {
      "type": "Feature",
      "geometry": {
        "type": "Polygon",
        "coordinates": [
          [
            [
              18.065679999999997,
              59.45416
            ],
            [
              18.06728,
              59.45416
            ],
            [
              18.06728,
              59.45576
            ],
            [
              18.065679999999997,
              59.45576
            ],
            [
              18.065679999999997,
              59.45416
            ]
          ]
        ]
      },
      "properties": {
        "id": "fb60-Stockholm-570",
        "municipality": "Stockholm",
        "type": "flerbostadshus",
        "view": "2060"
      }
    },
    {
      "type": "Feature",
      "geometry": {
        "type": "Polygon",
        "coordinates": [
          [
            [
              18.067439999999998,
              59.45416
            ],
            [
              18.06904,
              59.45416
            ],
            [
              18.06904,
              59.45576
            ],
            [
              18.067439999999998,
              59.45576
            ],
            [
              18.067439999999998,
              59.45416
            ]
          ]
        ]
      },
      "properties": {
        "id": "fb60-Stockholm-571",
        "municipality": "Stockholm",
        "type": "flerbostadshus",
        "view": "2060"
      }
    },
    {
      "type": "Feature",
      "geometry": {
        "type": "Polygon",
        "coordinates": [
          [
            [
              18.0692,
              59.45416
            ],
            [
              18.070800000000002,
              59.45416
            ],
            [
              18.070800000000002,
              59.45576
            ],
            [
              18.0692,
              59.45576
            ],
            [
              18.0692,
              59.45416
            ]
          ]
        ]
      },
      "properties": {
        "id": "fb60-Stockholm-572",
        "municipality": "Stockholm",
        "type": "flerbostadshus",
        "view": "2060"
      }
    },
    {
      "type": "Feature",
      "geometry": {
        "type": "Polygon",
        "coordinates": [
          [
            [
              18.07096,
              59.45416
            ],
            [
              18.072560000000003,
              59.45416
            ],
            [
              18.072560000000003,
              59.45576
            ],
            [
              18.07096,
              59.45576
            ],
            [
              18.07096,
              59.45416
            ]
          ]
        ]
      },
      "properties": {
        "id": "fb60-Stockholm-573",
        "municipality": "Stockholm",
        "type": "flerbostadshus",
        "view": "2060"
      }
    },
    {
      "type": "Feature",
      "geometry": {
        "type": "Polygon",
        "coordinates": [
          [
            [
              18.07272,
              59.45416
            ],
            [
              18.074320000000004,
              59.45416
            ],
            [
              18.074320000000004,
              59.45576
            ],
            [
              18.07272,
              59.45576
            ],
            [
              18.07272,
              59.45416
            ]
          ]
        ]
      },
      "properties": {
        "id": "fb60-Stockholm-574",
        "municipality": "Stockholm",
        "type": "flerbostadshus",
        "view": "2060"
      }
    },
    {
      "type": "Feature",
      "geometry": {
        "type": "Polygon",
        "coordinates": [
          [
            [
              18.074479999999998,
              59.45416
            ],
            [
              18.07608,
              59.45416
            ],
            [
              18.07608,
              59.45576
            ],
            [
              18.074479999999998,
              59.45576
            ],
            [
              18.074479999999998,
              59.45416
            ]
          ]
        ]
      },
      "properties": {
        "id": "fb60-Stockholm-575",
        "municipality": "Stockholm",
        "type": "flerbostadshus",
        "view": "2060"
      }
    },
    {
      "type": "Feature",
      "geometry": {
        "type": "Polygon",
        "coordinates": [
          [
            [
              18.06216,
              59.45592
            ],
            [
              18.063760000000002,
              59.45592
            ],
            [
              18.063760000000002,
              59.457519999999995
            ],
            [
              18.06216,
              59.457519999999995
            ],
            [
              18.06216,
              59.45592
            ]
          ]
        ]
      },
      "properties": {
        "id": "fb60-Stockholm-576",
        "municipality": "Stockholm",
        "type": "flerbostadshus",
        "view": "2060"
      }
    },
    {
      "type": "Feature",
      "geometry": {
        "type": "Polygon",
        "coordinates": [
          [
            [
              18.06392,
              59.45592
            ],
            [
              18.065520000000003,
              59.45592
            ],
            [
              18.065520000000003,
              59.457519999999995
            ],
            [
              18.06392,
              59.457519999999995
            ],
            [
              18.06392,
              59.45592
            ]
          ]
        ]
      },
      "properties": {
        "id": "fb60-Stockholm-577",
        "municipality": "Stockholm",
        "type": "flerbostadshus",
        "view": "2060"
      }
    },
    {
      "type": "Feature",
      "geometry": {
        "type": "Polygon",
        "coordinates": [
          [
            [
              18.065679999999997,
              59.45592
            ],
            [
              18.06728,
              59.45592
            ],
            [
              18.06728,
              59.457519999999995
            ],
            [
              18.065679999999997,
              59.457519999999995
            ],
            [
              18.065679999999997,
              59.45592
            ]
          ]
        ]
      },
      "properties": {
        "id": "fb60-Stockholm-578",
        "municipality": "Stockholm",
        "type": "flerbostadshus",
        "view": "2060"
      }
    },
    {
      "type": "Feature",
      "geometry": {
        "type": "Polygon",
        "coordinates": [
          [
            [
              18.067439999999998,
              59.45592
            ],
            [
              18.06904,
              59.45592
            ],
            [
              18.06904,
              59.457519999999995
            ],
            [
              18.067439999999998,
              59.457519999999995
            ],
            [
              18.067439999999998,
              59.45592
            ]
          ]
        ]
      },
      "properties": {
        "id": "fb60-Stockholm-579",
        "municipality": "Stockholm",
        "type": "flerbostadshus",
        "view": "2060"
      }
    },
    {
      "type": "Feature",
      "geometry": {
        "type": "Polygon",
        "coordinates": [
          [
            [
              18.0692,
              59.45592
            ],
            [
              18.070800000000002,
              59.45592
            ],
            [
              18.070800000000002,
              59.457519999999995
            ],
            [
              18.0692,
              59.457519999999995
            ],
            [
              18.0692,
              59.45592
            ]
          ]
        ]
      },
      "properties": {
        "id": "fb60-Stockholm-580",
        "municipality": "Stockholm",
        "type": "flerbostadshus",
        "view": "2060"
      }
    },
    {
      "type": "Feature",
      "geometry": {
        "type": "Polygon",
        "coordinates": [
          [
            [
              18.07096,
              59.45592
            ],
            [
              18.072560000000003,
              59.45592
            ],
            [
              18.072560000000003,
              59.457519999999995
            ],
            [
              18.07096,
              59.457519999999995
            ],
            [
              18.07096,
              59.45592
            ]
          ]
        ]
      },
      "properties": {
        "id": "fb60-Stockholm-581",
        "municipality": "Stockholm",
        "type": "flerbostadshus",
        "view": "2060"
      }
    },
    {
      "type": "Feature",
      "geometry": {
        "type": "Polygon",
        "coordinates": [
          [
            [
              18.07272,
              59.45592
            ],
            [
              18.074320000000004,
              59.45592
            ],
            [
              18.074320000000004,
              59.457519999999995
            ],
            [
              18.07272,
              59.457519999999995
            ],
            [
              18.07272,
              59.45592
            ]
          ]
        ]
      },
      "properties": {
        "id": "fb60-Stockholm-582",
        "municipality": "Stockholm",
        "type": "flerbostadshus",
        "view": "2060"
      }
    },
    {
      "type": "Feature",
      "geometry": {
        "type": "Polygon",
        "coordinates": [
          [
            [
              18.074479999999998,
              59.45592
            ],
            [
              18.07608,
              59.45592
            ],
            [
              18.07608,
              59.457519999999995
            ],
            [
              18.074479999999998,
              59.457519999999995
            ],
            [
              18.074479999999998,
              59.45592
            ]
          ]
        ]
      },
      "properties": {
        "id": "fb60-Stockholm-583",
        "municipality": "Stockholm",
        "type": "flerbostadshus",
        "view": "2060"
      }
    },
    {
      "type": "Feature",
      "geometry": {
        "type": "Polygon",
        "coordinates": [
          [
            [
              18.06216,
              59.45768
            ],
            [
              18.063760000000002,
              59.45768
            ],
            [
              18.063760000000002,
              59.45928
            ],
            [
              18.06216,
              59.45928
            ],
            [
              18.06216,
              59.45768
            ]
          ]
        ]
      },
      "properties": {
        "id": "fb60-Stockholm-584",
        "municipality": "Stockholm",
        "type": "flerbostadshus",
        "view": "2060"
      }
    },
    {
      "type": "Feature",
      "geometry": {
        "type": "Polygon",
        "coordinates": [
          [
            [
              18.06392,
              59.45768
            ],
            [
              18.065520000000003,
              59.45768
            ],
            [
              18.065520000000003,
              59.45928
            ],
            [
              18.06392,
              59.45928
            ],
            [
              18.06392,
              59.45768
            ]
          ]
        ]
      },
      "properties": {
        "id": "fb60-Stockholm-585",
        "municipality": "Stockholm",
        "type": "flerbostadshus",
        "view": "2060"
      }
    },
    {
      "type": "Feature",
      "geometry": {
        "type": "Polygon",
        "coordinates": [
          [
            [
              18.065679999999997,
              59.45768
            ],
            [
              18.06728,
              59.45768
            ],
            [
              18.06728,
              59.45928
            ],
            [
              18.065679999999997,
              59.45928
            ],
            [
              18.065679999999997,
              59.45768
            ]
          ]
        ]
      },
      "properties": {
        "id": "fb60-Stockholm-586",
        "municipality": "Stockholm",
        "type": "flerbostadshus",
        "view": "2060"
      }
    },
    {
      "type": "Feature",
      "geometry": {
        "type": "Polygon",
        "coordinates": [
          [
            [
              18.067439999999998,
              59.45768
            ],
            [
              18.06904,
              59.45768
            ],
            [
              18.06904,
              59.45928
            ],
            [
              18.067439999999998,
              59.45928
            ],
            [
              18.067439999999998,
              59.45768
            ]
          ]
        ]
      },
      "properties": {
        "id": "fb60-Stockholm-587",
        "municipality": "Stockholm",
        "type": "flerbostadshus",
        "view": "2060"
      }
    },
    {
      "type": "Feature",
      "geometry": {
        "type": "Polygon",
        "coordinates": [
          [
            [
              18.0692,
              59.45768
            ],
            [
              18.070800000000002,
              59.45768
            ],
            [
              18.070800000000002,
              59.45928
            ],
            [
              18.0692,
              59.45928
            ],
            [
              18.0692,
              59.45768
            ]
          ]
        ]
      },
      "properties": {
        "id": "fb60-Stockholm-588",
        "municipality": "Stockholm",
        "type": "flerbostadshus",
        "view": "2060"
      }
    },
    {
      "type": "Feature",
      "geometry": {
        "type": "Polygon",
        "coordinates": [
          [
            [
              18.07096,
              59.45768
            ],
            [
              18.072560000000003,
              59.45768
            ],
            [
              18.072560000000003,
              59.45928
            ],
            [
              18.07096,
              59.45928
            ],
            [
              18.07096,
              59.45768
            ]
          ]
        ]
      },
      "properties": {
        "id": "fb60-Stockholm-589",
        "municipality": "Stockholm",
        "type": "flerbostadshus",
        "view": "2060"
      }
    },
    {
      "type": "Feature",
      "geometry": {
        "type": "Polygon",
        "coordinates": [
          [
            [
              18.07272,
              59.45768
            ],
            [
              18.074320000000004,
              59.45768
            ],
            [
              18.074320000000004,
              59.45928
            ],
            [
              18.07272,
              59.45928
            ],
            [
              18.07272,
              59.45768
            ]
          ]
        ]
      },
      "properties": {
        "id": "fb60-Stockholm-590",
        "municipality": "Stockholm",
        "type": "flerbostadshus",
        "view": "2060"
      }
    },
    {
      "type": "Feature",
      "geometry": {
        "type": "Polygon",
        "coordinates": [
          [
            [
              18.074479999999998,
              59.45768
            ],
            [
              18.07608,
              59.45768
            ],
            [
              18.07608,
              59.45928
            ],
            [
              18.074479999999998,
              59.45928
            ],
            [
              18.074479999999998,
              59.45768
            ]
          ]
        ]
      },
      "properties": {
        "id": "fb60-Stockholm-591",
        "municipality": "Stockholm",
        "type": "flerbostadshus",
        "view": "2060"
      }
    },
    {
      "type": "Feature",
      "geometry": {
        "type": "Polygon",
        "coordinates": [
          [
            [
              18.06216,
              59.45944
            ],
            [
              18.063760000000002,
              59.45944
            ],
            [
              18.063760000000002,
              59.46104
            ],
            [
              18.06216,
              59.46104
            ],
            [
              18.06216,
              59.45944
            ]
          ]
        ]
      },
      "properties": {
        "id": "fb60-Stockholm-592",
        "municipality": "Stockholm",
        "type": "flerbostadshus",
        "view": "2060"
      }
    },
    {
      "type": "Feature",
      "geometry": {
        "type": "Polygon",
        "coordinates": [
          [
            [
              18.06392,
              59.45944
            ],
            [
              18.065520000000003,
              59.45944
            ],
            [
              18.065520000000003,
              59.46104
            ],
            [
              18.06392,
              59.46104
            ],
            [
              18.06392,
              59.45944
            ]
          ]
        ]
      },
      "properties": {
        "id": "fb60-Stockholm-593",
        "municipality": "Stockholm",
        "type": "flerbostadshus",
        "view": "2060"
      }
    },
    {
      "type": "Feature",
      "geometry": {
        "type": "Polygon",
        "coordinates": [
          [
            [
              18.065679999999997,
              59.45944
            ],
            [
              18.06728,
              59.45944
            ],
            [
              18.06728,
              59.46104
            ],
            [
              18.065679999999997,
              59.46104
            ],
            [
              18.065679999999997,
              59.45944
            ]
          ]
        ]
      },
      "properties": {
        "id": "fb60-Stockholm-594",
        "municipality": "Stockholm",
        "type": "flerbostadshus",
        "view": "2060"
      }
    },
    {
      "type": "Feature",
      "geometry": {
        "type": "Polygon",
        "coordinates": [
          [
            [
              18.067439999999998,
              59.45944
            ],
            [
              18.06904,
              59.45944
            ],
            [
              18.06904,
              59.46104
            ],
            [
              18.067439999999998,
              59.46104
            ],
            [
              18.067439999999998,
              59.45944
            ]
          ]
        ]
      },
      "properties": {
        "id": "fb60-Stockholm-595",
        "municipality": "Stockholm",
        "type": "flerbostadshus",
        "view": "2060"
      }
    },
    {
      "type": "Feature",
      "geometry": {
        "type": "Polygon",
        "coordinates": [
          [
            [
              18.0692,
              59.45944
            ],
            [
              18.070800000000002,
              59.45944
            ],
            [
              18.070800000000002,
              59.46104
            ],
            [
              18.0692,
              59.46104
            ],
            [
              18.0692,
              59.45944
            ]
          ]
        ]
      },
      "properties": {
        "id": "fb60-Stockholm-596",
        "municipality": "Stockholm",
        "type": "flerbostadshus",
        "view": "2060"
      }
    },
    {
      "type": "Feature",
      "geometry": {
        "type": "Polygon",
        "coordinates": [
          [
            [
              18.07096,
              59.45944
            ],
            [
              18.072560000000003,
              59.45944
            ],
            [
              18.072560000000003,
              59.46104
            ],
            [
              18.07096,
              59.46104
            ],
            [
              18.07096,
              59.45944
            ]
          ]
        ]
      },
      "properties": {
        "id": "fb60-Stockholm-597",
        "municipality": "Stockholm",
        "type": "flerbostadshus",
        "view": "2060"
      }
    },
    {
      "type": "Feature",
      "geometry": {
        "type": "Polygon",
        "coordinates": [
          [
            [
              18.07272,
              59.45944
            ],
            [
              18.074320000000004,
              59.45944
            ],
            [
              18.074320000000004,
              59.46104
            ],
            [
              18.07272,
              59.46104
            ],
            [
              18.07272,
              59.45944
            ]
          ]
        ]
      },
      "properties": {
        "id": "fb60-Stockholm-598",
        "municipality": "Stockholm",
        "type": "flerbostadshus",
        "view": "2060"
      }
    },
    {
      "type": "Feature",
      "geometry": {
        "type": "Polygon",
        "coordinates": [
          [
            [
              18.074479999999998,
              59.45944
            ],
            [
              18.07608,
              59.45944
            ],
            [
              18.07608,
              59.46104
            ],
            [
              18.074479999999998,
              59.46104
            ],
            [
              18.074479999999998,
              59.45944
            ]
          ]
        ]
      },
      "properties": {
        "id": "fb60-Stockholm-599",
        "municipality": "Stockholm",
        "type": "flerbostadshus",
        "view": "2060"
      }
    },
    {
      "type": "Feature",
      "geometry": {
        "type": "Polygon",
        "coordinates": [
          [
            [
              18.06216,
              59.4612
            ],
            [
              18.063760000000002,
              59.4612
            ],
            [
              18.063760000000002,
              59.462799999999994
            ],
            [
              18.06216,
              59.462799999999994
            ],
            [
              18.06216,
              59.4612
            ]
          ]
        ]
      },
      "properties": {
        "id": "fb60-Stockholm-600",
        "municipality": "Stockholm",
        "type": "flerbostadshus",
        "view": "2060"
      }
    },
    {
      "type": "Feature",
      "geometry": {
        "type": "Polygon",
        "coordinates": [
          [
            [
              18.06392,
              59.4612
            ],
            [
              18.065520000000003,
              59.4612
            ],
            [
              18.065520000000003,
              59.462799999999994
            ],
            [
              18.06392,
              59.462799999999994
            ],
            [
              18.06392,
              59.4612
            ]
          ]
        ]
      },
      "properties": {
        "id": "fb60-Stockholm-601",
        "municipality": "Stockholm",
        "type": "flerbostadshus",
        "view": "2060"
      }
    },
    {
      "type": "Feature",
      "geometry": {
        "type": "Polygon",
        "coordinates": [
          [
            [
              18.065679999999997,
              59.4612
            ],
            [
              18.06728,
              59.4612
            ],
            [
              18.06728,
              59.462799999999994
            ],
            [
              18.065679999999997,
              59.462799999999994
            ],
            [
              18.065679999999997,
              59.4612
            ]
          ]
        ]
      },
      "properties": {
        "id": "fb60-Stockholm-602",
        "municipality": "Stockholm",
        "type": "flerbostadshus",
        "view": "2060"
      }
    },
    {
      "type": "Feature",
      "geometry": {
        "type": "Polygon",
        "coordinates": [
          [
            [
              18.067439999999998,
              59.4612
            ],
            [
              18.06904,
              59.4612
            ],
            [
              18.06904,
              59.462799999999994
            ],
            [
              18.067439999999998,
              59.462799999999994
            ],
            [
              18.067439999999998,
              59.4612
            ]
          ]
        ]
      },
      "properties": {
        "id": "fb60-Stockholm-603",
        "municipality": "Stockholm",
        "type": "flerbostadshus",
        "view": "2060"
      }
    },
    {
      "type": "Feature",
      "geometry": {
        "type": "Polygon",
        "coordinates": [
          [
            [
              18.0692,
              59.4612
            ],
            [
              18.070800000000002,
              59.4612
            ],
            [
              18.070800000000002,
              59.462799999999994
            ],
            [
              18.0692,
              59.462799999999994
            ],
            [
              18.0692,
              59.4612
            ]
          ]
        ]
      },
      "properties": {
        "id": "fb60-Stockholm-604",
        "municipality": "Stockholm",
        "type": "flerbostadshus",
        "view": "2060"
      }
    },
    {
      "type": "Feature",
      "geometry": {
        "type": "Polygon",
        "coordinates": [
          [
            [
              18.07096,
              59.4612
            ],
            [
              18.072560000000003,
              59.4612
            ],
            [
              18.072560000000003,
              59.462799999999994
            ],
            [
              18.07096,
              59.462799999999994
            ],
            [
              18.07096,
              59.4612
            ]
          ]
        ]
      },
      "properties": {
        "id": "fb60-Stockholm-605",
        "municipality": "Stockholm",
        "type": "flerbostadshus",
        "view": "2060"
      }
    },
    {
      "type": "Feature",
      "geometry": {
        "type": "Polygon",
        "coordinates": [
          [
            [
              18.07272,
              59.4612
            ],
            [
              18.074320000000004,
              59.4612
            ],
            [
              18.074320000000004,
              59.462799999999994
            ],
            [
              18.07272,
              59.462799999999994
            ],
            [
              18.07272,
              59.4612
            ]
          ]
        ]
      },
      "properties": {
        "id": "fb60-Stockholm-606",
        "municipality": "Stockholm",
        "type": "flerbostadshus",
        "view": "2060"
      }
    },
    {
      "type": "Feature",
      "geometry": {
        "type": "Polygon",
        "coordinates": [
          [
            [
              18.074479999999998,
              59.4612
            ],
            [
              18.07608,
              59.4612
            ],
            [
              18.07608,
              59.462799999999994
            ],
            [
              18.074479999999998,
              59.462799999999994
            ],
            [
              18.074479999999998,
              59.4612
            ]
          ]
        ]
      },
      "properties": {
        "id": "fb60-Stockholm-607",
        "municipality": "Stockholm",
        "type": "flerbostadshus",
        "view": "2060"
      }
    },
    {
      "type": "Feature",
      "geometry": {
        "type": "Polygon",
        "coordinates": [
          [
            [
              18.06216,
              59.46296
            ],
            [
              18.063760000000002,
              59.46296
            ],
            [
              18.063760000000002,
              59.46456
            ],
            [
              18.06216,
              59.46456
            ],
            [
              18.06216,
              59.46296
            ]
          ]
        ]
      },
      "properties": {
        "id": "fb60-Stockholm-608",
        "municipality": "Stockholm",
        "type": "flerbostadshus",
        "view": "2060"
      }
    },
    {
      "type": "Feature",
      "geometry": {
        "type": "Polygon",
        "coordinates": [
          [
            [
              18.06392,
              59.46296
            ],
            [
              18.065520000000003,
              59.46296
            ],
            [
              18.065520000000003,
              59.46456
            ],
            [
              18.06392,
              59.46456
            ],
            [
              18.06392,
              59.46296
            ]
          ]
        ]
      },
      "properties": {
        "id": "fb60-Stockholm-609",
        "municipality": "Stockholm",
        "type": "flerbostadshus",
        "view": "2060"
      }
    },
    {
      "type": "Feature",
      "geometry": {
        "type": "Polygon",
        "coordinates": [
          [
            [
              18.065679999999997,
              59.46296
            ],
            [
              18.06728,
              59.46296
            ],
            [
              18.06728,
              59.46456
            ],
            [
              18.065679999999997,
              59.46456
            ],
            [
              18.065679999999997,
              59.46296
            ]
          ]
        ]
      },
      "properties": {
        "id": "fb60-Stockholm-610",
        "municipality": "Stockholm",
        "type": "flerbostadshus",
        "view": "2060"
      }
    },
    {
      "type": "Feature",
      "geometry": {
        "type": "Polygon",
        "coordinates": [
          [
            [
              18.067439999999998,
              59.46296
            ],
            [
              18.06904,
              59.46296
            ],
            [
              18.06904,
              59.46456
            ],
            [
              18.067439999999998,
              59.46456
            ],
            [
              18.067439999999998,
              59.46296
            ]
          ]
        ]
      },
      "properties": {
        "id": "fb60-Stockholm-611",
        "municipality": "Stockholm",
        "type": "flerbostadshus",
        "view": "2060"
      }
    },
    {
      "type": "Feature",
      "geometry": {
        "type": "Polygon",
        "coordinates": [
          [
            [
              18.0692,
              59.46296
            ],
            [
              18.070800000000002,
              59.46296
            ],
            [
              18.070800000000002,
              59.46456
            ],
            [
              18.0692,
              59.46456
            ],
            [
              18.0692,
              59.46296
            ]
          ]
        ]
      },
      "properties": {
        "id": "fb60-Stockholm-612",
        "municipality": "Stockholm",
        "type": "flerbostadshus",
        "view": "2060"
      }
    },
    {
      "type": "Feature",
      "geometry": {
        "type": "Polygon",
        "coordinates": [
          [
            [
              18.07096,
              59.46296
            ],
            [
              18.072560000000003,
              59.46296
            ],
            [
              18.072560000000003,
              59.46456
            ],
            [
              18.07096,
              59.46456
            ],
            [
              18.07096,
              59.46296
            ]
          ]
        ]
      },
      "properties": {
        "id": "fb60-Stockholm-613",
        "municipality": "Stockholm",
        "type": "flerbostadshus",
        "view": "2060"
      }
    },
    {
      "type": "Feature",
      "geometry": {
        "type": "Polygon",
        "coordinates": [
          [
            [
              18.07272,
              59.46296
            ],
            [
              18.074320000000004,
              59.46296
            ],
            [
              18.074320000000004,
              59.46456
            ],
            [
              18.07272,
              59.46456
            ],
            [
              18.07272,
              59.46296
            ]
          ]
        ]
      },
      "properties": {
        "id": "fb60-Stockholm-614",
        "municipality": "Stockholm",
        "type": "flerbostadshus",
        "view": "2060"
      }
    },
    {
      "type": "Feature",
      "geometry": {
        "type": "Polygon",
        "coordinates": [
          [
            [
              18.074479999999998,
              59.46296
            ],
            [
              18.07608,
              59.46296
            ],
            [
              18.07608,
              59.46456
            ],
            [
              18.074479999999998,
              59.46456
            ],
            [
              18.074479999999998,
              59.46296
            ]
          ]
        ]
      },
      "properties": {
        "id": "fb60-Stockholm-615",
        "municipality": "Stockholm",
        "type": "flerbostadshus",
        "view": "2060"
      }
    },
    {
      "type": "Feature",
      "geometry": {
        "type": "Polygon",
        "coordinates": [
          [
            [
              18.06216,
              59.46472
            ],
            [
              18.063760000000002,
              59.46472
            ],
            [
              18.063760000000002,
              59.466319999999996
            ],
            [
              18.06216,
              59.466319999999996
            ],
            [
              18.06216,
              59.46472
            ]
          ]
        ]
      },
      "properties": {
        "id": "fb60-Stockholm-616",
        "municipality": "Stockholm",
        "type": "flerbostadshus",
        "view": "2060"
      }
    },
    {
      "type": "Feature",
      "geometry": {
        "type": "Polygon",
        "coordinates": [
          [
            [
              18.06392,
              59.46472
            ],
            [
              18.065520000000003,
              59.46472
            ],
            [
              18.065520000000003,
              59.466319999999996
            ],
            [
              18.06392,
              59.466319999999996
            ],
            [
              18.06392,
              59.46472
            ]
          ]
        ]
      },
      "properties": {
        "id": "fb60-Stockholm-617",
        "municipality": "Stockholm",
        "type": "flerbostadshus",
        "view": "2060"
      }
    },
    {
      "type": "Feature",
      "geometry": {
        "type": "Polygon",
        "coordinates": [
          [
            [
              18.065679999999997,
              59.46472
            ],
            [
              18.06728,
              59.46472
            ],
            [
              18.06728,
              59.466319999999996
            ],
            [
              18.065679999999997,
              59.466319999999996
            ],
            [
              18.065679999999997,
              59.46472
            ]
          ]
        ]
      },
      "properties": {
        "id": "fb60-Stockholm-618",
        "municipality": "Stockholm",
        "type": "flerbostadshus",
        "view": "2060"
      }
    },
    {
      "type": "Feature",
      "geometry": {
        "type": "Polygon",
        "coordinates": [
          [
            [
              18.067439999999998,
              59.46472
            ],
            [
              18.06904,
              59.46472
            ],
            [
              18.06904,
              59.466319999999996
            ],
            [
              18.067439999999998,
              59.466319999999996
            ],
            [
              18.067439999999998,
              59.46472
            ]
          ]
        ]
      },
      "properties": {
        "id": "fb60-Stockholm-619",
        "municipality": "Stockholm",
        "type": "flerbostadshus",
        "view": "2060"
      }
    },
    {
      "type": "Feature",
      "geometry": {
        "type": "Polygon",
        "coordinates": [
          [
            [
              18.0692,
              59.46472
            ],
            [
              18.070800000000002,
              59.46472
            ],
            [
              18.070800000000002,
              59.466319999999996
            ],
            [
              18.0692,
              59.466319999999996
            ],
            [
              18.0692,
              59.46472
            ]
          ]
        ]
      },
      "properties": {
        "id": "fb60-Stockholm-620",
        "municipality": "Stockholm",
        "type": "flerbostadshus",
        "view": "2060"
      }
    },
    {
      "type": "Feature",
      "geometry": {
        "type": "Polygon",
        "coordinates": [
          [
            [
              18.07096,
              59.46472
            ],
            [
              18.072560000000003,
              59.46472
            ],
            [
              18.072560000000003,
              59.466319999999996
            ],
            [
              18.07096,
              59.466319999999996
            ],
            [
              18.07096,
              59.46472
            ]
          ]
        ]
      },
      "properties": {
        "id": "fb60-Stockholm-621",
        "municipality": "Stockholm",
        "type": "flerbostadshus",
        "view": "2060"
      }
    },
    {
      "type": "Feature",
      "geometry": {
        "type": "Polygon",
        "coordinates": [
          [
            [
              18.07272,
              59.46472
            ],
            [
              18.074320000000004,
              59.46472
            ],
            [
              18.074320000000004,
              59.466319999999996
            ],
            [
              18.07272,
              59.466319999999996
            ],
            [
              18.07272,
              59.46472
            ]
          ]
        ]
      },
      "properties": {
        "id": "fb60-Stockholm-622",
        "municipality": "Stockholm",
        "type": "flerbostadshus",
        "view": "2060"
      }
    },
    {
      "type": "Feature",
      "geometry": {
        "type": "Polygon",
        "coordinates": [
          [
            [
              18.074479999999998,
              59.46472
            ],
            [
              18.07608,
              59.46472
            ],
            [
              18.07608,
              59.466319999999996
            ],
            [
              18.074479999999998,
              59.466319999999996
            ],
            [
              18.074479999999998,
              59.46472
            ]
          ]
        ]
      },
      "properties": {
        "id": "fb60-Stockholm-623",
        "municipality": "Stockholm",
        "type": "flerbostadshus",
        "view": "2060"
      }
    },
    {
      "type": "Feature",
      "geometry": {
        "type": "Polygon",
        "coordinates": [
          [
            [
              18.06216,
              59.46648
            ],
            [
              18.063760000000002,
              59.46648
            ],
            [
              18.063760000000002,
              59.46807999999999
            ],
            [
              18.06216,
              59.46807999999999
            ],
            [
              18.06216,
              59.46648
            ]
          ]
        ]
      },
      "properties": {
        "id": "fb60-Stockholm-624",
        "municipality": "Stockholm",
        "type": "flerbostadshus",
        "view": "2060"
      }
    },
    {
      "type": "Feature",
      "geometry": {
        "type": "Polygon",
        "coordinates": [
          [
            [
              18.06392,
              59.46648
            ],
            [
              18.065520000000003,
              59.46648
            ],
            [
              18.065520000000003,
              59.46807999999999
            ],
            [
              18.06392,
              59.46807999999999
            ],
            [
              18.06392,
              59.46648
            ]
          ]
        ]
      },
      "properties": {
        "id": "fb60-Stockholm-625",
        "municipality": "Stockholm",
        "type": "flerbostadshus",
        "view": "2060"
      }
    },
    {
      "type": "Feature",
      "geometry": {
        "type": "Polygon",
        "coordinates": [
          [
            [
              18.065679999999997,
              59.46648
            ],
            [
              18.06728,
              59.46648
            ],
            [
              18.06728,
              59.46807999999999
            ],
            [
              18.065679999999997,
              59.46807999999999
            ],
            [
              18.065679999999997,
              59.46648
            ]
          ]
        ]
      },
      "properties": {
        "id": "fb60-Stockholm-626",
        "municipality": "Stockholm",
        "type": "flerbostadshus",
        "view": "2060"
      }
    },
    {
      "type": "Feature",
      "geometry": {
        "type": "Polygon",
        "coordinates": [
          [
            [
              18.067439999999998,
              59.46648
            ],
            [
              18.06904,
              59.46648
            ],
            [
              18.06904,
              59.46807999999999
            ],
            [
              18.067439999999998,
              59.46807999999999
            ],
            [
              18.067439999999998,
              59.46648
            ]
          ]
        ]
      },
      "properties": {
        "id": "fb60-Stockholm-627",
        "municipality": "Stockholm",
        "type": "flerbostadshus",
        "view": "2060"
      }
    },
    {
      "type": "Feature",
      "geometry": {
        "type": "Polygon",
        "coordinates": [
          [
            [
              18.0692,
              59.46648
            ],
            [
              18.070800000000002,
              59.46648
            ],
            [
              18.070800000000002,
              59.46807999999999
            ],
            [
              18.0692,
              59.46807999999999
            ],
            [
              18.0692,
              59.46648
            ]
          ]
        ]
      },
      "properties": {
        "id": "fb60-Stockholm-628",
        "municipality": "Stockholm",
        "type": "flerbostadshus",
        "view": "2060"
      }
    },
    {
      "type": "Feature",
      "geometry": {
        "type": "Polygon",
        "coordinates": [
          [
            [
              18.07096,
              59.46648
            ],
            [
              18.072560000000003,
              59.46648
            ],
            [
              18.072560000000003,
              59.46807999999999
            ],
            [
              18.07096,
              59.46807999999999
            ],
            [
              18.07096,
              59.46648
            ]
          ]
        ]
      },
      "properties": {
        "id": "fb60-Stockholm-629",
        "municipality": "Stockholm",
        "type": "flerbostadshus",
        "view": "2060"
      }
    },
    {
      "type": "Feature",
      "geometry": {
        "type": "Polygon",
        "coordinates": [
          [
            [
              18.07272,
              59.46648
            ],
            [
              18.074320000000004,
              59.46648
            ],
            [
              18.074320000000004,
              59.46807999999999
            ],
            [
              18.07272,
              59.46807999999999
            ],
            [
              18.07272,
              59.46648
            ]
          ]
        ]
      },
      "properties": {
        "id": "fb60-Stockholm-630",
        "municipality": "Stockholm",
        "type": "flerbostadshus",
        "view": "2060"
      }
    },
    {
      "type": "Feature",
      "geometry": {
        "type": "Polygon",
        "coordinates": [
          [
            [
              18.074479999999998,
              59.46648
            ],
            [
              18.07608,
              59.46648
            ],
            [
              18.07608,
              59.46807999999999
            ],
            [
              18.074479999999998,
              59.46807999999999
            ],
            [
              18.074479999999998,
              59.46648
            ]
          ]
        ]
      },
      "properties": {
        "id": "fb60-Stockholm-631",
        "municipality": "Stockholm",
        "type": "flerbostadshus",
        "view": "2060"
      }
    },
    {
      "type": "Feature",
      "geometry": {
        "type": "Polygon",
        "coordinates": [
          [
            [
              18.06216,
              59.46824
            ],
            [
              18.063760000000002,
              59.46824
            ],
            [
              18.063760000000002,
              59.46984
            ],
            [
              18.06216,
              59.46984
            ],
            [
              18.06216,
              59.46824
            ]
          ]
        ]
      },
      "properties": {
        "id": "fb60-Stockholm-632",
        "municipality": "Stockholm",
        "type": "flerbostadshus",
        "view": "2060"
      }
    },
    {
      "type": "Feature",
      "geometry": {
        "type": "Polygon",
        "coordinates": [
          [
            [
              17.962159999999997,
              59.3592
            ],
            [
              17.96376,
              59.3592
            ],
            [
              17.96376,
              59.3608
            ],
            [
              17.962159999999997,
              59.3608
            ],
            [
              17.962159999999997,
              59.3592
            ]
          ]
        ]
      },
      "properties": {
        "id": "fb60-Sundbyberg-0",
        "municipality": "Sundbyberg",
        "type": "flerbostadshus",
        "view": "2060"
      }
    },
    {
      "type": "Feature",
      "geometry": {
        "type": "Polygon",
        "coordinates": [
          [
            [
              17.963919999999998,
              59.3592
            ],
            [
              17.96552,
              59.3592
            ],
            [
              17.96552,
              59.3608
            ],
            [
              17.963919999999998,
              59.3608
            ],
            [
              17.963919999999998,
              59.3592
            ]
          ]
        ]
      },
      "properties": {
        "id": "fb60-Sundbyberg-1",
        "municipality": "Sundbyberg",
        "type": "flerbostadshus",
        "view": "2060"
      }
    },
    {
      "type": "Feature",
      "geometry": {
        "type": "Polygon",
        "coordinates": [
          [
            [
              17.965679999999995,
              59.3592
            ],
            [
              17.96728,
              59.3592
            ],
            [
              17.96728,
              59.3608
            ],
            [
              17.965679999999995,
              59.3608
            ],
            [
              17.965679999999995,
              59.3592
            ]
          ]
        ]
      },
      "properties": {
        "id": "fb60-Sundbyberg-2",
        "municipality": "Sundbyberg",
        "type": "flerbostadshus",
        "view": "2060"
      }
    },
    {
      "type": "Feature",
      "geometry": {
        "type": "Polygon",
        "coordinates": [
          [
            [
              17.967439999999996,
              59.3592
            ],
            [
              17.96904,
              59.3592
            ],
            [
              17.96904,
              59.3608
            ],
            [
              17.967439999999996,
              59.3608
            ],
            [
              17.967439999999996,
              59.3592
            ]
          ]
        ]
      },
      "properties": {
        "id": "fb60-Sundbyberg-3",
        "municipality": "Sundbyberg",
        "type": "flerbostadshus",
        "view": "2060"
      }
    },
    {
      "type": "Feature",
      "geometry": {
        "type": "Polygon",
        "coordinates": [
          [
            [
              17.969199999999997,
              59.3592
            ],
            [
              17.9708,
              59.3592
            ],
            [
              17.9708,
              59.3608
            ],
            [
              17.969199999999997,
              59.3608
            ],
            [
              17.969199999999997,
              59.3592
            ]
          ]
        ]
      },
      "properties": {
        "id": "fb60-Sundbyberg-4",
        "municipality": "Sundbyberg",
        "type": "flerbostadshus",
        "view": "2060"
      }
    },
    {
      "type": "Feature",
      "geometry": {
        "type": "Polygon",
        "coordinates": [
          [
            [
              17.970959999999998,
              59.3592
            ],
            [
              17.97256,
              59.3592
            ],
            [
              17.97256,
              59.3608
            ],
            [
              17.970959999999998,
              59.3608
            ],
            [
              17.970959999999998,
              59.3592
            ]
          ]
        ]
      },
      "properties": {
        "id": "fb60-Sundbyberg-5",
        "municipality": "Sundbyberg",
        "type": "flerbostadshus",
        "view": "2060"
      }
    },
    {
      "type": "Feature",
      "geometry": {
        "type": "Polygon",
        "coordinates": [
          [
            [
              17.97272,
              59.3592
            ],
            [
              17.974320000000002,
              59.3592
            ],
            [
              17.974320000000002,
              59.3608
            ],
            [
              17.97272,
              59.3608
            ],
            [
              17.97272,
              59.3592
            ]
          ]
        ]
      },
      "properties": {
        "id": "fb60-Sundbyberg-6",
        "municipality": "Sundbyberg",
        "type": "flerbostadshus",
        "view": "2060"
      }
    },
    {
      "type": "Feature",
      "geometry": {
        "type": "Polygon",
        "coordinates": [
          [
            [
              17.974479999999996,
              59.3592
            ],
            [
              17.97608,
              59.3592
            ],
            [
              17.97608,
              59.3608
            ],
            [
              17.974479999999996,
              59.3608
            ],
            [
              17.974479999999996,
              59.3592
            ]
          ]
        ]
      },
      "properties": {
        "id": "fb60-Sundbyberg-7",
        "municipality": "Sundbyberg",
        "type": "flerbostadshus",
        "view": "2060"
      }
    },
    {
      "type": "Feature",
      "geometry": {
        "type": "Polygon",
        "coordinates": [
          [
            [
              17.962159999999997,
              59.36096
            ],
            [
              17.96376,
              59.36096
            ],
            [
              17.96376,
              59.362559999999995
            ],
            [
              17.962159999999997,
              59.362559999999995
            ],
            [
              17.962159999999997,
              59.36096
            ]
          ]
        ]
      },
      "properties": {
        "id": "fb60-Sundbyberg-8",
        "municipality": "Sundbyberg",
        "type": "flerbostadshus",
        "view": "2060"
      }
    },
    {
      "type": "Feature",
      "geometry": {
        "type": "Polygon",
        "coordinates": [
          [
            [
              17.963919999999998,
              59.36096
            ],
            [
              17.96552,
              59.36096
            ],
            [
              17.96552,
              59.362559999999995
            ],
            [
              17.963919999999998,
              59.362559999999995
            ],
            [
              17.963919999999998,
              59.36096
            ]
          ]
        ]
      },
      "properties": {
        "id": "fb60-Sundbyberg-9",
        "municipality": "Sundbyberg",
        "type": "flerbostadshus",
        "view": "2060"
      }
    },
    {
      "type": "Feature",
      "geometry": {
        "type": "Polygon",
        "coordinates": [
          [
            [
              17.965679999999995,
              59.36096
            ],
            [
              17.96728,
              59.36096
            ],
            [
              17.96728,
              59.362559999999995
            ],
            [
              17.965679999999995,
              59.362559999999995
            ],
            [
              17.965679999999995,
              59.36096
            ]
          ]
        ]
      },
      "properties": {
        "id": "fb60-Sundbyberg-10",
        "municipality": "Sundbyberg",
        "type": "flerbostadshus",
        "view": "2060"
      }
    },
    {
      "type": "Feature",
      "geometry": {
        "type": "Polygon",
        "coordinates": [
          [
            [
              17.967439999999996,
              59.36096
            ],
            [
              17.96904,
              59.36096
            ],
            [
              17.96904,
              59.362559999999995
            ],
            [
              17.967439999999996,
              59.362559999999995
            ],
            [
              17.967439999999996,
              59.36096
            ]
          ]
        ]
      },
      "properties": {
        "id": "fb60-Sundbyberg-11",
        "municipality": "Sundbyberg",
        "type": "flerbostadshus",
        "view": "2060"
      }
    },
    {
      "type": "Feature",
      "geometry": {
        "type": "Polygon",
        "coordinates": [
          [
            [
              17.969199999999997,
              59.36096
            ],
            [
              17.9708,
              59.36096
            ],
            [
              17.9708,
              59.362559999999995
            ],
            [
              17.969199999999997,
              59.362559999999995
            ],
            [
              17.969199999999997,
              59.36096
            ]
          ]
        ]
      },
      "properties": {
        "id": "fb60-Sundbyberg-12",
        "municipality": "Sundbyberg",
        "type": "flerbostadshus",
        "view": "2060"
      }
    },
    {
      "type": "Feature",
      "geometry": {
        "type": "Polygon",
        "coordinates": [
          [
            [
              17.970959999999998,
              59.36096
            ],
            [
              17.97256,
              59.36096
            ],
            [
              17.97256,
              59.362559999999995
            ],
            [
              17.970959999999998,
              59.362559999999995
            ],
            [
              17.970959999999998,
              59.36096
            ]
          ]
        ]
      },
      "properties": {
        "id": "fb60-Sundbyberg-13",
        "municipality": "Sundbyberg",
        "type": "flerbostadshus",
        "view": "2060"
      }
    },
    {
      "type": "Feature",
      "geometry": {
        "type": "Polygon",
        "coordinates": [
          [
            [
              17.97272,
              59.36096
            ],
            [
              17.974320000000002,
              59.36096
            ],
            [
              17.974320000000002,
              59.362559999999995
            ],
            [
              17.97272,
              59.362559999999995
            ],
            [
              17.97272,
              59.36096
            ]
          ]
        ]
      },
      "properties": {
        "id": "fb60-Sundbyberg-14",
        "municipality": "Sundbyberg",
        "type": "flerbostadshus",
        "view": "2060"
      }
    },
    {
      "type": "Feature",
      "geometry": {
        "type": "Polygon",
        "coordinates": [
          [
            [
              17.974479999999996,
              59.36096
            ],
            [
              17.97608,
              59.36096
            ],
            [
              17.97608,
              59.362559999999995
            ],
            [
              17.974479999999996,
              59.362559999999995
            ],
            [
              17.974479999999996,
              59.36096
            ]
          ]
        ]
      },
      "properties": {
        "id": "fb60-Sundbyberg-15",
        "municipality": "Sundbyberg",
        "type": "flerbostadshus",
        "view": "2060"
      }
    },
    {
      "type": "Feature",
      "geometry": {
        "type": "Polygon",
        "coordinates": [
          [
            [
              17.962159999999997,
              59.36272
            ],
            [
              17.96376,
              59.36272
            ],
            [
              17.96376,
              59.36432
            ],
            [
              17.962159999999997,
              59.36432
            ],
            [
              17.962159999999997,
              59.36272
            ]
          ]
        ]
      },
      "properties": {
        "id": "fb60-Sundbyberg-16",
        "municipality": "Sundbyberg",
        "type": "flerbostadshus",
        "view": "2060"
      }
    },
    {
      "type": "Feature",
      "geometry": {
        "type": "Polygon",
        "coordinates": [
          [
            [
              17.963919999999998,
              59.36272
            ],
            [
              17.96552,
              59.36272
            ],
            [
              17.96552,
              59.36432
            ],
            [
              17.963919999999998,
              59.36432
            ],
            [
              17.963919999999998,
              59.36272
            ]
          ]
        ]
      },
      "properties": {
        "id": "fb60-Sundbyberg-17",
        "municipality": "Sundbyberg",
        "type": "flerbostadshus",
        "view": "2060"
      }
    },
    {
      "type": "Feature",
      "geometry": {
        "type": "Polygon",
        "coordinates": [
          [
            [
              17.965679999999995,
              59.36272
            ],
            [
              17.96728,
              59.36272
            ],
            [
              17.96728,
              59.36432
            ],
            [
              17.965679999999995,
              59.36432
            ],
            [
              17.965679999999995,
              59.36272
            ]
          ]
        ]
      },
      "properties": {
        "id": "fb60-Sundbyberg-18",
        "municipality": "Sundbyberg",
        "type": "flerbostadshus",
        "view": "2060"
      }
    },
    {
      "type": "Feature",
      "geometry": {
        "type": "Polygon",
        "coordinates": [
          [
            [
              17.967439999999996,
              59.36272
            ],
            [
              17.96904,
              59.36272
            ],
            [
              17.96904,
              59.36432
            ],
            [
              17.967439999999996,
              59.36432
            ],
            [
              17.967439999999996,
              59.36272
            ]
          ]
        ]
      },
      "properties": {
        "id": "fb60-Sundbyberg-19",
        "municipality": "Sundbyberg",
        "type": "flerbostadshus",
        "view": "2060"
      }
    },
    {
      "type": "Feature",
      "geometry": {
        "type": "Polygon",
        "coordinates": [
          [
            [
              17.969199999999997,
              59.36272
            ],
            [
              17.9708,
              59.36272
            ],
            [
              17.9708,
              59.36432
            ],
            [
              17.969199999999997,
              59.36432
            ],
            [
              17.969199999999997,
              59.36272
            ]
          ]
        ]
      },
      "properties": {
        "id": "fb60-Sundbyberg-20",
        "municipality": "Sundbyberg",
        "type": "flerbostadshus",
        "view": "2060"
      }
    },
    {
      "type": "Feature",
      "geometry": {
        "type": "Polygon",
        "coordinates": [
          [
            [
              17.970959999999998,
              59.36272
            ],
            [
              17.97256,
              59.36272
            ],
            [
              17.97256,
              59.36432
            ],
            [
              17.970959999999998,
              59.36432
            ],
            [
              17.970959999999998,
              59.36272
            ]
          ]
        ]
      },
      "properties": {
        "id": "fb60-Sundbyberg-21",
        "municipality": "Sundbyberg",
        "type": "flerbostadshus",
        "view": "2060"
      }
    },
    {
      "type": "Feature",
      "geometry": {
        "type": "Polygon",
        "coordinates": [
          [
            [
              17.97272,
              59.36272
            ],
            [
              17.974320000000002,
              59.36272
            ],
            [
              17.974320000000002,
              59.36432
            ],
            [
              17.97272,
              59.36432
            ],
            [
              17.97272,
              59.36272
            ]
          ]
        ]
      },
      "properties": {
        "id": "fb60-Sundbyberg-22",
        "municipality": "Sundbyberg",
        "type": "flerbostadshus",
        "view": "2060"
      }
    },
    {
      "type": "Feature",
      "geometry": {
        "type": "Polygon",
        "coordinates": [
          [
            [
              17.974479999999996,
              59.36272
            ],
            [
              17.97608,
              59.36272
            ],
            [
              17.97608,
              59.36432
            ],
            [
              17.974479999999996,
              59.36432
            ],
            [
              17.974479999999996,
              59.36272
            ]
          ]
        ]
      },
      "properties": {
        "id": "fb60-Sundbyberg-23",
        "municipality": "Sundbyberg",
        "type": "flerbostadshus",
        "view": "2060"
      }
    },
    {
      "type": "Feature",
      "geometry": {
        "type": "Polygon",
        "coordinates": [
          [
            [
              17.962159999999997,
              59.36448
            ],
            [
              17.96376,
              59.36448
            ],
            [
              17.96376,
              59.36608
            ],
            [
              17.962159999999997,
              59.36608
            ],
            [
              17.962159999999997,
              59.36448
            ]
          ]
        ]
      },
      "properties": {
        "id": "fb60-Sundbyberg-24",
        "municipality": "Sundbyberg",
        "type": "flerbostadshus",
        "view": "2060"
      }
    },
    {
      "type": "Feature",
      "geometry": {
        "type": "Polygon",
        "coordinates": [
          [
            [
              17.963919999999998,
              59.36448
            ],
            [
              17.96552,
              59.36448
            ],
            [
              17.96552,
              59.36608
            ],
            [
              17.963919999999998,
              59.36608
            ],
            [
              17.963919999999998,
              59.36448
            ]
          ]
        ]
      },
      "properties": {
        "id": "fb60-Sundbyberg-25",
        "municipality": "Sundbyberg",
        "type": "flerbostadshus",
        "view": "2060"
      }
    },
    {
      "type": "Feature",
      "geometry": {
        "type": "Polygon",
        "coordinates": [
          [
            [
              17.965679999999995,
              59.36448
            ],
            [
              17.96728,
              59.36448
            ],
            [
              17.96728,
              59.36608
            ],
            [
              17.965679999999995,
              59.36608
            ],
            [
              17.965679999999995,
              59.36448
            ]
          ]
        ]
      },
      "properties": {
        "id": "fb60-Sundbyberg-26",
        "municipality": "Sundbyberg",
        "type": "flerbostadshus",
        "view": "2060"
      }
    },
    {
      "type": "Feature",
      "geometry": {
        "type": "Polygon",
        "coordinates": [
          [
            [
              17.967439999999996,
              59.36448
            ],
            [
              17.96904,
              59.36448
            ],
            [
              17.96904,
              59.36608
            ],
            [
              17.967439999999996,
              59.36608
            ],
            [
              17.967439999999996,
              59.36448
            ]
          ]
        ]
      },
      "properties": {
        "id": "fb60-Sundbyberg-27",
        "municipality": "Sundbyberg",
        "type": "flerbostadshus",
        "view": "2060"
      }
    },
    {
      "type": "Feature",
      "geometry": {
        "type": "Polygon",
        "coordinates": [
          [
            [
              17.969199999999997,
              59.36448
            ],
            [
              17.9708,
              59.36448
            ],
            [
              17.9708,
              59.36608
            ],
            [
              17.969199999999997,
              59.36608
            ],
            [
              17.969199999999997,
              59.36448
            ]
          ]
        ]
      },
      "properties": {
        "id": "fb60-Sundbyberg-28",
        "municipality": "Sundbyberg",
        "type": "flerbostadshus",
        "view": "2060"
      }
    },
    {
      "type": "Feature",
      "geometry": {
        "type": "Polygon",
        "coordinates": [
          [
            [
              17.970959999999998,
              59.36448
            ],
            [
              17.97256,
              59.36448
            ],
            [
              17.97256,
              59.36608
            ],
            [
              17.970959999999998,
              59.36608
            ],
            [
              17.970959999999998,
              59.36448
            ]
          ]
        ]
      },
      "properties": {
        "id": "fb60-Sundbyberg-29",
        "municipality": "Sundbyberg",
        "type": "flerbostadshus",
        "view": "2060"
      }
    },
    {
      "type": "Feature",
      "geometry": {
        "type": "Polygon",
        "coordinates": [
          [
            [
              17.97272,
              59.36448
            ],
            [
              17.974320000000002,
              59.36448
            ],
            [
              17.974320000000002,
              59.36608
            ],
            [
              17.97272,
              59.36608
            ],
            [
              17.97272,
              59.36448
            ]
          ]
        ]
      },
      "properties": {
        "id": "fb60-Sundbyberg-30",
        "municipality": "Sundbyberg",
        "type": "flerbostadshus",
        "view": "2060"
      }
    },
    {
      "type": "Feature",
      "geometry": {
        "type": "Polygon",
        "coordinates": [
          [
            [
              17.974479999999996,
              59.36448
            ],
            [
              17.97608,
              59.36448
            ],
            [
              17.97608,
              59.36608
            ],
            [
              17.974479999999996,
              59.36608
            ],
            [
              17.974479999999996,
              59.36448
            ]
          ]
        ]
      },
      "properties": {
        "id": "fb60-Sundbyberg-31",
        "municipality": "Sundbyberg",
        "type": "flerbostadshus",
        "view": "2060"
      }
    },
    {
      "type": "Feature",
      "geometry": {
        "type": "Polygon",
        "coordinates": [
          [
            [
              17.962159999999997,
              59.366240000000005
            ],
            [
              17.96376,
              59.366240000000005
            ],
            [
              17.96376,
              59.36784
            ],
            [
              17.962159999999997,
              59.36784
            ],
            [
              17.962159999999997,
              59.366240000000005
            ]
          ]
        ]
      },
      "properties": {
        "id": "fb60-Sundbyberg-32",
        "municipality": "Sundbyberg",
        "type": "flerbostadshus",
        "view": "2060"
      }
    },
    {
      "type": "Feature",
      "geometry": {
        "type": "Polygon",
        "coordinates": [
          [
            [
              17.963919999999998,
              59.366240000000005
            ],
            [
              17.96552,
              59.366240000000005
            ],
            [
              17.96552,
              59.36784
            ],
            [
              17.963919999999998,
              59.36784
            ],
            [
              17.963919999999998,
              59.366240000000005
            ]
          ]
        ]
      },
      "properties": {
        "id": "fb60-Sundbyberg-33",
        "municipality": "Sundbyberg",
        "type": "flerbostadshus",
        "view": "2060"
      }
    },
    {
      "type": "Feature",
      "geometry": {
        "type": "Polygon",
        "coordinates": [
          [
            [
              17.965679999999995,
              59.366240000000005
            ],
            [
              17.96728,
              59.366240000000005
            ],
            [
              17.96728,
              59.36784
            ],
            [
              17.965679999999995,
              59.36784
            ],
            [
              17.965679999999995,
              59.366240000000005
            ]
          ]
        ]
      },
      "properties": {
        "id": "fb60-Sundbyberg-34",
        "municipality": "Sundbyberg",
        "type": "flerbostadshus",
        "view": "2060"
      }
    },
    {
      "type": "Feature",
      "geometry": {
        "type": "Polygon",
        "coordinates": [
          [
            [
              17.967439999999996,
              59.366240000000005
            ],
            [
              17.96904,
              59.366240000000005
            ],
            [
              17.96904,
              59.36784
            ],
            [
              17.967439999999996,
              59.36784
            ],
            [
              17.967439999999996,
              59.366240000000005
            ]
          ]
        ]
      },
      "properties": {
        "id": "fb60-Sundbyberg-35",
        "municipality": "Sundbyberg",
        "type": "flerbostadshus",
        "view": "2060"
      }
    },
    {
      "type": "Feature",
      "geometry": {
        "type": "Polygon",
        "coordinates": [
          [
            [
              17.969199999999997,
              59.366240000000005
            ],
            [
              17.9708,
              59.366240000000005
            ],
            [
              17.9708,
              59.36784
            ],
            [
              17.969199999999997,
              59.36784
            ],
            [
              17.969199999999997,
              59.366240000000005
            ]
          ]
        ]
      },
      "properties": {
        "id": "fb60-Sundbyberg-36",
        "municipality": "Sundbyberg",
        "type": "flerbostadshus",
        "view": "2060"
      }
    },
    {
      "type": "Feature",
      "geometry": {
        "type": "Polygon",
        "coordinates": [
          [
            [
              17.970959999999998,
              59.366240000000005
            ],
            [
              17.97256,
              59.366240000000005
            ],
            [
              17.97256,
              59.36784
            ],
            [
              17.970959999999998,
              59.36784
            ],
            [
              17.970959999999998,
              59.366240000000005
            ]
          ]
        ]
      },
      "properties": {
        "id": "fb60-Sundbyberg-37",
        "municipality": "Sundbyberg",
        "type": "flerbostadshus",
        "view": "2060"
      }
    },
    {
      "type": "Feature",
      "geometry": {
        "type": "Polygon",
        "coordinates": [
          [
            [
              17.97272,
              59.366240000000005
            ],
            [
              17.974320000000002,
              59.366240000000005
            ],
            [
              17.974320000000002,
              59.36784
            ],
            [
              17.97272,
              59.36784
            ],
            [
              17.97272,
              59.366240000000005
            ]
          ]
        ]
      },
      "properties": {
        "id": "fb60-Sundbyberg-38",
        "municipality": "Sundbyberg",
        "type": "flerbostadshus",
        "view": "2060"
      }
    },
    {
      "type": "Feature",
      "geometry": {
        "type": "Polygon",
        "coordinates": [
          [
            [
              17.974479999999996,
              59.366240000000005
            ],
            [
              17.97608,
              59.366240000000005
            ],
            [
              17.97608,
              59.36784
            ],
            [
              17.974479999999996,
              59.36784
            ],
            [
              17.974479999999996,
              59.366240000000005
            ]
          ]
        ]
      },
      "properties": {
        "id": "fb60-Sundbyberg-39",
        "municipality": "Sundbyberg",
        "type": "flerbostadshus",
        "view": "2060"
      }
    },
    {
      "type": "Feature",
      "geometry": {
        "type": "Polygon",
        "coordinates": [
          [
            [
              17.962159999999997,
              59.368
            ],
            [
              17.96376,
              59.368
            ],
            [
              17.96376,
              59.3696
            ],
            [
              17.962159999999997,
              59.3696
            ],
            [
              17.962159999999997,
              59.368
            ]
          ]
        ]
      },
      "properties": {
        "id": "fb60-Sundbyberg-40",
        "municipality": "Sundbyberg",
        "type": "flerbostadshus",
        "view": "2060"
      }
    },
    {
      "type": "Feature",
      "geometry": {
        "type": "Polygon",
        "coordinates": [
          [
            [
              17.963919999999998,
              59.368
            ],
            [
              17.96552,
              59.368
            ],
            [
              17.96552,
              59.3696
            ],
            [
              17.963919999999998,
              59.3696
            ],
            [
              17.963919999999998,
              59.368
            ]
          ]
        ]
      },
      "properties": {
        "id": "fb60-Sundbyberg-41",
        "municipality": "Sundbyberg",
        "type": "flerbostadshus",
        "view": "2060"
      }
    },
    {
      "type": "Feature",
      "geometry": {
        "type": "Polygon",
        "coordinates": [
          [
            [
              17.965679999999995,
              59.368
            ],
            [
              17.96728,
              59.368
            ],
            [
              17.96728,
              59.3696
            ],
            [
              17.965679999999995,
              59.3696
            ],
            [
              17.965679999999995,
              59.368
            ]
          ]
        ]
      },
      "properties": {
        "id": "fb60-Sundbyberg-42",
        "municipality": "Sundbyberg",
        "type": "flerbostadshus",
        "view": "2060"
      }
    },
    {
      "type": "Feature",
      "geometry": {
        "type": "Polygon",
        "coordinates": [
          [
            [
              17.967439999999996,
              59.368
            ],
            [
              17.96904,
              59.368
            ],
            [
              17.96904,
              59.3696
            ],
            [
              17.967439999999996,
              59.3696
            ],
            [
              17.967439999999996,
              59.368
            ]
          ]
        ]
      },
      "properties": {
        "id": "fb60-Sundbyberg-43",
        "municipality": "Sundbyberg",
        "type": "flerbostadshus",
        "view": "2060"
      }
    },
    {
      "type": "Feature",
      "geometry": {
        "type": "Polygon",
        "coordinates": [
          [
            [
              17.969199999999997,
              59.368
            ],
            [
              17.9708,
              59.368
            ],
            [
              17.9708,
              59.3696
            ],
            [
              17.969199999999997,
              59.3696
            ],
            [
              17.969199999999997,
              59.368
            ]
          ]
        ]
      },
      "properties": {
        "id": "fb60-Sundbyberg-44",
        "municipality": "Sundbyberg",
        "type": "flerbostadshus",
        "view": "2060"
      }
    },
    {
      "type": "Feature",
      "geometry": {
        "type": "Polygon",
        "coordinates": [
          [
            [
              17.970959999999998,
              59.368
            ],
            [
              17.97256,
              59.368
            ],
            [
              17.97256,
              59.3696
            ],
            [
              17.970959999999998,
              59.3696
            ],
            [
              17.970959999999998,
              59.368
            ]
          ]
        ]
      },
      "properties": {
        "id": "fb60-Sundbyberg-45",
        "municipality": "Sundbyberg",
        "type": "flerbostadshus",
        "view": "2060"
      }
    },
    {
      "type": "Feature",
      "geometry": {
        "type": "Polygon",
        "coordinates": [
          [
            [
              17.97272,
              59.368
            ],
            [
              17.974320000000002,
              59.368
            ],
            [
              17.974320000000002,
              59.3696
            ],
            [
              17.97272,
              59.3696
            ],
            [
              17.97272,
              59.368
            ]
          ]
        ]
      },
      "properties": {
        "id": "fb60-Sundbyberg-46",
        "municipality": "Sundbyberg",
        "type": "flerbostadshus",
        "view": "2060"
      }
    },
    {
      "type": "Feature",
      "geometry": {
        "type": "Polygon",
        "coordinates": [
          [
            [
              17.974479999999996,
              59.368
            ],
            [
              17.97608,
              59.368
            ],
            [
              17.97608,
              59.3696
            ],
            [
              17.974479999999996,
              59.3696
            ],
            [
              17.974479999999996,
              59.368
            ]
          ]
        ]
      },
      "properties": {
        "id": "fb60-Sundbyberg-47",
        "municipality": "Sundbyberg",
        "type": "flerbostadshus",
        "view": "2060"
      }
    },
    {
      "type": "Feature",
      "geometry": {
        "type": "Polygon",
        "coordinates": [
          [
            [
              17.962159999999997,
              59.36976
            ],
            [
              17.96376,
              59.36976
            ],
            [
              17.96376,
              59.371359999999996
            ],
            [
              17.962159999999997,
              59.371359999999996
            ],
            [
              17.962159999999997,
              59.36976
            ]
          ]
        ]
      },
      "properties": {
        "id": "fb60-Sundbyberg-48",
        "municipality": "Sundbyberg",
        "type": "flerbostadshus",
        "view": "2060"
      }
    },
    {
      "type": "Feature",
      "geometry": {
        "type": "Polygon",
        "coordinates": [
          [
            [
              17.963919999999998,
              59.36976
            ],
            [
              17.96552,
              59.36976
            ],
            [
              17.96552,
              59.371359999999996
            ],
            [
              17.963919999999998,
              59.371359999999996
            ],
            [
              17.963919999999998,
              59.36976
            ]
          ]
        ]
      },
      "properties": {
        "id": "fb60-Sundbyberg-49",
        "municipality": "Sundbyberg",
        "type": "flerbostadshus",
        "view": "2060"
      }
    },
    {
      "type": "Feature",
      "geometry": {
        "type": "Polygon",
        "coordinates": [
          [
            [
              17.622159999999997,
              59.199200000000005
            ],
            [
              17.62376,
              59.199200000000005
            ],
            [
              17.62376,
              59.2008
            ],
            [
              17.622159999999997,
              59.2008
            ],
            [
              17.622159999999997,
              59.199200000000005
            ]
          ]
        ]
      },
      "properties": {
        "id": "fb60-Södertälje-0",
        "municipality": "Södertälje",
        "type": "flerbostadshus",
        "view": "2060"
      }
    },
    {
      "type": "Feature",
      "geometry": {
        "type": "Polygon",
        "coordinates": [
          [
            [
              17.62392,
              59.199200000000005
            ],
            [
              17.62552,
              59.199200000000005
            ],
            [
              17.62552,
              59.2008
            ],
            [
              17.62392,
              59.2008
            ],
            [
              17.62392,
              59.199200000000005
            ]
          ]
        ]
      },
      "properties": {
        "id": "fb60-Södertälje-1",
        "municipality": "Södertälje",
        "type": "flerbostadshus",
        "view": "2060"
      }
    },
    {
      "type": "Feature",
      "geometry": {
        "type": "Polygon",
        "coordinates": [
          [
            [
              17.625679999999996,
              59.199200000000005
            ],
            [
              17.62728,
              59.199200000000005
            ],
            [
              17.62728,
              59.2008
            ],
            [
              17.625679999999996,
              59.2008
            ],
            [
              17.625679999999996,
              59.199200000000005
            ]
          ]
        ]
      },
      "properties": {
        "id": "fb60-Södertälje-2",
        "municipality": "Södertälje",
        "type": "flerbostadshus",
        "view": "2060"
      }
    },
    {
      "type": "Feature",
      "geometry": {
        "type": "Polygon",
        "coordinates": [
          [
            [
              17.627439999999996,
              59.199200000000005
            ],
            [
              17.62904,
              59.199200000000005
            ],
            [
              17.62904,
              59.2008
            ],
            [
              17.627439999999996,
              59.2008
            ],
            [
              17.627439999999996,
              59.199200000000005
            ]
          ]
        ]
      },
      "properties": {
        "id": "fb60-Södertälje-3",
        "municipality": "Södertälje",
        "type": "flerbostadshus",
        "view": "2060"
      }
    },
    {
      "type": "Feature",
      "geometry": {
        "type": "Polygon",
        "coordinates": [
          [
            [
              17.629199999999997,
              59.199200000000005
            ],
            [
              17.6308,
              59.199200000000005
            ],
            [
              17.6308,
              59.2008
            ],
            [
              17.629199999999997,
              59.2008
            ],
            [
              17.629199999999997,
              59.199200000000005
            ]
          ]
        ]
      },
      "properties": {
        "id": "fb60-Södertälje-4",
        "municipality": "Södertälje",
        "type": "flerbostadshus",
        "view": "2060"
      }
    },
    {
      "type": "Feature",
      "geometry": {
        "type": "Polygon",
        "coordinates": [
          [
            [
              17.630959999999998,
              59.199200000000005
            ],
            [
              17.63256,
              59.199200000000005
            ],
            [
              17.63256,
              59.2008
            ],
            [
              17.630959999999998,
              59.2008
            ],
            [
              17.630959999999998,
              59.199200000000005
            ]
          ]
        ]
      },
      "properties": {
        "id": "fb60-Södertälje-5",
        "municipality": "Södertälje",
        "type": "flerbostadshus",
        "view": "2060"
      }
    },
    {
      "type": "Feature",
      "geometry": {
        "type": "Polygon",
        "coordinates": [
          [
            [
              17.63272,
              59.199200000000005
            ],
            [
              17.634320000000002,
              59.199200000000005
            ],
            [
              17.634320000000002,
              59.2008
            ],
            [
              17.63272,
              59.2008
            ],
            [
              17.63272,
              59.199200000000005
            ]
          ]
        ]
      },
      "properties": {
        "id": "fb60-Södertälje-6",
        "municipality": "Södertälje",
        "type": "flerbostadshus",
        "view": "2060"
      }
    },
    {
      "type": "Feature",
      "geometry": {
        "type": "Polygon",
        "coordinates": [
          [
            [
              17.634479999999996,
              59.199200000000005
            ],
            [
              17.63608,
              59.199200000000005
            ],
            [
              17.63608,
              59.2008
            ],
            [
              17.634479999999996,
              59.2008
            ],
            [
              17.634479999999996,
              59.199200000000005
            ]
          ]
        ]
      },
      "properties": {
        "id": "fb60-Södertälje-7",
        "municipality": "Södertälje",
        "type": "flerbostadshus",
        "view": "2060"
      }
    },
    {
      "type": "Feature",
      "geometry": {
        "type": "Polygon",
        "coordinates": [
          [
            [
              17.622159999999997,
              59.20096
            ],
            [
              17.62376,
              59.20096
            ],
            [
              17.62376,
              59.20256
            ],
            [
              17.622159999999997,
              59.20256
            ],
            [
              17.622159999999997,
              59.20096
            ]
          ]
        ]
      },
      "properties": {
        "id": "fb60-Södertälje-8",
        "municipality": "Södertälje",
        "type": "flerbostadshus",
        "view": "2060"
      }
    },
    {
      "type": "Feature",
      "geometry": {
        "type": "Polygon",
        "coordinates": [
          [
            [
              17.62392,
              59.20096
            ],
            [
              17.62552,
              59.20096
            ],
            [
              17.62552,
              59.20256
            ],
            [
              17.62392,
              59.20256
            ],
            [
              17.62392,
              59.20096
            ]
          ]
        ]
      },
      "properties": {
        "id": "fb60-Södertälje-9",
        "municipality": "Södertälje",
        "type": "flerbostadshus",
        "view": "2060"
      }
    },
    {
      "type": "Feature",
      "geometry": {
        "type": "Polygon",
        "coordinates": [
          [
            [
              17.625679999999996,
              59.20096
            ],
            [
              17.62728,
              59.20096
            ],
            [
              17.62728,
              59.20256
            ],
            [
              17.625679999999996,
              59.20256
            ],
            [
              17.625679999999996,
              59.20096
            ]
          ]
        ]
      },
      "properties": {
        "id": "fb60-Södertälje-10",
        "municipality": "Södertälje",
        "type": "flerbostadshus",
        "view": "2060"
      }
    },
    {
      "type": "Feature",
      "geometry": {
        "type": "Polygon",
        "coordinates": [
          [
            [
              17.627439999999996,
              59.20096
            ],
            [
              17.62904,
              59.20096
            ],
            [
              17.62904,
              59.20256
            ],
            [
              17.627439999999996,
              59.20256
            ],
            [
              17.627439999999996,
              59.20096
            ]
          ]
        ]
      },
      "properties": {
        "id": "fb60-Södertälje-11",
        "municipality": "Södertälje",
        "type": "flerbostadshus",
        "view": "2060"
      }
    },
    {
      "type": "Feature",
      "geometry": {
        "type": "Polygon",
        "coordinates": [
          [
            [
              17.629199999999997,
              59.20096
            ],
            [
              17.6308,
              59.20096
            ],
            [
              17.6308,
              59.20256
            ],
            [
              17.629199999999997,
              59.20256
            ],
            [
              17.629199999999997,
              59.20096
            ]
          ]
        ]
      },
      "properties": {
        "id": "fb60-Södertälje-12",
        "municipality": "Södertälje",
        "type": "flerbostadshus",
        "view": "2060"
      }
    },
    {
      "type": "Feature",
      "geometry": {
        "type": "Polygon",
        "coordinates": [
          [
            [
              17.630959999999998,
              59.20096
            ],
            [
              17.63256,
              59.20096
            ],
            [
              17.63256,
              59.20256
            ],
            [
              17.630959999999998,
              59.20256
            ],
            [
              17.630959999999998,
              59.20096
            ]
          ]
        ]
      },
      "properties": {
        "id": "fb60-Södertälje-13",
        "municipality": "Södertälje",
        "type": "flerbostadshus",
        "view": "2060"
      }
    },
    {
      "type": "Feature",
      "geometry": {
        "type": "Polygon",
        "coordinates": [
          [
            [
              17.63272,
              59.20096
            ],
            [
              17.634320000000002,
              59.20096
            ],
            [
              17.634320000000002,
              59.20256
            ],
            [
              17.63272,
              59.20256
            ],
            [
              17.63272,
              59.20096
            ]
          ]
        ]
      },
      "properties": {
        "id": "fb60-Södertälje-14",
        "municipality": "Södertälje",
        "type": "flerbostadshus",
        "view": "2060"
      }
    },
    {
      "type": "Feature",
      "geometry": {
        "type": "Polygon",
        "coordinates": [
          [
            [
              17.634479999999996,
              59.20096
            ],
            [
              17.63608,
              59.20096
            ],
            [
              17.63608,
              59.20256
            ],
            [
              17.634479999999996,
              59.20256
            ],
            [
              17.634479999999996,
              59.20096
            ]
          ]
        ]
      },
      "properties": {
        "id": "fb60-Södertälje-15",
        "municipality": "Södertälje",
        "type": "flerbostadshus",
        "view": "2060"
      }
    },
    {
      "type": "Feature",
      "geometry": {
        "type": "Polygon",
        "coordinates": [
          [
            [
              17.622159999999997,
              59.20272000000001
            ],
            [
              17.62376,
              59.20272000000001
            ],
            [
              17.62376,
              59.20432
            ],
            [
              17.622159999999997,
              59.20432
            ],
            [
              17.622159999999997,
              59.20272000000001
            ]
          ]
        ]
      },
      "properties": {
        "id": "fb60-Södertälje-16",
        "municipality": "Södertälje",
        "type": "flerbostadshus",
        "view": "2060"
      }
    },
    {
      "type": "Feature",
      "geometry": {
        "type": "Polygon",
        "coordinates": [
          [
            [
              17.62392,
              59.20272000000001
            ],
            [
              17.62552,
              59.20272000000001
            ],
            [
              17.62552,
              59.20432
            ],
            [
              17.62392,
              59.20432
            ],
            [
              17.62392,
              59.20272000000001
            ]
          ]
        ]
      },
      "properties": {
        "id": "fb60-Södertälje-17",
        "municipality": "Södertälje",
        "type": "flerbostadshus",
        "view": "2060"
      }
    },
    {
      "type": "Feature",
      "geometry": {
        "type": "Polygon",
        "coordinates": [
          [
            [
              17.625679999999996,
              59.20272000000001
            ],
            [
              17.62728,
              59.20272000000001
            ],
            [
              17.62728,
              59.20432
            ],
            [
              17.625679999999996,
              59.20432
            ],
            [
              17.625679999999996,
              59.20272000000001
            ]
          ]
        ]
      },
      "properties": {
        "id": "fb60-Södertälje-18",
        "municipality": "Södertälje",
        "type": "flerbostadshus",
        "view": "2060"
      }
    },
    {
      "type": "Feature",
      "geometry": {
        "type": "Polygon",
        "coordinates": [
          [
            [
              17.627439999999996,
              59.20272000000001
            ],
            [
              17.62904,
              59.20272000000001
            ],
            [
              17.62904,
              59.20432
            ],
            [
              17.627439999999996,
              59.20432
            ],
            [
              17.627439999999996,
              59.20272000000001
            ]
          ]
        ]
      },
      "properties": {
        "id": "fb60-Södertälje-19",
        "municipality": "Södertälje",
        "type": "flerbostadshus",
        "view": "2060"
      }
    },
    {
      "type": "Feature",
      "geometry": {
        "type": "Polygon",
        "coordinates": [
          [
            [
              17.629199999999997,
              59.20272000000001
            ],
            [
              17.6308,
              59.20272000000001
            ],
            [
              17.6308,
              59.20432
            ],
            [
              17.629199999999997,
              59.20432
            ],
            [
              17.629199999999997,
              59.20272000000001
            ]
          ]
        ]
      },
      "properties": {
        "id": "fb60-Södertälje-20",
        "municipality": "Södertälje",
        "type": "flerbostadshus",
        "view": "2060"
      }
    },
    {
      "type": "Feature",
      "geometry": {
        "type": "Polygon",
        "coordinates": [
          [
            [
              17.630959999999998,
              59.20272000000001
            ],
            [
              17.63256,
              59.20272000000001
            ],
            [
              17.63256,
              59.20432
            ],
            [
              17.630959999999998,
              59.20432
            ],
            [
              17.630959999999998,
              59.20272000000001
            ]
          ]
        ]
      },
      "properties": {
        "id": "fb60-Södertälje-21",
        "municipality": "Södertälje",
        "type": "flerbostadshus",
        "view": "2060"
      }
    },
    {
      "type": "Feature",
      "geometry": {
        "type": "Polygon",
        "coordinates": [
          [
            [
              17.63272,
              59.20272000000001
            ],
            [
              17.634320000000002,
              59.20272000000001
            ],
            [
              17.634320000000002,
              59.20432
            ],
            [
              17.63272,
              59.20432
            ],
            [
              17.63272,
              59.20272000000001
            ]
          ]
        ]
      },
      "properties": {
        "id": "fb60-Södertälje-22",
        "municipality": "Södertälje",
        "type": "flerbostadshus",
        "view": "2060"
      }
    },
    {
      "type": "Feature",
      "geometry": {
        "type": "Polygon",
        "coordinates": [
          [
            [
              17.634479999999996,
              59.20272000000001
            ],
            [
              17.63608,
              59.20272000000001
            ],
            [
              17.63608,
              59.20432
            ],
            [
              17.634479999999996,
              59.20432
            ],
            [
              17.634479999999996,
              59.20272000000001
            ]
          ]
        ]
      },
      "properties": {
        "id": "fb60-Södertälje-23",
        "municipality": "Södertälje",
        "type": "flerbostadshus",
        "view": "2060"
      }
    },
    {
      "type": "Feature",
      "geometry": {
        "type": "Polygon",
        "coordinates": [
          [
            [
              17.622159999999997,
              59.204480000000004
            ],
            [
              17.62376,
              59.204480000000004
            ],
            [
              17.62376,
              59.20608
            ],
            [
              17.622159999999997,
              59.20608
            ],
            [
              17.622159999999997,
              59.204480000000004
            ]
          ]
        ]
      },
      "properties": {
        "id": "fb60-Södertälje-24",
        "municipality": "Södertälje",
        "type": "flerbostadshus",
        "view": "2060"
      }
    },
    {
      "type": "Feature",
      "geometry": {
        "type": "Polygon",
        "coordinates": [
          [
            [
              17.62392,
              59.204480000000004
            ],
            [
              17.62552,
              59.204480000000004
            ],
            [
              17.62552,
              59.20608
            ],
            [
              17.62392,
              59.20608
            ],
            [
              17.62392,
              59.204480000000004
            ]
          ]
        ]
      },
      "properties": {
        "id": "fb60-Södertälje-25",
        "municipality": "Södertälje",
        "type": "flerbostadshus",
        "view": "2060"
      }
    },
    {
      "type": "Feature",
      "geometry": {
        "type": "Polygon",
        "coordinates": [
          [
            [
              17.625679999999996,
              59.204480000000004
            ],
            [
              17.62728,
              59.204480000000004
            ],
            [
              17.62728,
              59.20608
            ],
            [
              17.625679999999996,
              59.20608
            ],
            [
              17.625679999999996,
              59.204480000000004
            ]
          ]
        ]
      },
      "properties": {
        "id": "fb60-Södertälje-26",
        "municipality": "Södertälje",
        "type": "flerbostadshus",
        "view": "2060"
      }
    },
    {
      "type": "Feature",
      "geometry": {
        "type": "Polygon",
        "coordinates": [
          [
            [
              17.627439999999996,
              59.204480000000004
            ],
            [
              17.62904,
              59.204480000000004
            ],
            [
              17.62904,
              59.20608
            ],
            [
              17.627439999999996,
              59.20608
            ],
            [
              17.627439999999996,
              59.204480000000004
            ]
          ]
        ]
      },
      "properties": {
        "id": "fb60-Södertälje-27",
        "municipality": "Södertälje",
        "type": "flerbostadshus",
        "view": "2060"
      }
    },
    {
      "type": "Feature",
      "geometry": {
        "type": "Polygon",
        "coordinates": [
          [
            [
              17.629199999999997,
              59.204480000000004
            ],
            [
              17.6308,
              59.204480000000004
            ],
            [
              17.6308,
              59.20608
            ],
            [
              17.629199999999997,
              59.20608
            ],
            [
              17.629199999999997,
              59.204480000000004
            ]
          ]
        ]
      },
      "properties": {
        "id": "fb60-Södertälje-28",
        "municipality": "Södertälje",
        "type": "flerbostadshus",
        "view": "2060"
      }
    },
    {
      "type": "Feature",
      "geometry": {
        "type": "Polygon",
        "coordinates": [
          [
            [
              17.630959999999998,
              59.204480000000004
            ],
            [
              17.63256,
              59.204480000000004
            ],
            [
              17.63256,
              59.20608
            ],
            [
              17.630959999999998,
              59.20608
            ],
            [
              17.630959999999998,
              59.204480000000004
            ]
          ]
        ]
      },
      "properties": {
        "id": "fb60-Södertälje-29",
        "municipality": "Södertälje",
        "type": "flerbostadshus",
        "view": "2060"
      }
    },
    {
      "type": "Feature",
      "geometry": {
        "type": "Polygon",
        "coordinates": [
          [
            [
              17.63272,
              59.204480000000004
            ],
            [
              17.634320000000002,
              59.204480000000004
            ],
            [
              17.634320000000002,
              59.20608
            ],
            [
              17.63272,
              59.20608
            ],
            [
              17.63272,
              59.204480000000004
            ]
          ]
        ]
      },
      "properties": {
        "id": "fb60-Södertälje-30",
        "municipality": "Södertälje",
        "type": "flerbostadshus",
        "view": "2060"
      }
    },
    {
      "type": "Feature",
      "geometry": {
        "type": "Polygon",
        "coordinates": [
          [
            [
              17.634479999999996,
              59.204480000000004
            ],
            [
              17.63608,
              59.204480000000004
            ],
            [
              17.63608,
              59.20608
            ],
            [
              17.634479999999996,
              59.20608
            ],
            [
              17.634479999999996,
              59.204480000000004
            ]
          ]
        ]
      },
      "properties": {
        "id": "fb60-Södertälje-31",
        "municipality": "Södertälje",
        "type": "flerbostadshus",
        "view": "2060"
      }
    },
    {
      "type": "Feature",
      "geometry": {
        "type": "Polygon",
        "coordinates": [
          [
            [
              17.622159999999997,
              59.20624000000001
            ],
            [
              17.62376,
              59.20624000000001
            ],
            [
              17.62376,
              59.207840000000004
            ],
            [
              17.622159999999997,
              59.207840000000004
            ],
            [
              17.622159999999997,
              59.20624000000001
            ]
          ]
        ]
      },
      "properties": {
        "id": "fb60-Södertälje-32",
        "municipality": "Södertälje",
        "type": "flerbostadshus",
        "view": "2060"
      }
    },
    {
      "type": "Feature",
      "geometry": {
        "type": "Polygon",
        "coordinates": [
          [
            [
              17.62392,
              59.20624000000001
            ],
            [
              17.62552,
              59.20624000000001
            ],
            [
              17.62552,
              59.207840000000004
            ],
            [
              17.62392,
              59.207840000000004
            ],
            [
              17.62392,
              59.20624000000001
            ]
          ]
        ]
      },
      "properties": {
        "id": "fb60-Södertälje-33",
        "municipality": "Södertälje",
        "type": "flerbostadshus",
        "view": "2060"
      }
    },
    {
      "type": "Feature",
      "geometry": {
        "type": "Polygon",
        "coordinates": [
          [
            [
              17.625679999999996,
              59.20624000000001
            ],
            [
              17.62728,
              59.20624000000001
            ],
            [
              17.62728,
              59.207840000000004
            ],
            [
              17.625679999999996,
              59.207840000000004
            ],
            [
              17.625679999999996,
              59.20624000000001
            ]
          ]
        ]
      },
      "properties": {
        "id": "fb60-Södertälje-34",
        "municipality": "Södertälje",
        "type": "flerbostadshus",
        "view": "2060"
      }
    },
    {
      "type": "Feature",
      "geometry": {
        "type": "Polygon",
        "coordinates": [
          [
            [
              17.627439999999996,
              59.20624000000001
            ],
            [
              17.62904,
              59.20624000000001
            ],
            [
              17.62904,
              59.207840000000004
            ],
            [
              17.627439999999996,
              59.207840000000004
            ],
            [
              17.627439999999996,
              59.20624000000001
            ]
          ]
        ]
      },
      "properties": {
        "id": "fb60-Södertälje-35",
        "municipality": "Södertälje",
        "type": "flerbostadshus",
        "view": "2060"
      }
    },
    {
      "type": "Feature",
      "geometry": {
        "type": "Polygon",
        "coordinates": [
          [
            [
              17.629199999999997,
              59.20624000000001
            ],
            [
              17.6308,
              59.20624000000001
            ],
            [
              17.6308,
              59.207840000000004
            ],
            [
              17.629199999999997,
              59.207840000000004
            ],
            [
              17.629199999999997,
              59.20624000000001
            ]
          ]
        ]
      },
      "properties": {
        "id": "fb60-Södertälje-36",
        "municipality": "Södertälje",
        "type": "flerbostadshus",
        "view": "2060"
      }
    },
    {
      "type": "Feature",
      "geometry": {
        "type": "Polygon",
        "coordinates": [
          [
            [
              17.630959999999998,
              59.20624000000001
            ],
            [
              17.63256,
              59.20624000000001
            ],
            [
              17.63256,
              59.207840000000004
            ],
            [
              17.630959999999998,
              59.207840000000004
            ],
            [
              17.630959999999998,
              59.20624000000001
            ]
          ]
        ]
      },
      "properties": {
        "id": "fb60-Södertälje-37",
        "municipality": "Södertälje",
        "type": "flerbostadshus",
        "view": "2060"
      }
    },
    {
      "type": "Feature",
      "geometry": {
        "type": "Polygon",
        "coordinates": [
          [
            [
              17.63272,
              59.20624000000001
            ],
            [
              17.634320000000002,
              59.20624000000001
            ],
            [
              17.634320000000002,
              59.207840000000004
            ],
            [
              17.63272,
              59.207840000000004
            ],
            [
              17.63272,
              59.20624000000001
            ]
          ]
        ]
      },
      "properties": {
        "id": "fb60-Södertälje-38",
        "municipality": "Södertälje",
        "type": "flerbostadshus",
        "view": "2060"
      }
    },
    {
      "type": "Feature",
      "geometry": {
        "type": "Polygon",
        "coordinates": [
          [
            [
              17.634479999999996,
              59.20624000000001
            ],
            [
              17.63608,
              59.20624000000001
            ],
            [
              17.63608,
              59.207840000000004
            ],
            [
              17.634479999999996,
              59.207840000000004
            ],
            [
              17.634479999999996,
              59.20624000000001
            ]
          ]
        ]
      },
      "properties": {
        "id": "fb60-Södertälje-39",
        "municipality": "Södertälje",
        "type": "flerbostadshus",
        "view": "2060"
      }
    },
    {
      "type": "Feature",
      "geometry": {
        "type": "Polygon",
        "coordinates": [
          [
            [
              17.622159999999997,
              59.208000000000006
            ],
            [
              17.62376,
              59.208000000000006
            ],
            [
              17.62376,
              59.2096
            ],
            [
              17.622159999999997,
              59.2096
            ],
            [
              17.622159999999997,
              59.208000000000006
            ]
          ]
        ]
      },
      "properties": {
        "id": "fb60-Södertälje-40",
        "municipality": "Södertälje",
        "type": "flerbostadshus",
        "view": "2060"
      }
    },
    {
      "type": "Feature",
      "geometry": {
        "type": "Polygon",
        "coordinates": [
          [
            [
              17.62392,
              59.208000000000006
            ],
            [
              17.62552,
              59.208000000000006
            ],
            [
              17.62552,
              59.2096
            ],
            [
              17.62392,
              59.2096
            ],
            [
              17.62392,
              59.208000000000006
            ]
          ]
        ]
      },
      "properties": {
        "id": "fb60-Södertälje-41",
        "municipality": "Södertälje",
        "type": "flerbostadshus",
        "view": "2060"
      }
    },
    {
      "type": "Feature",
      "geometry": {
        "type": "Polygon",
        "coordinates": [
          [
            [
              17.625679999999996,
              59.208000000000006
            ],
            [
              17.62728,
              59.208000000000006
            ],
            [
              17.62728,
              59.2096
            ],
            [
              17.625679999999996,
              59.2096
            ],
            [
              17.625679999999996,
              59.208000000000006
            ]
          ]
        ]
      },
      "properties": {
        "id": "fb60-Södertälje-42",
        "municipality": "Södertälje",
        "type": "flerbostadshus",
        "view": "2060"
      }
    },
    {
      "type": "Feature",
      "geometry": {
        "type": "Polygon",
        "coordinates": [
          [
            [
              17.627439999999996,
              59.208000000000006
            ],
            [
              17.62904,
              59.208000000000006
            ],
            [
              17.62904,
              59.2096
            ],
            [
              17.627439999999996,
              59.2096
            ],
            [
              17.627439999999996,
              59.208000000000006
            ]
          ]
        ]
      },
      "properties": {
        "id": "fb60-Södertälje-43",
        "municipality": "Södertälje",
        "type": "flerbostadshus",
        "view": "2060"
      }
    },
    {
      "type": "Feature",
      "geometry": {
        "type": "Polygon",
        "coordinates": [
          [
            [
              17.629199999999997,
              59.208000000000006
            ],
            [
              17.6308,
              59.208000000000006
            ],
            [
              17.6308,
              59.2096
            ],
            [
              17.629199999999997,
              59.2096
            ],
            [
              17.629199999999997,
              59.208000000000006
            ]
          ]
        ]
      },
      "properties": {
        "id": "fb60-Södertälje-44",
        "municipality": "Södertälje",
        "type": "flerbostadshus",
        "view": "2060"
      }
    },
    {
      "type": "Feature",
      "geometry": {
        "type": "Polygon",
        "coordinates": [
          [
            [
              17.630959999999998,
              59.208000000000006
            ],
            [
              17.63256,
              59.208000000000006
            ],
            [
              17.63256,
              59.2096
            ],
            [
              17.630959999999998,
              59.2096
            ],
            [
              17.630959999999998,
              59.208000000000006
            ]
          ]
        ]
      },
      "properties": {
        "id": "fb60-Södertälje-45",
        "municipality": "Södertälje",
        "type": "flerbostadshus",
        "view": "2060"
      }
    },
    {
      "type": "Feature",
      "geometry": {
        "type": "Polygon",
        "coordinates": [
          [
            [
              17.63272,
              59.208000000000006
            ],
            [
              17.634320000000002,
              59.208000000000006
            ],
            [
              17.634320000000002,
              59.2096
            ],
            [
              17.63272,
              59.2096
            ],
            [
              17.63272,
              59.208000000000006
            ]
          ]
        ]
      },
      "properties": {
        "id": "fb60-Södertälje-46",
        "municipality": "Södertälje",
        "type": "flerbostadshus",
        "view": "2060"
      }
    },
    {
      "type": "Feature",
      "geometry": {
        "type": "Polygon",
        "coordinates": [
          [
            [
              17.634479999999996,
              59.208000000000006
            ],
            [
              17.63608,
              59.208000000000006
            ],
            [
              17.63608,
              59.2096
            ],
            [
              17.634479999999996,
              59.2096
            ],
            [
              17.634479999999996,
              59.208000000000006
            ]
          ]
        ]
      },
      "properties": {
        "id": "fb60-Södertälje-47",
        "municipality": "Södertälje",
        "type": "flerbostadshus",
        "view": "2060"
      }
    },
    {
      "type": "Feature",
      "geometry": {
        "type": "Polygon",
        "coordinates": [
          [
            [
              17.622159999999997,
              59.20976
            ],
            [
              17.62376,
              59.20976
            ],
            [
              17.62376,
              59.21136
            ],
            [
              17.622159999999997,
              59.21136
            ],
            [
              17.622159999999997,
              59.20976
            ]
          ]
        ]
      },
      "properties": {
        "id": "fb60-Södertälje-48",
        "municipality": "Södertälje",
        "type": "flerbostadshus",
        "view": "2060"
      }
    },
    {
      "type": "Feature",
      "geometry": {
        "type": "Polygon",
        "coordinates": [
          [
            [
              18.22216,
              59.239200000000004
            ],
            [
              18.223760000000002,
              59.239200000000004
            ],
            [
              18.223760000000002,
              59.2408
            ],
            [
              18.22216,
              59.2408
            ],
            [
              18.22216,
              59.239200000000004
            ]
          ]
        ]
      },
      "properties": {
        "id": "fb60-Tyresö-0",
        "municipality": "Tyresö",
        "type": "flerbostadshus",
        "view": "2060"
      }
    },
    {
      "type": "Feature",
      "geometry": {
        "type": "Polygon",
        "coordinates": [
          [
            [
              18.22392,
              59.239200000000004
            ],
            [
              18.225520000000003,
              59.239200000000004
            ],
            [
              18.225520000000003,
              59.2408
            ],
            [
              18.22392,
              59.2408
            ],
            [
              18.22392,
              59.239200000000004
            ]
          ]
        ]
      },
      "properties": {
        "id": "fb60-Tyresö-1",
        "municipality": "Tyresö",
        "type": "flerbostadshus",
        "view": "2060"
      }
    },
    {
      "type": "Feature",
      "geometry": {
        "type": "Polygon",
        "coordinates": [
          [
            [
              18.225679999999997,
              59.239200000000004
            ],
            [
              18.22728,
              59.239200000000004
            ],
            [
              18.22728,
              59.2408
            ],
            [
              18.225679999999997,
              59.2408
            ],
            [
              18.225679999999997,
              59.239200000000004
            ]
          ]
        ]
      },
      "properties": {
        "id": "fb60-Tyresö-2",
        "municipality": "Tyresö",
        "type": "flerbostadshus",
        "view": "2060"
      }
    },
    {
      "type": "Feature",
      "geometry": {
        "type": "Polygon",
        "coordinates": [
          [
            [
              18.227439999999998,
              59.239200000000004
            ],
            [
              18.22904,
              59.239200000000004
            ],
            [
              18.22904,
              59.2408
            ],
            [
              18.227439999999998,
              59.2408
            ],
            [
              18.227439999999998,
              59.239200000000004
            ]
          ]
        ]
      },
      "properties": {
        "id": "fb60-Tyresö-3",
        "municipality": "Tyresö",
        "type": "flerbostadshus",
        "view": "2060"
      }
    },
    {
      "type": "Feature",
      "geometry": {
        "type": "Polygon",
        "coordinates": [
          [
            [
              18.2292,
              59.239200000000004
            ],
            [
              18.230800000000002,
              59.239200000000004
            ],
            [
              18.230800000000002,
              59.2408
            ],
            [
              18.2292,
              59.2408
            ],
            [
              18.2292,
              59.239200000000004
            ]
          ]
        ]
      },
      "properties": {
        "id": "fb60-Tyresö-4",
        "municipality": "Tyresö",
        "type": "flerbostadshus",
        "view": "2060"
      }
    },
    {
      "type": "Feature",
      "geometry": {
        "type": "Polygon",
        "coordinates": [
          [
            [
              18.23096,
              59.239200000000004
            ],
            [
              18.232560000000003,
              59.239200000000004
            ],
            [
              18.232560000000003,
              59.2408
            ],
            [
              18.23096,
              59.2408
            ],
            [
              18.23096,
              59.239200000000004
            ]
          ]
        ]
      },
      "properties": {
        "id": "fb60-Tyresö-5",
        "municipality": "Tyresö",
        "type": "flerbostadshus",
        "view": "2060"
      }
    },
    {
      "type": "Feature",
      "geometry": {
        "type": "Polygon",
        "coordinates": [
          [
            [
              18.23272,
              59.239200000000004
            ],
            [
              18.234320000000004,
              59.239200000000004
            ],
            [
              18.234320000000004,
              59.2408
            ],
            [
              18.23272,
              59.2408
            ],
            [
              18.23272,
              59.239200000000004
            ]
          ]
        ]
      },
      "properties": {
        "id": "fb60-Tyresö-6",
        "municipality": "Tyresö",
        "type": "flerbostadshus",
        "view": "2060"
      }
    },
    {
      "type": "Feature",
      "geometry": {
        "type": "Polygon",
        "coordinates": [
          [
            [
              18.234479999999998,
              59.239200000000004
            ],
            [
              18.23608,
              59.239200000000004
            ],
            [
              18.23608,
              59.2408
            ],
            [
              18.234479999999998,
              59.2408
            ],
            [
              18.234479999999998,
              59.239200000000004
            ]
          ]
        ]
      },
      "properties": {
        "id": "fb60-Tyresö-7",
        "municipality": "Tyresö",
        "type": "flerbostadshus",
        "view": "2060"
      }
    },
    {
      "type": "Feature",
      "geometry": {
        "type": "Polygon",
        "coordinates": [
          [
            [
              18.22216,
              59.24096
            ],
            [
              18.223760000000002,
              59.24096
            ],
            [
              18.223760000000002,
              59.24256
            ],
            [
              18.22216,
              59.24256
            ],
            [
              18.22216,
              59.24096
            ]
          ]
        ]
      },
      "properties": {
        "id": "fb60-Tyresö-8",
        "municipality": "Tyresö",
        "type": "flerbostadshus",
        "view": "2060"
      }
    },
    {
      "type": "Feature",
      "geometry": {
        "type": "Polygon",
        "coordinates": [
          [
            [
              18.22392,
              59.24096
            ],
            [
              18.225520000000003,
              59.24096
            ],
            [
              18.225520000000003,
              59.24256
            ],
            [
              18.22392,
              59.24256
            ],
            [
              18.22392,
              59.24096
            ]
          ]
        ]
      },
      "properties": {
        "id": "fb60-Tyresö-9",
        "municipality": "Tyresö",
        "type": "flerbostadshus",
        "view": "2060"
      }
    },
    {
      "type": "Feature",
      "geometry": {
        "type": "Polygon",
        "coordinates": [
          [
            [
              18.225679999999997,
              59.24096
            ],
            [
              18.22728,
              59.24096
            ],
            [
              18.22728,
              59.24256
            ],
            [
              18.225679999999997,
              59.24256
            ],
            [
              18.225679999999997,
              59.24096
            ]
          ]
        ]
      },
      "properties": {
        "id": "fb60-Tyresö-10",
        "municipality": "Tyresö",
        "type": "flerbostadshus",
        "view": "2060"
      }
    },
    {
      "type": "Feature",
      "geometry": {
        "type": "Polygon",
        "coordinates": [
          [
            [
              18.227439999999998,
              59.24096
            ],
            [
              18.22904,
              59.24096
            ],
            [
              18.22904,
              59.24256
            ],
            [
              18.227439999999998,
              59.24256
            ],
            [
              18.227439999999998,
              59.24096
            ]
          ]
        ]
      },
      "properties": {
        "id": "fb60-Tyresö-11",
        "municipality": "Tyresö",
        "type": "flerbostadshus",
        "view": "2060"
      }
    },
    {
      "type": "Feature",
      "geometry": {
        "type": "Polygon",
        "coordinates": [
          [
            [
              18.2292,
              59.24096
            ],
            [
              18.230800000000002,
              59.24096
            ],
            [
              18.230800000000002,
              59.24256
            ],
            [
              18.2292,
              59.24256
            ],
            [
              18.2292,
              59.24096
            ]
          ]
        ]
      },
      "properties": {
        "id": "fb60-Tyresö-12",
        "municipality": "Tyresö",
        "type": "flerbostadshus",
        "view": "2060"
      }
    },
    {
      "type": "Feature",
      "geometry": {
        "type": "Polygon",
        "coordinates": [
          [
            [
              18.23096,
              59.24096
            ],
            [
              18.232560000000003,
              59.24096
            ],
            [
              18.232560000000003,
              59.24256
            ],
            [
              18.23096,
              59.24256
            ],
            [
              18.23096,
              59.24096
            ]
          ]
        ]
      },
      "properties": {
        "id": "fb60-Tyresö-13",
        "municipality": "Tyresö",
        "type": "flerbostadshus",
        "view": "2060"
      }
    },
    {
      "type": "Feature",
      "geometry": {
        "type": "Polygon",
        "coordinates": [
          [
            [
              18.23272,
              59.24096
            ],
            [
              18.234320000000004,
              59.24096
            ],
            [
              18.234320000000004,
              59.24256
            ],
            [
              18.23272,
              59.24256
            ],
            [
              18.23272,
              59.24096
            ]
          ]
        ]
      },
      "properties": {
        "id": "fb60-Tyresö-14",
        "municipality": "Tyresö",
        "type": "flerbostadshus",
        "view": "2060"
      }
    },
    {
      "type": "Feature",
      "geometry": {
        "type": "Polygon",
        "coordinates": [
          [
            [
              18.234479999999998,
              59.24096
            ],
            [
              18.23608,
              59.24096
            ],
            [
              18.23608,
              59.24256
            ],
            [
              18.234479999999998,
              59.24256
            ],
            [
              18.234479999999998,
              59.24096
            ]
          ]
        ]
      },
      "properties": {
        "id": "fb60-Tyresö-15",
        "municipality": "Tyresö",
        "type": "flerbostadshus",
        "view": "2060"
      }
    },
    {
      "type": "Feature",
      "geometry": {
        "type": "Polygon",
        "coordinates": [
          [
            [
              18.22216,
              59.242720000000006
            ],
            [
              18.223760000000002,
              59.242720000000006
            ],
            [
              18.223760000000002,
              59.24432
            ],
            [
              18.22216,
              59.24432
            ],
            [
              18.22216,
              59.242720000000006
            ]
          ]
        ]
      },
      "properties": {
        "id": "fb60-Tyresö-16",
        "municipality": "Tyresö",
        "type": "flerbostadshus",
        "view": "2060"
      }
    },
    {
      "type": "Feature",
      "geometry": {
        "type": "Polygon",
        "coordinates": [
          [
            [
              18.22392,
              59.242720000000006
            ],
            [
              18.225520000000003,
              59.242720000000006
            ],
            [
              18.225520000000003,
              59.24432
            ],
            [
              18.22392,
              59.24432
            ],
            [
              18.22392,
              59.242720000000006
            ]
          ]
        ]
      },
      "properties": {
        "id": "fb60-Tyresö-17",
        "municipality": "Tyresö",
        "type": "flerbostadshus",
        "view": "2060"
      }
    },
    {
      "type": "Feature",
      "geometry": {
        "type": "Polygon",
        "coordinates": [
          [
            [
              18.06216,
              59.4392
            ],
            [
              18.063760000000002,
              59.4392
            ],
            [
              18.063760000000002,
              59.440799999999996
            ],
            [
              18.06216,
              59.440799999999996
            ],
            [
              18.06216,
              59.4392
            ]
          ]
        ]
      },
      "properties": {
        "id": "fb60-Täby-0",
        "municipality": "Täby",
        "type": "flerbostadshus",
        "view": "2060"
      }
    },
    {
      "type": "Feature",
      "geometry": {
        "type": "Polygon",
        "coordinates": [
          [
            [
              18.06392,
              59.4392
            ],
            [
              18.065520000000003,
              59.4392
            ],
            [
              18.065520000000003,
              59.440799999999996
            ],
            [
              18.06392,
              59.440799999999996
            ],
            [
              18.06392,
              59.4392
            ]
          ]
        ]
      },
      "properties": {
        "id": "fb60-Täby-1",
        "municipality": "Täby",
        "type": "flerbostadshus",
        "view": "2060"
      }
    },
    {
      "type": "Feature",
      "geometry": {
        "type": "Polygon",
        "coordinates": [
          [
            [
              18.065679999999997,
              59.4392
            ],
            [
              18.06728,
              59.4392
            ],
            [
              18.06728,
              59.440799999999996
            ],
            [
              18.065679999999997,
              59.440799999999996
            ],
            [
              18.065679999999997,
              59.4392
            ]
          ]
        ]
      },
      "properties": {
        "id": "fb60-Täby-2",
        "municipality": "Täby",
        "type": "flerbostadshus",
        "view": "2060"
      }
    },
    {
      "type": "Feature",
      "geometry": {
        "type": "Polygon",
        "coordinates": [
          [
            [
              18.067439999999998,
              59.4392
            ],
            [
              18.06904,
              59.4392
            ],
            [
              18.06904,
              59.440799999999996
            ],
            [
              18.067439999999998,
              59.440799999999996
            ],
            [
              18.067439999999998,
              59.4392
            ]
          ]
        ]
      },
      "properties": {
        "id": "fb60-Täby-3",
        "municipality": "Täby",
        "type": "flerbostadshus",
        "view": "2060"
      }
    },
    {
      "type": "Feature",
      "geometry": {
        "type": "Polygon",
        "coordinates": [
          [
            [
              18.0692,
              59.4392
            ],
            [
              18.070800000000002,
              59.4392
            ],
            [
              18.070800000000002,
              59.440799999999996
            ],
            [
              18.0692,
              59.440799999999996
            ],
            [
              18.0692,
              59.4392
            ]
          ]
        ]
      },
      "properties": {
        "id": "fb60-Täby-4",
        "municipality": "Täby",
        "type": "flerbostadshus",
        "view": "2060"
      }
    },
    {
      "type": "Feature",
      "geometry": {
        "type": "Polygon",
        "coordinates": [
          [
            [
              18.07096,
              59.4392
            ],
            [
              18.072560000000003,
              59.4392
            ],
            [
              18.072560000000003,
              59.440799999999996
            ],
            [
              18.07096,
              59.440799999999996
            ],
            [
              18.07096,
              59.4392
            ]
          ]
        ]
      },
      "properties": {
        "id": "fb60-Täby-5",
        "municipality": "Täby",
        "type": "flerbostadshus",
        "view": "2060"
      }
    },
    {
      "type": "Feature",
      "geometry": {
        "type": "Polygon",
        "coordinates": [
          [
            [
              18.07272,
              59.4392
            ],
            [
              18.074320000000004,
              59.4392
            ],
            [
              18.074320000000004,
              59.440799999999996
            ],
            [
              18.07272,
              59.440799999999996
            ],
            [
              18.07272,
              59.4392
            ]
          ]
        ]
      },
      "properties": {
        "id": "fb60-Täby-6",
        "municipality": "Täby",
        "type": "flerbostadshus",
        "view": "2060"
      }
    },
    {
      "type": "Feature",
      "geometry": {
        "type": "Polygon",
        "coordinates": [
          [
            [
              18.074479999999998,
              59.4392
            ],
            [
              18.07608,
              59.4392
            ],
            [
              18.07608,
              59.440799999999996
            ],
            [
              18.074479999999998,
              59.440799999999996
            ],
            [
              18.074479999999998,
              59.4392
            ]
          ]
        ]
      },
      "properties": {
        "id": "fb60-Täby-7",
        "municipality": "Täby",
        "type": "flerbostadshus",
        "view": "2060"
      }
    },
    {
      "type": "Feature",
      "geometry": {
        "type": "Polygon",
        "coordinates": [
          [
            [
              18.06216,
              59.44096
            ],
            [
              18.063760000000002,
              59.44096
            ],
            [
              18.063760000000002,
              59.44255999999999
            ],
            [
              18.06216,
              59.44255999999999
            ],
            [
              18.06216,
              59.44096
            ]
          ]
        ]
      },
      "properties": {
        "id": "fb60-Täby-8",
        "municipality": "Täby",
        "type": "flerbostadshus",
        "view": "2060"
      }
    },
    {
      "type": "Feature",
      "geometry": {
        "type": "Polygon",
        "coordinates": [
          [
            [
              18.06392,
              59.44096
            ],
            [
              18.065520000000003,
              59.44096
            ],
            [
              18.065520000000003,
              59.44255999999999
            ],
            [
              18.06392,
              59.44255999999999
            ],
            [
              18.06392,
              59.44096
            ]
          ]
        ]
      },
      "properties": {
        "id": "fb60-Täby-9",
        "municipality": "Täby",
        "type": "flerbostadshus",
        "view": "2060"
      }
    },
    {
      "type": "Feature",
      "geometry": {
        "type": "Polygon",
        "coordinates": [
          [
            [
              18.065679999999997,
              59.44096
            ],
            [
              18.06728,
              59.44096
            ],
            [
              18.06728,
              59.44255999999999
            ],
            [
              18.065679999999997,
              59.44255999999999
            ],
            [
              18.065679999999997,
              59.44096
            ]
          ]
        ]
      },
      "properties": {
        "id": "fb60-Täby-10",
        "municipality": "Täby",
        "type": "flerbostadshus",
        "view": "2060"
      }
    },
    {
      "type": "Feature",
      "geometry": {
        "type": "Polygon",
        "coordinates": [
          [
            [
              18.067439999999998,
              59.44096
            ],
            [
              18.06904,
              59.44096
            ],
            [
              18.06904,
              59.44255999999999
            ],
            [
              18.067439999999998,
              59.44255999999999
            ],
            [
              18.067439999999998,
              59.44096
            ]
          ]
        ]
      },
      "properties": {
        "id": "fb60-Täby-11",
        "municipality": "Täby",
        "type": "flerbostadshus",
        "view": "2060"
      }
    },
    {
      "type": "Feature",
      "geometry": {
        "type": "Polygon",
        "coordinates": [
          [
            [
              18.0692,
              59.44096
            ],
            [
              18.070800000000002,
              59.44096
            ],
            [
              18.070800000000002,
              59.44255999999999
            ],
            [
              18.0692,
              59.44255999999999
            ],
            [
              18.0692,
              59.44096
            ]
          ]
        ]
      },
      "properties": {
        "id": "fb60-Täby-12",
        "municipality": "Täby",
        "type": "flerbostadshus",
        "view": "2060"
      }
    },
    {
      "type": "Feature",
      "geometry": {
        "type": "Polygon",
        "coordinates": [
          [
            [
              18.07096,
              59.44096
            ],
            [
              18.072560000000003,
              59.44096
            ],
            [
              18.072560000000003,
              59.44255999999999
            ],
            [
              18.07096,
              59.44255999999999
            ],
            [
              18.07096,
              59.44096
            ]
          ]
        ]
      },
      "properties": {
        "id": "fb60-Täby-13",
        "municipality": "Täby",
        "type": "flerbostadshus",
        "view": "2060"
      }
    },
    {
      "type": "Feature",
      "geometry": {
        "type": "Polygon",
        "coordinates": [
          [
            [
              18.07272,
              59.44096
            ],
            [
              18.074320000000004,
              59.44096
            ],
            [
              18.074320000000004,
              59.44255999999999
            ],
            [
              18.07272,
              59.44255999999999
            ],
            [
              18.07272,
              59.44096
            ]
          ]
        ]
      },
      "properties": {
        "id": "fb60-Täby-14",
        "municipality": "Täby",
        "type": "flerbostadshus",
        "view": "2060"
      }
    },
    {
      "type": "Feature",
      "geometry": {
        "type": "Polygon",
        "coordinates": [
          [
            [
              18.074479999999998,
              59.44096
            ],
            [
              18.07608,
              59.44096
            ],
            [
              18.07608,
              59.44255999999999
            ],
            [
              18.074479999999998,
              59.44255999999999
            ],
            [
              18.074479999999998,
              59.44096
            ]
          ]
        ]
      },
      "properties": {
        "id": "fb60-Täby-15",
        "municipality": "Täby",
        "type": "flerbostadshus",
        "view": "2060"
      }
    },
    {
      "type": "Feature",
      "geometry": {
        "type": "Polygon",
        "coordinates": [
          [
            [
              18.06216,
              59.44272
            ],
            [
              18.063760000000002,
              59.44272
            ],
            [
              18.063760000000002,
              59.44432
            ],
            [
              18.06216,
              59.44432
            ],
            [
              18.06216,
              59.44272
            ]
          ]
        ]
      },
      "properties": {
        "id": "fb60-Täby-16",
        "municipality": "Täby",
        "type": "flerbostadshus",
        "view": "2060"
      }
    },
    {
      "type": "Feature",
      "geometry": {
        "type": "Polygon",
        "coordinates": [
          [
            [
              18.06392,
              59.44272
            ],
            [
              18.065520000000003,
              59.44272
            ],
            [
              18.065520000000003,
              59.44432
            ],
            [
              18.06392,
              59.44432
            ],
            [
              18.06392,
              59.44272
            ]
          ]
        ]
      },
      "properties": {
        "id": "fb60-Täby-17",
        "municipality": "Täby",
        "type": "flerbostadshus",
        "view": "2060"
      }
    },
    {
      "type": "Feature",
      "geometry": {
        "type": "Polygon",
        "coordinates": [
          [
            [
              18.065679999999997,
              59.44272
            ],
            [
              18.06728,
              59.44272
            ],
            [
              18.06728,
              59.44432
            ],
            [
              18.065679999999997,
              59.44432
            ],
            [
              18.065679999999997,
              59.44272
            ]
          ]
        ]
      },
      "properties": {
        "id": "fb60-Täby-18",
        "municipality": "Täby",
        "type": "flerbostadshus",
        "view": "2060"
      }
    },
    {
      "type": "Feature",
      "geometry": {
        "type": "Polygon",
        "coordinates": [
          [
            [
              18.067439999999998,
              59.44272
            ],
            [
              18.06904,
              59.44272
            ],
            [
              18.06904,
              59.44432
            ],
            [
              18.067439999999998,
              59.44432
            ],
            [
              18.067439999999998,
              59.44272
            ]
          ]
        ]
      },
      "properties": {
        "id": "fb60-Täby-19",
        "municipality": "Täby",
        "type": "flerbostadshus",
        "view": "2060"
      }
    },
    {
      "type": "Feature",
      "geometry": {
        "type": "Polygon",
        "coordinates": [
          [
            [
              18.0692,
              59.44272
            ],
            [
              18.070800000000002,
              59.44272
            ],
            [
              18.070800000000002,
              59.44432
            ],
            [
              18.0692,
              59.44432
            ],
            [
              18.0692,
              59.44272
            ]
          ]
        ]
      },
      "properties": {
        "id": "fb60-Täby-20",
        "municipality": "Täby",
        "type": "flerbostadshus",
        "view": "2060"
      }
    },
    {
      "type": "Feature",
      "geometry": {
        "type": "Polygon",
        "coordinates": [
          [
            [
              18.07096,
              59.44272
            ],
            [
              18.072560000000003,
              59.44272
            ],
            [
              18.072560000000003,
              59.44432
            ],
            [
              18.07096,
              59.44432
            ],
            [
              18.07096,
              59.44272
            ]
          ]
        ]
      },
      "properties": {
        "id": "fb60-Täby-21",
        "municipality": "Täby",
        "type": "flerbostadshus",
        "view": "2060"
      }
    },
    {
      "type": "Feature",
      "geometry": {
        "type": "Polygon",
        "coordinates": [
          [
            [
              18.07272,
              59.44272
            ],
            [
              18.074320000000004,
              59.44272
            ],
            [
              18.074320000000004,
              59.44432
            ],
            [
              18.07272,
              59.44432
            ],
            [
              18.07272,
              59.44272
            ]
          ]
        ]
      },
      "properties": {
        "id": "fb60-Täby-22",
        "municipality": "Täby",
        "type": "flerbostadshus",
        "view": "2060"
      }
    },
    {
      "type": "Feature",
      "geometry": {
        "type": "Polygon",
        "coordinates": [
          [
            [
              18.074479999999998,
              59.44272
            ],
            [
              18.07608,
              59.44272
            ],
            [
              18.07608,
              59.44432
            ],
            [
              18.074479999999998,
              59.44432
            ],
            [
              18.074479999999998,
              59.44272
            ]
          ]
        ]
      },
      "properties": {
        "id": "fb60-Täby-23",
        "municipality": "Täby",
        "type": "flerbostadshus",
        "view": "2060"
      }
    },
    {
      "type": "Feature",
      "geometry": {
        "type": "Polygon",
        "coordinates": [
          [
            [
              18.06216,
              59.44448
            ],
            [
              18.063760000000002,
              59.44448
            ],
            [
              18.063760000000002,
              59.446079999999995
            ],
            [
              18.06216,
              59.446079999999995
            ],
            [
              18.06216,
              59.44448
            ]
          ]
        ]
      },
      "properties": {
        "id": "fb60-Täby-24",
        "municipality": "Täby",
        "type": "flerbostadshus",
        "view": "2060"
      }
    },
    {
      "type": "Feature",
      "geometry": {
        "type": "Polygon",
        "coordinates": [
          [
            [
              18.06392,
              59.44448
            ],
            [
              18.065520000000003,
              59.44448
            ],
            [
              18.065520000000003,
              59.446079999999995
            ],
            [
              18.06392,
              59.446079999999995
            ],
            [
              18.06392,
              59.44448
            ]
          ]
        ]
      },
      "properties": {
        "id": "fb60-Täby-25",
        "municipality": "Täby",
        "type": "flerbostadshus",
        "view": "2060"
      }
    },
    {
      "type": "Feature",
      "geometry": {
        "type": "Polygon",
        "coordinates": [
          [
            [
              18.065679999999997,
              59.44448
            ],
            [
              18.06728,
              59.44448
            ],
            [
              18.06728,
              59.446079999999995
            ],
            [
              18.065679999999997,
              59.446079999999995
            ],
            [
              18.065679999999997,
              59.44448
            ]
          ]
        ]
      },
      "properties": {
        "id": "fb60-Täby-26",
        "municipality": "Täby",
        "type": "flerbostadshus",
        "view": "2060"
      }
    },
    {
      "type": "Feature",
      "geometry": {
        "type": "Polygon",
        "coordinates": [
          [
            [
              18.067439999999998,
              59.44448
            ],
            [
              18.06904,
              59.44448
            ],
            [
              18.06904,
              59.446079999999995
            ],
            [
              18.067439999999998,
              59.446079999999995
            ],
            [
              18.067439999999998,
              59.44448
            ]
          ]
        ]
      },
      "properties": {
        "id": "fb60-Täby-27",
        "municipality": "Täby",
        "type": "flerbostadshus",
        "view": "2060"
      }
    },
    {
      "type": "Feature",
      "geometry": {
        "type": "Polygon",
        "coordinates": [
          [
            [
              18.0692,
              59.44448
            ],
            [
              18.070800000000002,
              59.44448
            ],
            [
              18.070800000000002,
              59.446079999999995
            ],
            [
              18.0692,
              59.446079999999995
            ],
            [
              18.0692,
              59.44448
            ]
          ]
        ]
      },
      "properties": {
        "id": "fb60-Täby-28",
        "municipality": "Täby",
        "type": "flerbostadshus",
        "view": "2060"
      }
    },
    {
      "type": "Feature",
      "geometry": {
        "type": "Polygon",
        "coordinates": [
          [
            [
              18.07096,
              59.44448
            ],
            [
              18.072560000000003,
              59.44448
            ],
            [
              18.072560000000003,
              59.446079999999995
            ],
            [
              18.07096,
              59.446079999999995
            ],
            [
              18.07096,
              59.44448
            ]
          ]
        ]
      },
      "properties": {
        "id": "fb60-Täby-29",
        "municipality": "Täby",
        "type": "flerbostadshus",
        "view": "2060"
      }
    },
    {
      "type": "Feature",
      "geometry": {
        "type": "Polygon",
        "coordinates": [
          [
            [
              18.07272,
              59.44448
            ],
            [
              18.074320000000004,
              59.44448
            ],
            [
              18.074320000000004,
              59.446079999999995
            ],
            [
              18.07272,
              59.446079999999995
            ],
            [
              18.07272,
              59.44448
            ]
          ]
        ]
      },
      "properties": {
        "id": "fb60-Täby-30",
        "municipality": "Täby",
        "type": "flerbostadshus",
        "view": "2060"
      }
    },
    {
      "type": "Feature",
      "geometry": {
        "type": "Polygon",
        "coordinates": [
          [
            [
              18.074479999999998,
              59.44448
            ],
            [
              18.07608,
              59.44448
            ],
            [
              18.07608,
              59.446079999999995
            ],
            [
              18.074479999999998,
              59.446079999999995
            ],
            [
              18.074479999999998,
              59.44448
            ]
          ]
        ]
      },
      "properties": {
        "id": "fb60-Täby-31",
        "municipality": "Täby",
        "type": "flerbostadshus",
        "view": "2060"
      }
    },
    {
      "type": "Feature",
      "geometry": {
        "type": "Polygon",
        "coordinates": [
          [
            [
              18.06216,
              59.44624
            ],
            [
              18.063760000000002,
              59.44624
            ],
            [
              18.063760000000002,
              59.44784
            ],
            [
              18.06216,
              59.44784
            ],
            [
              18.06216,
              59.44624
            ]
          ]
        ]
      },
      "properties": {
        "id": "fb60-Täby-32",
        "municipality": "Täby",
        "type": "flerbostadshus",
        "view": "2060"
      }
    },
    {
      "type": "Feature",
      "geometry": {
        "type": "Polygon",
        "coordinates": [
          [
            [
              18.06392,
              59.44624
            ],
            [
              18.065520000000003,
              59.44624
            ],
            [
              18.065520000000003,
              59.44784
            ],
            [
              18.06392,
              59.44784
            ],
            [
              18.06392,
              59.44624
            ]
          ]
        ]
      },
      "properties": {
        "id": "fb60-Täby-33",
        "municipality": "Täby",
        "type": "flerbostadshus",
        "view": "2060"
      }
    },
    {
      "type": "Feature",
      "geometry": {
        "type": "Polygon",
        "coordinates": [
          [
            [
              18.065679999999997,
              59.44624
            ],
            [
              18.06728,
              59.44624
            ],
            [
              18.06728,
              59.44784
            ],
            [
              18.065679999999997,
              59.44784
            ],
            [
              18.065679999999997,
              59.44624
            ]
          ]
        ]
      },
      "properties": {
        "id": "fb60-Täby-34",
        "municipality": "Täby",
        "type": "flerbostadshus",
        "view": "2060"
      }
    },
    {
      "type": "Feature",
      "geometry": {
        "type": "Polygon",
        "coordinates": [
          [
            [
              18.067439999999998,
              59.44624
            ],
            [
              18.06904,
              59.44624
            ],
            [
              18.06904,
              59.44784
            ],
            [
              18.067439999999998,
              59.44784
            ],
            [
              18.067439999999998,
              59.44624
            ]
          ]
        ]
      },
      "properties": {
        "id": "fb60-Täby-35",
        "municipality": "Täby",
        "type": "flerbostadshus",
        "view": "2060"
      }
    },
    {
      "type": "Feature",
      "geometry": {
        "type": "Polygon",
        "coordinates": [
          [
            [
              18.0692,
              59.44624
            ],
            [
              18.070800000000002,
              59.44624
            ],
            [
              18.070800000000002,
              59.44784
            ],
            [
              18.0692,
              59.44784
            ],
            [
              18.0692,
              59.44624
            ]
          ]
        ]
      },
      "properties": {
        "id": "fb60-Täby-36",
        "municipality": "Täby",
        "type": "flerbostadshus",
        "view": "2060"
      }
    },
    {
      "type": "Feature",
      "geometry": {
        "type": "Polygon",
        "coordinates": [
          [
            [
              18.07096,
              59.44624
            ],
            [
              18.072560000000003,
              59.44624
            ],
            [
              18.072560000000003,
              59.44784
            ],
            [
              18.07096,
              59.44784
            ],
            [
              18.07096,
              59.44624
            ]
          ]
        ]
      },
      "properties": {
        "id": "fb60-Täby-37",
        "municipality": "Täby",
        "type": "flerbostadshus",
        "view": "2060"
      }
    },
    {
      "type": "Feature",
      "geometry": {
        "type": "Polygon",
        "coordinates": [
          [
            [
              18.07272,
              59.44624
            ],
            [
              18.074320000000004,
              59.44624
            ],
            [
              18.074320000000004,
              59.44784
            ],
            [
              18.07272,
              59.44784
            ],
            [
              18.07272,
              59.44624
            ]
          ]
        ]
      },
      "properties": {
        "id": "fb60-Täby-38",
        "municipality": "Täby",
        "type": "flerbostadshus",
        "view": "2060"
      }
    },
    {
      "type": "Feature",
      "geometry": {
        "type": "Polygon",
        "coordinates": [
          [
            [
              18.074479999999998,
              59.44624
            ],
            [
              18.07608,
              59.44624
            ],
            [
              18.07608,
              59.44784
            ],
            [
              18.074479999999998,
              59.44784
            ],
            [
              18.074479999999998,
              59.44624
            ]
          ]
        ]
      },
      "properties": {
        "id": "fb60-Täby-39",
        "municipality": "Täby",
        "type": "flerbostadshus",
        "view": "2060"
      }
    },
    {
      "type": "Feature",
      "geometry": {
        "type": "Polygon",
        "coordinates": [
          [
            [
              18.06216,
              59.448
            ],
            [
              18.063760000000002,
              59.448
            ],
            [
              18.063760000000002,
              59.4496
            ],
            [
              18.06216,
              59.4496
            ],
            [
              18.06216,
              59.448
            ]
          ]
        ]
      },
      "properties": {
        "id": "fb60-Täby-40",
        "municipality": "Täby",
        "type": "flerbostadshus",
        "view": "2060"
      }
    },
    {
      "type": "Feature",
      "geometry": {
        "type": "Polygon",
        "coordinates": [
          [
            [
              18.06392,
              59.448
            ],
            [
              18.065520000000003,
              59.448
            ],
            [
              18.065520000000003,
              59.4496
            ],
            [
              18.06392,
              59.4496
            ],
            [
              18.06392,
              59.448
            ]
          ]
        ]
      },
      "properties": {
        "id": "fb60-Täby-41",
        "municipality": "Täby",
        "type": "flerbostadshus",
        "view": "2060"
      }
    },
    {
      "type": "Feature",
      "geometry": {
        "type": "Polygon",
        "coordinates": [
          [
            [
              18.065679999999997,
              59.448
            ],
            [
              18.06728,
              59.448
            ],
            [
              18.06728,
              59.4496
            ],
            [
              18.065679999999997,
              59.4496
            ],
            [
              18.065679999999997,
              59.448
            ]
          ]
        ]
      },
      "properties": {
        "id": "fb60-Täby-42",
        "municipality": "Täby",
        "type": "flerbostadshus",
        "view": "2060"
      }
    },
    {
      "type": "Feature",
      "geometry": {
        "type": "Polygon",
        "coordinates": [
          [
            [
              17.622159999999997,
              59.5292
            ],
            [
              17.62376,
              59.5292
            ],
            [
              17.62376,
              59.5308
            ],
            [
              17.622159999999997,
              59.5308
            ],
            [
              17.622159999999997,
              59.5292
            ]
          ]
        ]
      },
      "properties": {
        "id": "fb60-Upplands-Bro-0",
        "municipality": "Upplands-Bro",
        "type": "flerbostadshus",
        "view": "2060"
      }
    },
    {
      "type": "Feature",
      "geometry": {
        "type": "Polygon",
        "coordinates": [
          [
            [
              17.62392,
              59.5292
            ],
            [
              17.62552,
              59.5292
            ],
            [
              17.62552,
              59.5308
            ],
            [
              17.62392,
              59.5308
            ],
            [
              17.62392,
              59.5292
            ]
          ]
        ]
      },
      "properties": {
        "id": "fb60-Upplands-Bro-1",
        "municipality": "Upplands-Bro",
        "type": "flerbostadshus",
        "view": "2060"
      }
    },
    {
      "type": "Feature",
      "geometry": {
        "type": "Polygon",
        "coordinates": [
          [
            [
              17.625679999999996,
              59.5292
            ],
            [
              17.62728,
              59.5292
            ],
            [
              17.62728,
              59.5308
            ],
            [
              17.625679999999996,
              59.5308
            ],
            [
              17.625679999999996,
              59.5292
            ]
          ]
        ]
      },
      "properties": {
        "id": "fb60-Upplands-Bro-2",
        "municipality": "Upplands-Bro",
        "type": "flerbostadshus",
        "view": "2060"
      }
    },
    {
      "type": "Feature",
      "geometry": {
        "type": "Polygon",
        "coordinates": [
          [
            [
              17.627439999999996,
              59.5292
            ],
            [
              17.62904,
              59.5292
            ],
            [
              17.62904,
              59.5308
            ],
            [
              17.627439999999996,
              59.5308
            ],
            [
              17.627439999999996,
              59.5292
            ]
          ]
        ]
      },
      "properties": {
        "id": "fb60-Upplands-Bro-3",
        "municipality": "Upplands-Bro",
        "type": "flerbostadshus",
        "view": "2060"
      }
    },
    {
      "type": "Feature",
      "geometry": {
        "type": "Polygon",
        "coordinates": [
          [
            [
              17.629199999999997,
              59.5292
            ],
            [
              17.6308,
              59.5292
            ],
            [
              17.6308,
              59.5308
            ],
            [
              17.629199999999997,
              59.5308
            ],
            [
              17.629199999999997,
              59.5292
            ]
          ]
        ]
      },
      "properties": {
        "id": "fb60-Upplands-Bro-4",
        "municipality": "Upplands-Bro",
        "type": "flerbostadshus",
        "view": "2060"
      }
    },
    {
      "type": "Feature",
      "geometry": {
        "type": "Polygon",
        "coordinates": [
          [
            [
              17.630959999999998,
              59.5292
            ],
            [
              17.63256,
              59.5292
            ],
            [
              17.63256,
              59.5308
            ],
            [
              17.630959999999998,
              59.5308
            ],
            [
              17.630959999999998,
              59.5292
            ]
          ]
        ]
      },
      "properties": {
        "id": "fb60-Upplands-Bro-5",
        "municipality": "Upplands-Bro",
        "type": "flerbostadshus",
        "view": "2060"
      }
    },
    {
      "type": "Feature",
      "geometry": {
        "type": "Polygon",
        "coordinates": [
          [
            [
              17.63272,
              59.5292
            ],
            [
              17.634320000000002,
              59.5292
            ],
            [
              17.634320000000002,
              59.5308
            ],
            [
              17.63272,
              59.5308
            ],
            [
              17.63272,
              59.5292
            ]
          ]
        ]
      },
      "properties": {
        "id": "fb60-Upplands-Bro-6",
        "municipality": "Upplands-Bro",
        "type": "flerbostadshus",
        "view": "2060"
      }
    },
    {
      "type": "Feature",
      "geometry": {
        "type": "Polygon",
        "coordinates": [
          [
            [
              17.634479999999996,
              59.5292
            ],
            [
              17.63608,
              59.5292
            ],
            [
              17.63608,
              59.5308
            ],
            [
              17.634479999999996,
              59.5308
            ],
            [
              17.634479999999996,
              59.5292
            ]
          ]
        ]
      },
      "properties": {
        "id": "fb60-Upplands-Bro-7",
        "municipality": "Upplands-Bro",
        "type": "flerbostadshus",
        "view": "2060"
      }
    },
    {
      "type": "Feature",
      "geometry": {
        "type": "Polygon",
        "coordinates": [
          [
            [
              17.622159999999997,
              59.53096
            ],
            [
              17.62376,
              59.53096
            ],
            [
              17.62376,
              59.53256
            ],
            [
              17.622159999999997,
              59.53256
            ],
            [
              17.622159999999997,
              59.53096
            ]
          ]
        ]
      },
      "properties": {
        "id": "fb60-Upplands-Bro-8",
        "municipality": "Upplands-Bro",
        "type": "flerbostadshus",
        "view": "2060"
      }
    },
    {
      "type": "Feature",
      "geometry": {
        "type": "Polygon",
        "coordinates": [
          [
            [
              17.62392,
              59.53096
            ],
            [
              17.62552,
              59.53096
            ],
            [
              17.62552,
              59.53256
            ],
            [
              17.62392,
              59.53256
            ],
            [
              17.62392,
              59.53096
            ]
          ]
        ]
      },
      "properties": {
        "id": "fb60-Upplands-Bro-9",
        "municipality": "Upplands-Bro",
        "type": "flerbostadshus",
        "view": "2060"
      }
    },
    {
      "type": "Feature",
      "geometry": {
        "type": "Polygon",
        "coordinates": [
          [
            [
              17.625679999999996,
              59.53096
            ],
            [
              17.62728,
              59.53096
            ],
            [
              17.62728,
              59.53256
            ],
            [
              17.625679999999996,
              59.53256
            ],
            [
              17.625679999999996,
              59.53096
            ]
          ]
        ]
      },
      "properties": {
        "id": "fb60-Upplands-Bro-10",
        "municipality": "Upplands-Bro",
        "type": "flerbostadshus",
        "view": "2060"
      }
    },
    {
      "type": "Feature",
      "geometry": {
        "type": "Polygon",
        "coordinates": [
          [
            [
              17.627439999999996,
              59.53096
            ],
            [
              17.62904,
              59.53096
            ],
            [
              17.62904,
              59.53256
            ],
            [
              17.627439999999996,
              59.53256
            ],
            [
              17.627439999999996,
              59.53096
            ]
          ]
        ]
      },
      "properties": {
        "id": "fb60-Upplands-Bro-11",
        "municipality": "Upplands-Bro",
        "type": "flerbostadshus",
        "view": "2060"
      }
    },
    {
      "type": "Feature",
      "geometry": {
        "type": "Polygon",
        "coordinates": [
          [
            [
              17.629199999999997,
              59.53096
            ],
            [
              17.6308,
              59.53096
            ],
            [
              17.6308,
              59.53256
            ],
            [
              17.629199999999997,
              59.53256
            ],
            [
              17.629199999999997,
              59.53096
            ]
          ]
        ]
      },
      "properties": {
        "id": "fb60-Upplands-Bro-12",
        "municipality": "Upplands-Bro",
        "type": "flerbostadshus",
        "view": "2060"
      }
    },
    {
      "type": "Feature",
      "geometry": {
        "type": "Polygon",
        "coordinates": [
          [
            [
              17.630959999999998,
              59.53096
            ],
            [
              17.63256,
              59.53096
            ],
            [
              17.63256,
              59.53256
            ],
            [
              17.630959999999998,
              59.53256
            ],
            [
              17.630959999999998,
              59.53096
            ]
          ]
        ]
      },
      "properties": {
        "id": "fb60-Upplands-Bro-13",
        "municipality": "Upplands-Bro",
        "type": "flerbostadshus",
        "view": "2060"
      }
    },
    {
      "type": "Feature",
      "geometry": {
        "type": "Polygon",
        "coordinates": [
          [
            [
              17.63272,
              59.53096
            ],
            [
              17.634320000000002,
              59.53096
            ],
            [
              17.634320000000002,
              59.53256
            ],
            [
              17.63272,
              59.53256
            ],
            [
              17.63272,
              59.53096
            ]
          ]
        ]
      },
      "properties": {
        "id": "fb60-Upplands-Bro-14",
        "municipality": "Upplands-Bro",
        "type": "flerbostadshus",
        "view": "2060"
      }
    },
    {
      "type": "Feature",
      "geometry": {
        "type": "Polygon",
        "coordinates": [
          [
            [
              17.634479999999996,
              59.53096
            ],
            [
              17.63608,
              59.53096
            ],
            [
              17.63608,
              59.53256
            ],
            [
              17.634479999999996,
              59.53256
            ],
            [
              17.634479999999996,
              59.53096
            ]
          ]
        ]
      },
      "properties": {
        "id": "fb60-Upplands-Bro-15",
        "municipality": "Upplands-Bro",
        "type": "flerbostadshus",
        "view": "2060"
      }
    },
    {
      "type": "Feature",
      "geometry": {
        "type": "Polygon",
        "coordinates": [
          [
            [
              17.892159999999997,
              59.519200000000005
            ],
            [
              17.89376,
              59.519200000000005
            ],
            [
              17.89376,
              59.5208
            ],
            [
              17.892159999999997,
              59.5208
            ],
            [
              17.892159999999997,
              59.519200000000005
            ]
          ]
        ]
      },
      "properties": {
        "id": "fb60-Upplands-Väsby-0",
        "municipality": "Upplands-Väsby",
        "type": "flerbostadshus",
        "view": "2060"
      }
    },
    {
      "type": "Feature",
      "geometry": {
        "type": "Polygon",
        "coordinates": [
          [
            [
              17.893919999999998,
              59.519200000000005
            ],
            [
              17.89552,
              59.519200000000005
            ],
            [
              17.89552,
              59.5208
            ],
            [
              17.893919999999998,
              59.5208
            ],
            [
              17.893919999999998,
              59.519200000000005
            ]
          ]
        ]
      },
      "properties": {
        "id": "fb60-Upplands-Väsby-1",
        "municipality": "Upplands-Väsby",
        "type": "flerbostadshus",
        "view": "2060"
      }
    },
    {
      "type": "Feature",
      "geometry": {
        "type": "Polygon",
        "coordinates": [
          [
            [
              17.895679999999995,
              59.519200000000005
            ],
            [
              17.89728,
              59.519200000000005
            ],
            [
              17.89728,
              59.5208
            ],
            [
              17.895679999999995,
              59.5208
            ],
            [
              17.895679999999995,
              59.519200000000005
            ]
          ]
        ]
      },
      "properties": {
        "id": "fb60-Upplands-Väsby-2",
        "municipality": "Upplands-Väsby",
        "type": "flerbostadshus",
        "view": "2060"
      }
    },
    {
      "type": "Feature",
      "geometry": {
        "type": "Polygon",
        "coordinates": [
          [
            [
              17.897439999999996,
              59.519200000000005
            ],
            [
              17.89904,
              59.519200000000005
            ],
            [
              17.89904,
              59.5208
            ],
            [
              17.897439999999996,
              59.5208
            ],
            [
              17.897439999999996,
              59.519200000000005
            ]
          ]
        ]
      },
      "properties": {
        "id": "fb60-Upplands-Väsby-3",
        "municipality": "Upplands-Väsby",
        "type": "flerbostadshus",
        "view": "2060"
      }
    },
    {
      "type": "Feature",
      "geometry": {
        "type": "Polygon",
        "coordinates": [
          [
            [
              17.899199999999997,
              59.519200000000005
            ],
            [
              17.9008,
              59.519200000000005
            ],
            [
              17.9008,
              59.5208
            ],
            [
              17.899199999999997,
              59.5208
            ],
            [
              17.899199999999997,
              59.519200000000005
            ]
          ]
        ]
      },
      "properties": {
        "id": "fb60-Upplands-Väsby-4",
        "municipality": "Upplands-Väsby",
        "type": "flerbostadshus",
        "view": "2060"
      }
    },
    {
      "type": "Feature",
      "geometry": {
        "type": "Polygon",
        "coordinates": [
          [
            [
              17.900959999999998,
              59.519200000000005
            ],
            [
              17.90256,
              59.519200000000005
            ],
            [
              17.90256,
              59.5208
            ],
            [
              17.900959999999998,
              59.5208
            ],
            [
              17.900959999999998,
              59.519200000000005
            ]
          ]
        ]
      },
      "properties": {
        "id": "fb60-Upplands-Väsby-5",
        "municipality": "Upplands-Väsby",
        "type": "flerbostadshus",
        "view": "2060"
      }
    },
    {
      "type": "Feature",
      "geometry": {
        "type": "Polygon",
        "coordinates": [
          [
            [
              17.90272,
              59.519200000000005
            ],
            [
              17.904320000000002,
              59.519200000000005
            ],
            [
              17.904320000000002,
              59.5208
            ],
            [
              17.90272,
              59.5208
            ],
            [
              17.90272,
              59.519200000000005
            ]
          ]
        ]
      },
      "properties": {
        "id": "fb60-Upplands-Väsby-6",
        "municipality": "Upplands-Väsby",
        "type": "flerbostadshus",
        "view": "2060"
      }
    },
    {
      "type": "Feature",
      "geometry": {
        "type": "Polygon",
        "coordinates": [
          [
            [
              17.904479999999996,
              59.519200000000005
            ],
            [
              17.90608,
              59.519200000000005
            ],
            [
              17.90608,
              59.5208
            ],
            [
              17.904479999999996,
              59.5208
            ],
            [
              17.904479999999996,
              59.519200000000005
            ]
          ]
        ]
      },
      "properties": {
        "id": "fb60-Upplands-Väsby-7",
        "municipality": "Upplands-Väsby",
        "type": "flerbostadshus",
        "view": "2060"
      }
    },
    {
      "type": "Feature",
      "geometry": {
        "type": "Polygon",
        "coordinates": [
          [
            [
              17.892159999999997,
              59.52096
            ],
            [
              17.89376,
              59.52096
            ],
            [
              17.89376,
              59.52256
            ],
            [
              17.892159999999997,
              59.52256
            ],
            [
              17.892159999999997,
              59.52096
            ]
          ]
        ]
      },
      "properties": {
        "id": "fb60-Upplands-Väsby-8",
        "municipality": "Upplands-Väsby",
        "type": "flerbostadshus",
        "view": "2060"
      }
    },
    {
      "type": "Feature",
      "geometry": {
        "type": "Polygon",
        "coordinates": [
          [
            [
              17.893919999999998,
              59.52096
            ],
            [
              17.89552,
              59.52096
            ],
            [
              17.89552,
              59.52256
            ],
            [
              17.893919999999998,
              59.52256
            ],
            [
              17.893919999999998,
              59.52096
            ]
          ]
        ]
      },
      "properties": {
        "id": "fb60-Upplands-Väsby-9",
        "municipality": "Upplands-Väsby",
        "type": "flerbostadshus",
        "view": "2060"
      }
    },
    {
      "type": "Feature",
      "geometry": {
        "type": "Polygon",
        "coordinates": [
          [
            [
              17.895679999999995,
              59.52096
            ],
            [
              17.89728,
              59.52096
            ],
            [
              17.89728,
              59.52256
            ],
            [
              17.895679999999995,
              59.52256
            ],
            [
              17.895679999999995,
              59.52096
            ]
          ]
        ]
      },
      "properties": {
        "id": "fb60-Upplands-Väsby-10",
        "municipality": "Upplands-Väsby",
        "type": "flerbostadshus",
        "view": "2060"
      }
    },
    {
      "type": "Feature",
      "geometry": {
        "type": "Polygon",
        "coordinates": [
          [
            [
              17.897439999999996,
              59.52096
            ],
            [
              17.89904,
              59.52096
            ],
            [
              17.89904,
              59.52256
            ],
            [
              17.897439999999996,
              59.52256
            ],
            [
              17.897439999999996,
              59.52096
            ]
          ]
        ]
      },
      "properties": {
        "id": "fb60-Upplands-Väsby-11",
        "municipality": "Upplands-Väsby",
        "type": "flerbostadshus",
        "view": "2060"
      }
    },
    {
      "type": "Feature",
      "geometry": {
        "type": "Polygon",
        "coordinates": [
          [
            [
              17.899199999999997,
              59.52096
            ],
            [
              17.9008,
              59.52096
            ],
            [
              17.9008,
              59.52256
            ],
            [
              17.899199999999997,
              59.52256
            ],
            [
              17.899199999999997,
              59.52096
            ]
          ]
        ]
      },
      "properties": {
        "id": "fb60-Upplands-Väsby-12",
        "municipality": "Upplands-Väsby",
        "type": "flerbostadshus",
        "view": "2060"
      }
    },
    {
      "type": "Feature",
      "geometry": {
        "type": "Polygon",
        "coordinates": [
          [
            [
              17.900959999999998,
              59.52096
            ],
            [
              17.90256,
              59.52096
            ],
            [
              17.90256,
              59.52256
            ],
            [
              17.900959999999998,
              59.52256
            ],
            [
              17.900959999999998,
              59.52096
            ]
          ]
        ]
      },
      "properties": {
        "id": "fb60-Upplands-Väsby-13",
        "municipality": "Upplands-Väsby",
        "type": "flerbostadshus",
        "view": "2060"
      }
    },
    {
      "type": "Feature",
      "geometry": {
        "type": "Polygon",
        "coordinates": [
          [
            [
              17.90272,
              59.52096
            ],
            [
              17.904320000000002,
              59.52096
            ],
            [
              17.904320000000002,
              59.52256
            ],
            [
              17.90272,
              59.52256
            ],
            [
              17.90272,
              59.52096
            ]
          ]
        ]
      },
      "properties": {
        "id": "fb60-Upplands-Väsby-14",
        "municipality": "Upplands-Väsby",
        "type": "flerbostadshus",
        "view": "2060"
      }
    },
    {
      "type": "Feature",
      "geometry": {
        "type": "Polygon",
        "coordinates": [
          [
            [
              17.904479999999996,
              59.52096
            ],
            [
              17.90608,
              59.52096
            ],
            [
              17.90608,
              59.52256
            ],
            [
              17.904479999999996,
              59.52256
            ],
            [
              17.904479999999996,
              59.52096
            ]
          ]
        ]
      },
      "properties": {
        "id": "fb60-Upplands-Väsby-15",
        "municipality": "Upplands-Väsby",
        "type": "flerbostadshus",
        "view": "2060"
      }
    },
    {
      "type": "Feature",
      "geometry": {
        "type": "Polygon",
        "coordinates": [
          [
            [
              17.892159999999997,
              59.52272000000001
            ],
            [
              17.89376,
              59.52272000000001
            ],
            [
              17.89376,
              59.52432
            ],
            [
              17.892159999999997,
              59.52432
            ],
            [
              17.892159999999997,
              59.52272000000001
            ]
          ]
        ]
      },
      "properties": {
        "id": "fb60-Upplands-Väsby-16",
        "municipality": "Upplands-Väsby",
        "type": "flerbostadshus",
        "view": "2060"
      }
    },
    {
      "type": "Feature",
      "geometry": {
        "type": "Polygon",
        "coordinates": [
          [
            [
              17.893919999999998,
              59.52272000000001
            ],
            [
              17.89552,
              59.52272000000001
            ],
            [
              17.89552,
              59.52432
            ],
            [
              17.893919999999998,
              59.52432
            ],
            [
              17.893919999999998,
              59.52272000000001
            ]
          ]
        ]
      },
      "properties": {
        "id": "fb60-Upplands-Väsby-17",
        "municipality": "Upplands-Väsby",
        "type": "flerbostadshus",
        "view": "2060"
      }
    },
    {
      "type": "Feature",
      "geometry": {
        "type": "Polygon",
        "coordinates": [
          [
            [
              17.895679999999995,
              59.52272000000001
            ],
            [
              17.89728,
              59.52272000000001
            ],
            [
              17.89728,
              59.52432
            ],
            [
              17.895679999999995,
              59.52432
            ],
            [
              17.895679999999995,
              59.52272000000001
            ]
          ]
        ]
      },
      "properties": {
        "id": "fb60-Upplands-Väsby-18",
        "municipality": "Upplands-Väsby",
        "type": "flerbostadshus",
        "view": "2060"
      }
    },
    {
      "type": "Feature",
      "geometry": {
        "type": "Polygon",
        "coordinates": [
          [
            [
              17.897439999999996,
              59.52272000000001
            ],
            [
              17.89904,
              59.52272000000001
            ],
            [
              17.89904,
              59.52432
            ],
            [
              17.897439999999996,
              59.52432
            ],
            [
              17.897439999999996,
              59.52272000000001
            ]
          ]
        ]
      },
      "properties": {
        "id": "fb60-Upplands-Väsby-19",
        "municipality": "Upplands-Väsby",
        "type": "flerbostadshus",
        "view": "2060"
      }
    },
    {
      "type": "Feature",
      "geometry": {
        "type": "Polygon",
        "coordinates": [
          [
            [
              17.899199999999997,
              59.52272000000001
            ],
            [
              17.9008,
              59.52272000000001
            ],
            [
              17.9008,
              59.52432
            ],
            [
              17.899199999999997,
              59.52432
            ],
            [
              17.899199999999997,
              59.52272000000001
            ]
          ]
        ]
      },
      "properties": {
        "id": "fb60-Upplands-Väsby-20",
        "municipality": "Upplands-Väsby",
        "type": "flerbostadshus",
        "view": "2060"
      }
    },
    {
      "type": "Feature",
      "geometry": {
        "type": "Polygon",
        "coordinates": [
          [
            [
              17.900959999999998,
              59.52272000000001
            ],
            [
              17.90256,
              59.52272000000001
            ],
            [
              17.90256,
              59.52432
            ],
            [
              17.900959999999998,
              59.52432
            ],
            [
              17.900959999999998,
              59.52272000000001
            ]
          ]
        ]
      },
      "properties": {
        "id": "fb60-Upplands-Väsby-21",
        "municipality": "Upplands-Väsby",
        "type": "flerbostadshus",
        "view": "2060"
      }
    },
    {
      "type": "Feature",
      "geometry": {
        "type": "Polygon",
        "coordinates": [
          [
            [
              17.90272,
              59.52272000000001
            ],
            [
              17.904320000000002,
              59.52272000000001
            ],
            [
              17.904320000000002,
              59.52432
            ],
            [
              17.90272,
              59.52432
            ],
            [
              17.90272,
              59.52272000000001
            ]
          ]
        ]
      },
      "properties": {
        "id": "fb60-Upplands-Väsby-22",
        "municipality": "Upplands-Väsby",
        "type": "flerbostadshus",
        "view": "2060"
      }
    },
    {
      "type": "Feature",
      "geometry": {
        "type": "Polygon",
        "coordinates": [
          [
            [
              17.904479999999996,
              59.52272000000001
            ],
            [
              17.90608,
              59.52272000000001
            ],
            [
              17.90608,
              59.52432
            ],
            [
              17.904479999999996,
              59.52432
            ],
            [
              17.904479999999996,
              59.52272000000001
            ]
          ]
        ]
      },
      "properties": {
        "id": "fb60-Upplands-Väsby-23",
        "municipality": "Upplands-Väsby",
        "type": "flerbostadshus",
        "view": "2060"
      }
    },
    {
      "type": "Feature",
      "geometry": {
        "type": "Polygon",
        "coordinates": [
          [
            [
              18.072159999999997,
              59.5292
            ],
            [
              18.07376,
              59.5292
            ],
            [
              18.07376,
              59.5308
            ],
            [
              18.072159999999997,
              59.5308
            ],
            [
              18.072159999999997,
              59.5292
            ]
          ]
        ]
      },
      "properties": {
        "id": "fb60-Vallentuna-0",
        "municipality": "Vallentuna",
        "type": "flerbostadshus",
        "view": "2060"
      }
    },
    {
      "type": "Feature",
      "geometry": {
        "type": "Polygon",
        "coordinates": [
          [
            [
              18.073919999999998,
              59.5292
            ],
            [
              18.07552,
              59.5292
            ],
            [
              18.07552,
              59.5308
            ],
            [
              18.073919999999998,
              59.5308
            ],
            [
              18.073919999999998,
              59.5292
            ]
          ]
        ]
      },
      "properties": {
        "id": "fb60-Vallentuna-1",
        "municipality": "Vallentuna",
        "type": "flerbostadshus",
        "view": "2060"
      }
    },
    {
      "type": "Feature",
      "geometry": {
        "type": "Polygon",
        "coordinates": [
          [
            [
              18.075679999999995,
              59.5292
            ],
            [
              18.07728,
              59.5292
            ],
            [
              18.07728,
              59.5308
            ],
            [
              18.075679999999995,
              59.5308
            ],
            [
              18.075679999999995,
              59.5292
            ]
          ]
        ]
      },
      "properties": {
        "id": "fb60-Vallentuna-2",
        "municipality": "Vallentuna",
        "type": "flerbostadshus",
        "view": "2060"
      }
    },
    {
      "type": "Feature",
      "geometry": {
        "type": "Polygon",
        "coordinates": [
          [
            [
              18.077439999999996,
              59.5292
            ],
            [
              18.07904,
              59.5292
            ],
            [
              18.07904,
              59.5308
            ],
            [
              18.077439999999996,
              59.5308
            ],
            [
              18.077439999999996,
              59.5292
            ]
          ]
        ]
      },
      "properties": {
        "id": "fb60-Vallentuna-3",
        "municipality": "Vallentuna",
        "type": "flerbostadshus",
        "view": "2060"
      }
    },
    {
      "type": "Feature",
      "geometry": {
        "type": "Polygon",
        "coordinates": [
          [
            [
              18.079199999999997,
              59.5292
            ],
            [
              18.0808,
              59.5292
            ],
            [
              18.0808,
              59.5308
            ],
            [
              18.079199999999997,
              59.5308
            ],
            [
              18.079199999999997,
              59.5292
            ]
          ]
        ]
      },
      "properties": {
        "id": "fb60-Vallentuna-4",
        "municipality": "Vallentuna",
        "type": "flerbostadshus",
        "view": "2060"
      }
    },
    {
      "type": "Feature",
      "geometry": {
        "type": "Polygon",
        "coordinates": [
          [
            [
              18.080959999999997,
              59.5292
            ],
            [
              18.08256,
              59.5292
            ],
            [
              18.08256,
              59.5308
            ],
            [
              18.080959999999997,
              59.5308
            ],
            [
              18.080959999999997,
              59.5292
            ]
          ]
        ]
      },
      "properties": {
        "id": "fb60-Vallentuna-5",
        "municipality": "Vallentuna",
        "type": "flerbostadshus",
        "view": "2060"
      }
    },
    {
      "type": "Feature",
      "geometry": {
        "type": "Polygon",
        "coordinates": [
          [
            [
              18.08272,
              59.5292
            ],
            [
              18.08432,
              59.5292
            ],
            [
              18.08432,
              59.5308
            ],
            [
              18.08272,
              59.5308
            ],
            [
              18.08272,
              59.5292
            ]
          ]
        ]
      },
      "properties": {
        "id": "fb60-Vallentuna-6",
        "municipality": "Vallentuna",
        "type": "flerbostadshus",
        "view": "2060"
      }
    },
    {
      "type": "Feature",
      "geometry": {
        "type": "Polygon",
        "coordinates": [
          [
            [
              18.084479999999996,
              59.5292
            ],
            [
              18.08608,
              59.5292
            ],
            [
              18.08608,
              59.5308
            ],
            [
              18.084479999999996,
              59.5308
            ],
            [
              18.084479999999996,
              59.5292
            ]
          ]
        ]
      },
      "properties": {
        "id": "fb60-Vallentuna-7",
        "municipality": "Vallentuna",
        "type": "flerbostadshus",
        "view": "2060"
      }
    },
    {
      "type": "Feature",
      "geometry": {
        "type": "Polygon",
        "coordinates": [
          [
            [
              18.072159999999997,
              59.53096
            ],
            [
              18.07376,
              59.53096
            ],
            [
              18.07376,
              59.53256
            ],
            [
              18.072159999999997,
              59.53256
            ],
            [
              18.072159999999997,
              59.53096
            ]
          ]
        ]
      },
      "properties": {
        "id": "fb60-Vallentuna-8",
        "municipality": "Vallentuna",
        "type": "flerbostadshus",
        "view": "2060"
      }
    },
    {
      "type": "Feature",
      "geometry": {
        "type": "Polygon",
        "coordinates": [
          [
            [
              18.073919999999998,
              59.53096
            ],
            [
              18.07552,
              59.53096
            ],
            [
              18.07552,
              59.53256
            ],
            [
              18.073919999999998,
              59.53256
            ],
            [
              18.073919999999998,
              59.53096
            ]
          ]
        ]
      },
      "properties": {
        "id": "fb60-Vallentuna-9",
        "municipality": "Vallentuna",
        "type": "flerbostadshus",
        "view": "2060"
      }
    },
    {
      "type": "Feature",
      "geometry": {
        "type": "Polygon",
        "coordinates": [
          [
            [
              18.075679999999995,
              59.53096
            ],
            [
              18.07728,
              59.53096
            ],
            [
              18.07728,
              59.53256
            ],
            [
              18.075679999999995,
              59.53256
            ],
            [
              18.075679999999995,
              59.53096
            ]
          ]
        ]
      },
      "properties": {
        "id": "fb60-Vallentuna-10",
        "municipality": "Vallentuna",
        "type": "flerbostadshus",
        "view": "2060"
      }
    },
    {
      "type": "Feature",
      "geometry": {
        "type": "Polygon",
        "coordinates": [
          [
            [
              18.077439999999996,
              59.53096
            ],
            [
              18.07904,
              59.53096
            ],
            [
              18.07904,
              59.53256
            ],
            [
              18.077439999999996,
              59.53256
            ],
            [
              18.077439999999996,
              59.53096
            ]
          ]
        ]
      },
      "properties": {
        "id": "fb60-Vallentuna-11",
        "municipality": "Vallentuna",
        "type": "flerbostadshus",
        "view": "2060"
      }
    },
    {
      "type": "Feature",
      "geometry": {
        "type": "Polygon",
        "coordinates": [
          [
            [
              18.079199999999997,
              59.53096
            ],
            [
              18.0808,
              59.53096
            ],
            [
              18.0808,
              59.53256
            ],
            [
              18.079199999999997,
              59.53256
            ],
            [
              18.079199999999997,
              59.53096
            ]
          ]
        ]
      },
      "properties": {
        "id": "fb60-Vallentuna-12",
        "municipality": "Vallentuna",
        "type": "flerbostadshus",
        "view": "2060"
      }
    },
    {
      "type": "Feature",
      "geometry": {
        "type": "Polygon",
        "coordinates": [
          [
            [
              18.080959999999997,
              59.53096
            ],
            [
              18.08256,
              59.53096
            ],
            [
              18.08256,
              59.53256
            ],
            [
              18.080959999999997,
              59.53256
            ],
            [
              18.080959999999997,
              59.53096
            ]
          ]
        ]
      },
      "properties": {
        "id": "fb60-Vallentuna-13",
        "municipality": "Vallentuna",
        "type": "flerbostadshus",
        "view": "2060"
      }
    },
    {
      "type": "Feature",
      "geometry": {
        "type": "Polygon",
        "coordinates": [
          [
            [
              18.08272,
              59.53096
            ],
            [
              18.08432,
              59.53096
            ],
            [
              18.08432,
              59.53256
            ],
            [
              18.08272,
              59.53256
            ],
            [
              18.08272,
              59.53096
            ]
          ]
        ]
      },
      "properties": {
        "id": "fb60-Vallentuna-14",
        "municipality": "Vallentuna",
        "type": "flerbostadshus",
        "view": "2060"
      }
    },
    {
      "type": "Feature",
      "geometry": {
        "type": "Polygon",
        "coordinates": [
          [
            [
              18.084479999999996,
              59.53096
            ],
            [
              18.08608,
              59.53096
            ],
            [
              18.08608,
              59.53256
            ],
            [
              18.084479999999996,
              59.53256
            ],
            [
              18.084479999999996,
              59.53096
            ]
          ]
        ]
      },
      "properties": {
        "id": "fb60-Vallentuna-15",
        "municipality": "Vallentuna",
        "type": "flerbostadshus",
        "view": "2060"
      }
    },
    {
      "type": "Feature",
      "geometry": {
        "type": "Polygon",
        "coordinates": [
          [
            [
              18.322159999999997,
              59.3992
            ],
            [
              18.32376,
              59.3992
            ],
            [
              18.32376,
              59.4008
            ],
            [
              18.322159999999997,
              59.4008
            ],
            [
              18.322159999999997,
              59.3992
            ]
          ]
        ]
      },
      "properties": {
        "id": "fb60-Vaxholm-0",
        "municipality": "Vaxholm",
        "type": "flerbostadshus",
        "view": "2060"
      }
    },
    {
      "type": "Feature",
      "geometry": {
        "type": "Polygon",
        "coordinates": [
          [
            [
              18.323919999999998,
              59.3992
            ],
            [
              18.32552,
              59.3992
            ],
            [
              18.32552,
              59.4008
            ],
            [
              18.323919999999998,
              59.4008
            ],
            [
              18.323919999999998,
              59.3992
            ]
          ]
        ]
      },
      "properties": {
        "id": "fb60-Vaxholm-1",
        "municipality": "Vaxholm",
        "type": "flerbostadshus",
        "view": "2060"
      }
    },
    {
      "type": "Feature",
      "geometry": {
        "type": "Polygon",
        "coordinates": [
          [
            [
              18.325679999999995,
              59.3992
            ],
            [
              18.32728,
              59.3992
            ],
            [
              18.32728,
              59.4008
            ],
            [
              18.325679999999995,
              59.4008
            ],
            [
              18.325679999999995,
              59.3992
            ]
          ]
        ]
      },
      "properties": {
        "id": "fb60-Vaxholm-2",
        "municipality": "Vaxholm",
        "type": "flerbostadshus",
        "view": "2060"
      }
    },
    {
      "type": "Feature",
      "geometry": {
        "type": "Polygon",
        "coordinates": [
          [
            [
              18.327439999999996,
              59.3992
            ],
            [
              18.32904,
              59.3992
            ],
            [
              18.32904,
              59.4008
            ],
            [
              18.327439999999996,
              59.4008
            ],
            [
              18.327439999999996,
              59.3992
            ]
          ]
        ]
      },
      "properties": {
        "id": "fb60-Vaxholm-3",
        "municipality": "Vaxholm",
        "type": "flerbostadshus",
        "view": "2060"
      }
    },
    {
      "type": "Feature",
      "geometry": {
        "type": "Polygon",
        "coordinates": [
          [
            [
              18.329199999999997,
              59.3992
            ],
            [
              18.3308,
              59.3992
            ],
            [
              18.3308,
              59.4008
            ],
            [
              18.329199999999997,
              59.4008
            ],
            [
              18.329199999999997,
              59.3992
            ]
          ]
        ]
      },
      "properties": {
        "id": "fb60-Vaxholm-4",
        "municipality": "Vaxholm",
        "type": "flerbostadshus",
        "view": "2060"
      }
    },
    {
      "type": "Feature",
      "geometry": {
        "type": "Polygon",
        "coordinates": [
          [
            [
              18.330959999999997,
              59.3992
            ],
            [
              18.33256,
              59.3992
            ],
            [
              18.33256,
              59.4008
            ],
            [
              18.330959999999997,
              59.4008
            ],
            [
              18.330959999999997,
              59.3992
            ]
          ]
        ]
      },
      "properties": {
        "id": "fb60-Vaxholm-5",
        "municipality": "Vaxholm",
        "type": "flerbostadshus",
        "view": "2060"
      }
    },
    {
      "type": "Feature",
      "geometry": {
        "type": "Polygon",
        "coordinates": [
          [
            [
              18.442159999999998,
              59.3292
            ],
            [
              18.44376,
              59.3292
            ],
            [
              18.44376,
              59.330799999999996
            ],
            [
              18.442159999999998,
              59.330799999999996
            ],
            [
              18.442159999999998,
              59.3292
            ]
          ]
        ]
      },
      "properties": {
        "id": "fb60-Värmdö-0",
        "municipality": "Värmdö",
        "type": "flerbostadshus",
        "view": "2060"
      }
    },
    {
      "type": "Feature",
      "geometry": {
        "type": "Polygon",
        "coordinates": [
          [
            [
              18.44392,
              59.3292
            ],
            [
              18.445520000000002,
              59.3292
            ],
            [
              18.445520000000002,
              59.330799999999996
            ],
            [
              18.44392,
              59.330799999999996
            ],
            [
              18.44392,
              59.3292
            ]
          ]
        ]
      },
      "properties": {
        "id": "fb60-Värmdö-1",
        "municipality": "Värmdö",
        "type": "flerbostadshus",
        "view": "2060"
      }
    },
    {
      "type": "Feature",
      "geometry": {
        "type": "Polygon",
        "coordinates": [
          [
            [
              18.445679999999996,
              59.3292
            ],
            [
              18.44728,
              59.3292
            ],
            [
              18.44728,
              59.330799999999996
            ],
            [
              18.445679999999996,
              59.330799999999996
            ],
            [
              18.445679999999996,
              59.3292
            ]
          ]
        ]
      },
      "properties": {
        "id": "fb60-Värmdö-2",
        "municipality": "Värmdö",
        "type": "flerbostadshus",
        "view": "2060"
      }
    },
    {
      "type": "Feature",
      "geometry": {
        "type": "Polygon",
        "coordinates": [
          [
            [
              18.447439999999997,
              59.3292
            ],
            [
              18.44904,
              59.3292
            ],
            [
              18.44904,
              59.330799999999996
            ],
            [
              18.447439999999997,
              59.330799999999996
            ],
            [
              18.447439999999997,
              59.3292
            ]
          ]
        ]
      },
      "properties": {
        "id": "fb60-Värmdö-3",
        "municipality": "Värmdö",
        "type": "flerbostadshus",
        "view": "2060"
      }
    },
    {
      "type": "Feature",
      "geometry": {
        "type": "Polygon",
        "coordinates": [
          [
            [
              18.449199999999998,
              59.3292
            ],
            [
              18.4508,
              59.3292
            ],
            [
              18.4508,
              59.330799999999996
            ],
            [
              18.449199999999998,
              59.330799999999996
            ],
            [
              18.449199999999998,
              59.3292
            ]
          ]
        ]
      },
      "properties": {
        "id": "fb60-Värmdö-4",
        "municipality": "Värmdö",
        "type": "flerbostadshus",
        "view": "2060"
      }
    },
    {
      "type": "Feature",
      "geometry": {
        "type": "Polygon",
        "coordinates": [
          [
            [
              18.45096,
              59.3292
            ],
            [
              18.452560000000002,
              59.3292
            ],
            [
              18.452560000000002,
              59.330799999999996
            ],
            [
              18.45096,
              59.330799999999996
            ],
            [
              18.45096,
              59.3292
            ]
          ]
        ]
      },
      "properties": {
        "id": "fb60-Värmdö-5",
        "municipality": "Värmdö",
        "type": "flerbostadshus",
        "view": "2060"
      }
    },
    {
      "type": "Feature",
      "geometry": {
        "type": "Polygon",
        "coordinates": [
          [
            [
              18.45272,
              59.3292
            ],
            [
              18.454320000000003,
              59.3292
            ],
            [
              18.454320000000003,
              59.330799999999996
            ],
            [
              18.45272,
              59.330799999999996
            ],
            [
              18.45272,
              59.3292
            ]
          ]
        ]
      },
      "properties": {
        "id": "fb60-Värmdö-6",
        "municipality": "Värmdö",
        "type": "flerbostadshus",
        "view": "2060"
      }
    },
    {
      "type": "Feature",
      "geometry": {
        "type": "Polygon",
        "coordinates": [
          [
            [
              18.454479999999997,
              59.3292
            ],
            [
              18.45608,
              59.3292
            ],
            [
              18.45608,
              59.330799999999996
            ],
            [
              18.454479999999997,
              59.330799999999996
            ],
            [
              18.454479999999997,
              59.3292
            ]
          ]
        ]
      },
      "properties": {
        "id": "fb60-Värmdö-7",
        "municipality": "Värmdö",
        "type": "flerbostadshus",
        "view": "2060"
      }
    },
    {
      "type": "Feature",
      "geometry": {
        "type": "Polygon",
        "coordinates": [
          [
            [
              18.442159999999998,
              59.33096
            ],
            [
              18.44376,
              59.33096
            ],
            [
              18.44376,
              59.332559999999994
            ],
            [
              18.442159999999998,
              59.332559999999994
            ],
            [
              18.442159999999998,
              59.33096
            ]
          ]
        ]
      },
      "properties": {
        "id": "fb60-Värmdö-8",
        "municipality": "Värmdö",
        "type": "flerbostadshus",
        "view": "2060"
      }
    },
    {
      "type": "Feature",
      "geometry": {
        "type": "Polygon",
        "coordinates": [
          [
            [
              18.44392,
              59.33096
            ],
            [
              18.445520000000002,
              59.33096
            ],
            [
              18.445520000000002,
              59.332559999999994
            ],
            [
              18.44392,
              59.332559999999994
            ],
            [
              18.44392,
              59.33096
            ]
          ]
        ]
      },
      "properties": {
        "id": "fb60-Värmdö-9",
        "municipality": "Värmdö",
        "type": "flerbostadshus",
        "view": "2060"
      }
    },
    {
      "type": "Feature",
      "geometry": {
        "type": "Polygon",
        "coordinates": [
          [
            [
              18.445679999999996,
              59.33096
            ],
            [
              18.44728,
              59.33096
            ],
            [
              18.44728,
              59.332559999999994
            ],
            [
              18.445679999999996,
              59.332559999999994
            ],
            [
              18.445679999999996,
              59.33096
            ]
          ]
        ]
      },
      "properties": {
        "id": "fb60-Värmdö-10",
        "municipality": "Värmdö",
        "type": "flerbostadshus",
        "view": "2060"
      }
    },
    {
      "type": "Feature",
      "geometry": {
        "type": "Polygon",
        "coordinates": [
          [
            [
              18.447439999999997,
              59.33096
            ],
            [
              18.44904,
              59.33096
            ],
            [
              18.44904,
              59.332559999999994
            ],
            [
              18.447439999999997,
              59.332559999999994
            ],
            [
              18.447439999999997,
              59.33096
            ]
          ]
        ]
      },
      "properties": {
        "id": "fb60-Värmdö-11",
        "municipality": "Värmdö",
        "type": "flerbostadshus",
        "view": "2060"
      }
    },
    {
      "type": "Feature",
      "geometry": {
        "type": "Polygon",
        "coordinates": [
          [
            [
              18.449199999999998,
              59.33096
            ],
            [
              18.4508,
              59.33096
            ],
            [
              18.4508,
              59.332559999999994
            ],
            [
              18.449199999999998,
              59.332559999999994
            ],
            [
              18.449199999999998,
              59.33096
            ]
          ]
        ]
      },
      "properties": {
        "id": "fb60-Värmdö-12",
        "municipality": "Värmdö",
        "type": "flerbostadshus",
        "view": "2060"
      }
    },
    {
      "type": "Feature",
      "geometry": {
        "type": "Polygon",
        "coordinates": [
          [
            [
              18.45096,
              59.33096
            ],
            [
              18.452560000000002,
              59.33096
            ],
            [
              18.452560000000002,
              59.332559999999994
            ],
            [
              18.45096,
              59.332559999999994
            ],
            [
              18.45096,
              59.33096
            ]
          ]
        ]
      },
      "properties": {
        "id": "fb60-Värmdö-13",
        "municipality": "Värmdö",
        "type": "flerbostadshus",
        "view": "2060"
      }
    },
    {
      "type": "Feature",
      "geometry": {
        "type": "Polygon",
        "coordinates": [
          [
            [
              18.45272,
              59.33096
            ],
            [
              18.454320000000003,
              59.33096
            ],
            [
              18.454320000000003,
              59.332559999999994
            ],
            [
              18.45272,
              59.332559999999994
            ],
            [
              18.45272,
              59.33096
            ]
          ]
        ]
      },
      "properties": {
        "id": "fb60-Värmdö-14",
        "municipality": "Värmdö",
        "type": "flerbostadshus",
        "view": "2060"
      }
    },
    {
      "type": "Feature",
      "geometry": {
        "type": "Polygon",
        "coordinates": [
          [
            [
              18.454479999999997,
              59.33096
            ],
            [
              18.45608,
              59.33096
            ],
            [
              18.45608,
              59.332559999999994
            ],
            [
              18.454479999999997,
              59.332559999999994
            ],
            [
              18.454479999999997,
              59.33096
            ]
          ]
        ]
      },
      "properties": {
        "id": "fb60-Värmdö-15",
        "municipality": "Värmdö",
        "type": "flerbostadshus",
        "view": "2060"
      }
    },
    {
      "type": "Feature",
      "geometry": {
        "type": "Polygon",
        "coordinates": [
          [
            [
              18.442159999999998,
              59.33272
            ],
            [
              18.44376,
              59.33272
            ],
            [
              18.44376,
              59.33432
            ],
            [
              18.442159999999998,
              59.33432
            ],
            [
              18.442159999999998,
              59.33272
            ]
          ]
        ]
      },
      "properties": {
        "id": "fb60-Värmdö-16",
        "municipality": "Värmdö",
        "type": "flerbostadshus",
        "view": "2060"
      }
    },
    {
      "type": "Feature",
      "geometry": {
        "type": "Polygon",
        "coordinates": [
          [
            [
              18.44392,
              59.33272
            ],
            [
              18.445520000000002,
              59.33272
            ],
            [
              18.445520000000002,
              59.33432
            ],
            [
              18.44392,
              59.33432
            ],
            [
              18.44392,
              59.33272
            ]
          ]
        ]
      },
      "properties": {
        "id": "fb60-Värmdö-17",
        "municipality": "Värmdö",
        "type": "flerbostadshus",
        "view": "2060"
      }
    },
    {
      "type": "Feature",
      "geometry": {
        "type": "Polygon",
        "coordinates": [
          [
            [
              18.445679999999996,
              59.33272
            ],
            [
              18.44728,
              59.33272
            ],
            [
              18.44728,
              59.33432
            ],
            [
              18.445679999999996,
              59.33432
            ],
            [
              18.445679999999996,
              59.33272
            ]
          ]
        ]
      },
      "properties": {
        "id": "fb60-Värmdö-18",
        "municipality": "Värmdö",
        "type": "flerbostadshus",
        "view": "2060"
      }
    },
    {
      "type": "Feature",
      "geometry": {
        "type": "Polygon",
        "coordinates": [
          [
            [
              18.29216,
              59.4792
            ],
            [
              18.293760000000002,
              59.4792
            ],
            [
              18.293760000000002,
              59.480799999999995
            ],
            [
              18.29216,
              59.480799999999995
            ],
            [
              18.29216,
              59.4792
            ]
          ]
        ]
      },
      "properties": {
        "id": "fb60-Österåker-0",
        "municipality": "Österåker",
        "type": "flerbostadshus",
        "view": "2060"
      }
    },
    {
      "type": "Feature",
      "geometry": {
        "type": "Polygon",
        "coordinates": [
          [
            [
              18.29392,
              59.4792
            ],
            [
              18.295520000000003,
              59.4792
            ],
            [
              18.295520000000003,
              59.480799999999995
            ],
            [
              18.29392,
              59.480799999999995
            ],
            [
              18.29392,
              59.4792
            ]
          ]
        ]
      },
      "properties": {
        "id": "fb60-Österåker-1",
        "municipality": "Österåker",
        "type": "flerbostadshus",
        "view": "2060"
      }
    },
    {
      "type": "Feature",
      "geometry": {
        "type": "Polygon",
        "coordinates": [
          [
            [
              18.295679999999997,
              59.4792
            ],
            [
              18.29728,
              59.4792
            ],
            [
              18.29728,
              59.480799999999995
            ],
            [
              18.295679999999997,
              59.480799999999995
            ],
            [
              18.295679999999997,
              59.4792
            ]
          ]
        ]
      },
      "properties": {
        "id": "fb60-Österåker-2",
        "municipality": "Österåker",
        "type": "flerbostadshus",
        "view": "2060"
      }
    },
    {
      "type": "Feature",
      "geometry": {
        "type": "Polygon",
        "coordinates": [
          [
            [
              18.297439999999998,
              59.4792
            ],
            [
              18.29904,
              59.4792
            ],
            [
              18.29904,
              59.480799999999995
            ],
            [
              18.297439999999998,
              59.480799999999995
            ],
            [
              18.297439999999998,
              59.4792
            ]
          ]
        ]
      },
      "properties": {
        "id": "fb60-Österåker-3",
        "municipality": "Österåker",
        "type": "flerbostadshus",
        "view": "2060"
      }
    },
    {
      "type": "Feature",
      "geometry": {
        "type": "Polygon",
        "coordinates": [
          [
            [
              18.2992,
              59.4792
            ],
            [
              18.300800000000002,
              59.4792
            ],
            [
              18.300800000000002,
              59.480799999999995
            ],
            [
              18.2992,
              59.480799999999995
            ],
            [
              18.2992,
              59.4792
            ]
          ]
        ]
      },
      "properties": {
        "id": "fb60-Österåker-4",
        "municipality": "Österåker",
        "type": "flerbostadshus",
        "view": "2060"
      }
    },
    {
      "type": "Feature",
      "geometry": {
        "type": "Polygon",
        "coordinates": [
          [
            [
              18.30096,
              59.4792
            ],
            [
              18.302560000000003,
              59.4792
            ],
            [
              18.302560000000003,
              59.480799999999995
            ],
            [
              18.30096,
              59.480799999999995
            ],
            [
              18.30096,
              59.4792
            ]
          ]
        ]
      },
      "properties": {
        "id": "fb60-Österåker-5",
        "municipality": "Österåker",
        "type": "flerbostadshus",
        "view": "2060"
      }
    },
    {
      "type": "Feature",
      "geometry": {
        "type": "Polygon",
        "coordinates": [
          [
            [
              18.30272,
              59.4792
            ],
            [
              18.304320000000004,
              59.4792
            ],
            [
              18.304320000000004,
              59.480799999999995
            ],
            [
              18.30272,
              59.480799999999995
            ],
            [
              18.30272,
              59.4792
            ]
          ]
        ]
      },
      "properties": {
        "id": "fb60-Österåker-6",
        "municipality": "Österåker",
        "type": "flerbostadshus",
        "view": "2060"
      }
    },
    {
      "type": "Feature",
      "geometry": {
        "type": "Polygon",
        "coordinates": [
          [
            [
              18.304479999999998,
              59.4792
            ],
            [
              18.30608,
              59.4792
            ],
            [
              18.30608,
              59.480799999999995
            ],
            [
              18.304479999999998,
              59.480799999999995
            ],
            [
              18.304479999999998,
              59.4792
            ]
          ]
        ]
      },
      "properties": {
        "id": "fb60-Österåker-7",
        "municipality": "Österåker",
        "type": "flerbostadshus",
        "view": "2060"
      }
    },
    {
      "type": "Feature",
      "geometry": {
        "type": "Polygon",
        "coordinates": [
          [
            [
              18.29216,
              59.480959999999996
            ],
            [
              18.293760000000002,
              59.480959999999996
            ],
            [
              18.293760000000002,
              59.48255999999999
            ],
            [
              18.29216,
              59.48255999999999
            ],
            [
              18.29216,
              59.480959999999996
            ]
          ]
        ]
      },
      "properties": {
        "id": "fb60-Österåker-8",
        "municipality": "Österåker",
        "type": "flerbostadshus",
        "view": "2060"
      }
    },
    {
      "type": "Feature",
      "geometry": {
        "type": "Polygon",
        "coordinates": [
          [
            [
              18.29392,
              59.480959999999996
            ],
            [
              18.295520000000003,
              59.480959999999996
            ],
            [
              18.295520000000003,
              59.48255999999999
            ],
            [
              18.29392,
              59.48255999999999
            ],
            [
              18.29392,
              59.480959999999996
            ]
          ]
        ]
      },
      "properties": {
        "id": "fb60-Österåker-9",
        "municipality": "Österåker",
        "type": "flerbostadshus",
        "view": "2060"
      }
    },
    {
      "type": "Feature",
      "geometry": {
        "type": "Polygon",
        "coordinates": [
          [
            [
              18.295679999999997,
              59.480959999999996
            ],
            [
              18.29728,
              59.480959999999996
            ],
            [
              18.29728,
              59.48255999999999
            ],
            [
              18.295679999999997,
              59.48255999999999
            ],
            [
              18.295679999999997,
              59.480959999999996
            ]
          ]
        ]
      },
      "properties": {
        "id": "fb60-Österåker-10",
        "municipality": "Österåker",
        "type": "flerbostadshus",
        "view": "2060"
      }
    },
    {
      "type": "Feature",
      "geometry": {
        "type": "Polygon",
        "coordinates": [
          [
            [
              18.297439999999998,
              59.480959999999996
            ],
            [
              18.29904,
              59.480959999999996
            ],
            [
              18.29904,
              59.48255999999999
            ],
            [
              18.297439999999998,
              59.48255999999999
            ],
            [
              18.297439999999998,
              59.480959999999996
            ]
          ]
        ]
      },
      "properties": {
        "id": "fb60-Österåker-11",
        "municipality": "Österåker",
        "type": "flerbostadshus",
        "view": "2060"
      }
    },
    {
      "type": "Feature",
      "geometry": {
        "type": "Polygon",
        "coordinates": [
          [
            [
              18.2992,
              59.480959999999996
            ],
            [
              18.300800000000002,
              59.480959999999996
            ],
            [
              18.300800000000002,
              59.48255999999999
            ],
            [
              18.2992,
              59.48255999999999
            ],
            [
              18.2992,
              59.480959999999996
            ]
          ]
        ]
      },
      "properties": {
        "id": "fb60-Österåker-12",
        "municipality": "Österåker",
        "type": "flerbostadshus",
        "view": "2060"
      }
    },
    {
      "type": "Feature",
      "geometry": {
        "type": "Polygon",
        "coordinates": [
          [
            [
              18.30096,
              59.480959999999996
            ],
            [
              18.302560000000003,
              59.480959999999996
            ],
            [
              18.302560000000003,
              59.48255999999999
            ],
            [
              18.30096,
              59.48255999999999
            ],
            [
              18.30096,
              59.480959999999996
            ]
          ]
        ]
      },
      "properties": {
        "id": "fb60-Österåker-13",
        "municipality": "Österåker",
        "type": "flerbostadshus",
        "view": "2060"
      }
    },
    {
      "type": "Feature",
      "geometry": {
        "type": "Polygon",
        "coordinates": [
          [
            [
              18.30272,
              59.480959999999996
            ],
            [
              18.304320000000004,
              59.480959999999996
            ],
            [
              18.304320000000004,
              59.48255999999999
            ],
            [
              18.30272,
              59.48255999999999
            ],
            [
              18.30272,
              59.480959999999996
            ]
          ]
        ]
      },
      "properties": {
        "id": "fb60-Österåker-14",
        "municipality": "Österåker",
        "type": "flerbostadshus",
        "view": "2060"
      }
    },
    {
      "type": "Feature",
      "geometry": {
        "type": "Polygon",
        "coordinates": [
          [
            [
              18.304479999999998,
              59.480959999999996
            ],
            [
              18.30608,
              59.480959999999996
            ],
            [
              18.30608,
              59.48255999999999
            ],
            [
              18.304479999999998,
              59.48255999999999
            ],
            [
              18.304479999999998,
              59.480959999999996
            ]
          ]
        ]
      },
      "properties": {
        "id": "fb60-Österåker-15",
        "municipality": "Österåker",
        "type": "flerbostadshus",
        "view": "2060"
      }
    },
    {
      "type": "Feature",
      "geometry": {
        "type": "Polygon",
        "coordinates": [
          [
            [
              18.29216,
              59.48272
            ],
            [
              18.293760000000002,
              59.48272
            ],
            [
              18.293760000000002,
              59.48432
            ],
            [
              18.29216,
              59.48432
            ],
            [
              18.29216,
              59.48272
            ]
          ]
        ]
      },
      "properties": {
        "id": "fb60-Österåker-16",
        "municipality": "Österåker",
        "type": "flerbostadshus",
        "view": "2060"
      }
    },
    {
      "type": "Feature",
      "geometry": {
        "type": "Polygon",
        "coordinates": [
          [
            [
              18.29392,
              59.48272
            ],
            [
              18.295520000000003,
              59.48272
            ],
            [
              18.295520000000003,
              59.48432
            ],
            [
              18.29392,
              59.48432
            ],
            [
              18.29392,
              59.48272
            ]
          ]
        ]
      },
      "properties": {
        "id": "fb60-Österåker-17",
        "municipality": "Österåker",
        "type": "flerbostadshus",
        "view": "2060"
      }
    }
  ]
}