{"type":"FeatureCollection","features":[{"type":"Feature","geometry":{"type":"Polygon","coordinates":[[[17.795017219898256,59.19013644787742],[17.809884949355663,59.19013644787742],[17.809884949355663,59.18270258314872],[17.80492903953653,59.18270258314872],[17.80492903953653,59.175268718420014],[17.79997312971739,59.175268718420014],[17.79997312971739,59.18270258314872],[17.795017219898256,59.18270258314872],[17.795017219898256,59.19013644787742]]]},"properties":{"id":"fb-Botkyrka-0","municipality":"Botkyrka","type":"flerbostadshus","view":"current","height":600}},{"type":"Feature","geometry":{"type":"Polygon","coordinates":[[[17.776528571869733,59.13951158114677],[17.79139630132714,59.13951158114677],[17.79139630132714,59.15437931060418],[17.776528571869733,59.15437931060418],[17.776528571869733,59.13951158114677]]]},"properties":{"id":"fb-Botkyrka-1","municipality":"Botkyrka","type":"flerbostadshus","view":"current","height":600}},{"type":"Feature","geometry":{"type":"Polygon","coordinates":[[[17.77662458499833,59.24964403917431],[17.791492314455738,59.24964403917431],[17.791492314455738,59.25707790390302],[17.784058449727034,59.25707790390302],[17.784058449727034,59.26451176863172],[17.77662458499833,59.26451176863172],[17.77662458499833,59.24964403917431]]]},"properties":{"id":"fb-Botkyrka-2","municipality":"Botkyrka","type":"flerbostadshus","view":"current","height":600}},{"type":"Feature","geometry":{"type":"Polygon","coordinates":[[[17.86964390790034,59.17300064589321],[17.884511637357747,59.17300064589321],[17.884511637357747,59.16556678116451],[17.879555727538612,59.16556678116451],[17.879555727538612,59.158132916435804],[17.874599817719474,59.158132916435804],[17.874599817719474,59.16556678116451],[17.86964390790034,59.16556678116451],[17.86964390790034,59.17300064589321]]]},"properties":{"id":"fb-Botkyrka-3","municipality":"Botkyrka","type":"flerbostadshus","view":"current","height":600}},{"type":"Feature","geometry":{"type":"Polygon","coordinates":[[[17.813985935563668,59.24968071264159],[17.828853665021075,59.24968071264159],[17.828853665021075,59.264548442099],[17.813985935563668,59.264548442099],[17.813985935563668,59.24968071264159]]]},"properties":{"id":"fb-Botkyrka-4","municipality":"Botkyrka","type":"flerbostadshus","view":"current","height":600}},{"type":"Feature","geometry":{"type":"Polygon","coordinates":[[[17.70257397842637,59.0838309432807],[17.717441707883776,59.0838309432807],[17.717441707883776,59.09869867273811],[17.70257397842637,59.09869867273811],[17.70257397842637,59.0838309432807]]]},"properties":{"id":"fb-Botkyrka-5","municipality":"Botkyrka","type":"flerbostadshus","view":"current","height":600}},{"type":"Feature","geometry":{"type":"Polygon","coordinates":[[[17.739839315198473,59.13449248347863],[17.75470704465588,59.13449248347863],[17.75470704465588,59.12705861874993],[17.749751134836746,59.12705861874993],[17.749751134836746,59.119624754021224],[17.744795225017608,59.119624754021224],[17.744795225017608,59.12705861874993],[17.739839315198473,59.12705861874993],[17.739839315198473,59.13449248347863]]]},"properties":{"id":"fb-Botkyrka-6","municipality":"Botkyrka","type":"flerbostadshus","view":"current","height":600}},{"type":"Feature","geometry":{"type":"Polygon","coordinates":[[[17.721350667169954,59.065282954926225],[17.73621839662736,59.065282954926225],[17.73621839662736,59.08015068438363],[17.721350667169954,59.08015068438363],[17.721350667169954,59.065282954926225]]]},"properties":{"id":"fb-Botkyrka-7","municipality":"Botkyrka","type":"flerbostadshus","view":"current","height":600}},{"type":"Feature","geometry":{"type":"Polygon","coordinates":[[[17.75861600394206,59.13824608931026],[17.773483733399466,59.13824608931026],[17.773483733399466,59.153113818767665],[17.75861600394206,59.153113818767665],[17.75861600394206,59.13824608931026]]]},"properties":{"id":"fb-Botkyrka-8","municipality":"Botkyrka","type":"flerbostadshus","view":"current","height":600}},{"type":"Feature","geometry":{"type":"Polygon","coordinates":[[[17.851635326844068,59.213996922967546],[17.866503056301475,59.213996922967546],[17.866503056301475,59.22143078769625],[17.85906919157277,59.22143078769625],[17.85906919157277,59.22886465242495],[17.851635326844068,59.22886465242495],[17.851635326844068,59.213996922967546]]]},"properties":{"id":"fb-Botkyrka-9","municipality":"Botkyrka","type":"flerbostadshus","view":"current","height":600}},{"type":"Feature","geometry":{"type":"Polygon","coordinates":[[[17.77739269268564,59.21262141072919],[17.79226042214305,59.21262141072919],[17.79226042214305,59.2274891401866],[17.77739269268564,59.2274891401866],[17.77739269268564,59.21262141072919]]]},"properties":{"id":"fb-Botkyrka-10","municipality":"Botkyrka","type":"flerbostadshus","view":"current","height":600}},{"type":"Feature","geometry":{"type":"Polygon","coordinates":[[[17.92616600105292,59.139694949812444],[17.941033730510327,59.139694949812444],[17.941033730510327,59.15456267926985],[17.92616600105292,59.15456267926985],[17.92616600105292,59.139694949812444]]]},"properties":{"id":"fb-Botkyrka-11","municipality":"Botkyrka","type":"flerbostadshus","view":"current","height":600}},{"type":"Feature","geometry":{"type":"Polygon","coordinates":[[[17.851923366894493,59.19407342237472],[17.8667910963519,59.19407342237472],[17.8667910963519,59.201507287103425],[17.859357231623196,59.201507287103425],[17.859357231623196,59.20894115183213],[17.851923366894493,59.20894115183213],[17.851923366894493,59.19407342237472]]]},"properties":{"id":"fb-Botkyrka-12","municipality":"Botkyrka","type":"flerbostadshus","view":"current","height":600}},{"type":"Feature","geometry":{"type":"Polygon","coordinates":[[[17.90777336615299,59.12114696145797],[17.9226410956104,59.12114696145797],[17.9226410956104,59.136014690915374],[17.90777336615299,59.136014690915374],[17.90777336615299,59.12114696145797]]]},"properties":{"id":"fb-Botkyrka-13","municipality":"Botkyrka","type":"flerbostadshus","view":"current","height":600}},{"type":"Feature","geometry":{"type":"Polygon","coordinates":[[[17.867912356364812,59.10118678673322],[17.88278008582222,59.10118678673322],[17.88278008582222,59.11605451619063],[17.867912356364812,59.11605451619063],[17.867912356364812,59.10118678673322]]]},"properties":{"id":"fb-Botkyrka-14","municipality":"Botkyrka","type":"flerbostadshus","view":"current","height":600}},{"type":"Feature","geometry":{"type":"Polygon","coordinates":[[[17.81225438469278,59.21410694403402],[17.827122114150185,59.21410694403402],[17.827122114150185,59.221540808762725],[17.819688249421482,59.221540808762725],[17.819688249421482,59.22897467349143],[17.81225438469278,59.22897467349143],[17.81225438469278,59.21410694403402]]]},"properties":{"id":"fb-Botkyrka-15","municipality":"Botkyrka","type":"flerbostadshus","view":"current","height":600}},{"type":"Feature","geometry":{"type":"Polygon","coordinates":[[[17.73801175053435,59.17184517578781],[17.75287947999176,59.17184517578781],[17.75287947999176,59.164411311059105],[17.747923570172624,59.164411311059105],[17.747923570172624,59.1569774463304],[17.742967660353486,59.1569774463304],[17.742967660353486,59.164411311059105],[17.73801175053435,59.164411311059105],[17.73801175053435,59.17184517578781]]]},"properties":{"id":"fb-Botkyrka-16","municipality":"Botkyrka","type":"flerbostadshus","view":"current","height":600}},{"type":"Feature","geometry":{"type":"Polygon","coordinates":[[[17.868200397079875,59.17697429452243],[17.88306812653728,59.17697429452243],[17.88306812653728,59.19184202397984],[17.868200397079875,59.19184202397984],[17.868200397079875,59.17697429452243]]]},"properties":{"id":"fb-Botkyrka-17","municipality":"Botkyrka","type":"flerbostadshus","view":"current","height":600}},{"type":"Feature","geometry":{"type":"Polygon","coordinates":[[[17.849711748386714,59.15701411979768],[17.86457947784412,59.15701411979768],[17.86457947784412,59.16444798452638],[17.857145613115417,59.16444798452638],[17.857145613115417,59.17188184925509],[17.849711748386714,59.17188184925509],[17.849711748386714,59.15701411979768]]]},"properties":{"id":"fb-Botkyrka-18","municipality":"Botkyrka","type":"flerbostadshus","view":"current","height":600}},{"type":"Feature","geometry":{"type":"Polygon","coordinates":[[[17.924146409466967,59.17329403562536],[17.939014138924374,59.17329403562536],[17.939014138924374,59.16586017089666],[17.93405822910524,59.16586017089666],[17.93405822910524,59.158426306167954],[17.929102319286102,59.158426306167954],[17.929102319286102,59.16586017089666],[17.924146409466967,59.16586017089666],[17.924146409466967,59.17329403562536]]]},"properties":{"id":"fb-Botkyrka-19","municipality":"Botkyrka","type":"flerbostadshus","view":"current","height":600}},{"type":"Feature","geometry":{"type":"Polygon","coordinates":[[[17.794149789843274,59.082712145977936],[17.80901751930068,59.082712145977936],[17.80901751930068,59.09757987543534],[17.794149789843274,59.09757987543534],[17.794149789843274,59.082712145977936]]]},"properties":{"id":"fb-Botkyrka-20","municipality":"Botkyrka","type":"flerbostadshus","view":"current","height":600}},{"type":"Feature","geometry":{"type":"Polygon","coordinates":[[[17.71990715634949,59.10270899483461],[17.734774885806896,59.10270899483461],[17.734774885806896,59.11014285956331],[17.727341021078193,59.11014285956331],[17.727341021078193,59.117576724292014],[17.71990715634949,59.117576724292014],[17.71990715634949,59.10270899483461]]]},"properties":{"id":"fb-Botkyrka-21","municipality":"Botkyrka","type":"flerbostadshus","view":"current","height":600}},{"type":"Feature","geometry":{"type":"Polygon","coordinates":[[[18.068877620332195,59.393427680494085],[18.079005572032266,59.393427680494085],[18.079005572032266,59.38836370464405],[18.07562958813224,59.38836370464405],[18.07562958813224,59.383299728794015],[18.07225360423222,59.383299728794015],[18.07225360423222,59.38836370464405],[18.068877620332195,59.38836370464405],[18.068877620332195,59.393427680494085]]]},"properties":{"id":"fb-Danderyd-0","municipality":"Danderyd","type":"flerbostadshus","view":"current","height":600}},{"type":"Feature","geometry":{"type":"Polygon","coordinates":[[[18.043623145802865,59.39692165494102],[18.053751097502936,59.39692165494102],[18.053751097502936,59.40704960664109],[18.043623145802865,59.40704960664109],[18.043623145802865,59.39692165494102]]]},"properties":{"id":"fb-Danderyd-1","municipality":"Danderyd","type":"flerbostadshus","view":"current","height":600}},{"type":"Feature","geometry":{"type":"Polygon","coordinates":[[[18.005708731648454,59.39598465051918],[18.015836683348525,59.39598465051918],[18.015836683348525,59.40104862636922],[18.01077270749849,59.40104862636922],[18.01077270749849,59.40611260221925],[18.005708731648454,59.40611260221925],[18.005708731648454,59.39598465051918]]]},"properties":{"id":"fb-Danderyd-2","municipality":"Danderyd","type":"flerbostadshus","view":"current","height":600}},{"type":"Feature","geometry":{"type":"Polygon","coordinates":[[[18.069073834494716,59.41973452859263],[18.079201786194787,59.41973452859263],[18.079201786194787,59.41467055274259],[18.075825802294762,59.41467055274259],[18.075825802294762,59.40960657689256],[18.07244981839474,59.40960657689256],[18.07244981839474,59.41467055274259],[18.069073834494716,59.41467055274259],[18.069073834494716,59.41973452859263]]]},"properties":{"id":"fb-Danderyd-3","municipality":"Danderyd","type":"flerbostadshus","view":"current","height":600}},{"type":"Feature","geometry":{"type":"Polygon","coordinates":[[[18.09445911846573,59.38334969322056],[18.1045870701658,59.38334969322056],[18.1045870701658,59.39347764492063],[18.09445911846573,59.39347764492063],[18.09445911846573,59.38334969322056]]]},"properties":{"id":"fb-Danderyd-4","municipality":"Danderyd","type":"flerbostadshus","view":"current","height":600}},{"type":"Feature","geometry":{"type":"Polygon","coordinates":[[[18.031224825061145,59.42229149861772],[18.041352776761215,59.42229149861772],[18.041352776761215,59.42735547446775],[18.03628880091118,59.42735547446775],[18.03628880091118,59.43241945031779],[18.031224825061145,59.43241945031779],[18.031224825061145,59.42229149861772]]]},"properties":{"id":"fb-Danderyd-5","municipality":"Danderyd","type":"flerbostadshus","view":"current","height":600}},{"type":"Feature","geometry":{"type":"Polygon","coordinates":[[[17.872186038052565,59.3111600524121],[17.908557790693447,59.3111600524121],[17.908557790693447,59.347531805052974],[17.872186038052565,59.347531805052974],[17.872186038052565,59.3111600524121]]]},"properties":{"id":"fb-Ekerö-0","municipality":"Ekerö","type":"flerbostadshus","view":"current","height":600}},{"type":"Feature","geometry":{"type":"Polygon","coordinates":[[[18.295516606843492,58.978950187627234],[18.328321400980762,58.978950187627234],[18.328321400980762,58.962547790558595],[18.317386469601672,58.962547790558595],[18.317386469601672,58.94614539348996],[18.306451538222582,58.94614539348996],[18.306451538222582,58.962547790558595],[18.295516606843492,58.962547790558595],[18.295516606843492,58.978950187627234]]]},"properties":{"id":"fb-Haninge-0","municipality":"Haninge","type":"flerbostadshus","view":"current","height":600}},{"type":"Feature","geometry":{"type":"Polygon","coordinates":[[[18.090698492425247,58.82624332534538],[18.123503286562517,58.82624332534538],[18.123503286562517,58.85904811948266],[18.090698492425247,58.85904811948266],[18.090698492425247,58.82624332534538]]]},"properties":{"id":"fb-Haninge-1","municipality":"Haninge","type":"flerbostadshus","view":"current","height":600}},{"type":"Feature","geometry":{"type":"Polygon","coordinates":[[[18.213928317913233,59.02823829820627],[18.246733112050503,59.02823829820627],[18.246733112050503,59.04464069527491],[18.230330714981868,59.04464069527491],[18.230330714981868,59.061043092343546],[18.213928317913233,59.061043092343546],[18.213928317913233,59.02823829820627]]]},"properties":{"id":"fb-Haninge-2","municipality":"Haninge","type":"flerbostadshus","view":"current","height":600}},{"type":"Feature","geometry":{"type":"Polygon","coordinates":[[[18.21414016685294,58.900135030060895],[18.24694496099021,58.900135030060895],[18.24694496099021,58.883732632992256],[18.23601002961112,58.883732632992256],[18.23601002961112,58.86733023592362],[18.22507509823203,58.86733023592362],[18.22507509823203,58.883732632992256],[18.21414016685294,58.883732632992256],[18.21414016685294,58.900135030060895]]]},"properties":{"id":"fb-Haninge-3","municipality":"Haninge","type":"flerbostadshus","view":"current","height":600}},{"type":"Feature","geometry":{"type":"Polygon","coordinates":[[[18.091334036311387,59.11033120145609],[18.124138830448658,59.11033120145609],[18.124138830448658,59.14313599559337],[18.091334036311387,59.14313599559337],[18.091334036311387,59.11033120145609]]]},"properties":{"id":"fb-Haninge-4","municipality":"Haninge","type":"flerbostadshus","view":"current","height":600}},{"type":"Feature","geometry":{"type":"Polygon","coordinates":[[[18.419593826623807,59.19545909520296],[18.452398620761077,59.19545909520296],[18.452398620761077,59.2118614922716],[18.43599622369244,59.2118614922716],[18.43599622369244,59.22826388934024],[18.419593826623807,59.22826388934024],[18.419593826623807,59.19545909520296]]]},"properties":{"id":"fb-Haninge-5","municipality":"Haninge","type":"flerbostadshus","view":"current","height":600}},{"type":"Feature","geometry":{"type":"Polygon","coordinates":[[[18.132763725395897,58.979192944280165],[18.165568519533167,58.979192944280165],[18.165568519533167,58.962790547211526],[18.154633588154077,58.962790547211526],[18.154633588154077,58.94638815014289],[18.143698656774987,58.94638815014289],[18.143698656774987,58.962790547211526],[18.132763725395897,58.962790547211526],[18.132763725395897,58.979192944280165]]]},"properties":{"id":"fb-Haninge-6","municipality":"Haninge","type":"flerbostadshus","view":"current","height":600}},{"type":"Feature","geometry":{"type":"Polygon","coordinates":[[[18.255993552350372,58.94950405854659],[18.288798346487642,58.94950405854659],[18.288798346487642,58.982308852683865],[18.255993552350372,58.982308852683865],[18.255993552350372,58.94950405854659]]]},"properties":{"id":"fb-Haninge-7","municipality":"Haninge","type":"flerbostadshus","view":"current","height":600}},{"type":"Feature","geometry":{"type":"Polygon","coordinates":[[[18.13318742180882,59.02848105339272],[18.16599221594609,59.02848105339272],[18.16599221594609,59.044883450461356],[18.149589818877455,59.044883450461356],[18.149589818877455,59.061285847529994],[18.13318742180882,59.061285847529994],[18.13318742180882,59.02848105339272]]]},"properties":{"id":"fb-Haninge-8","municipality":"Haninge","type":"flerbostadshus","view":"current","height":600}},{"type":"Feature","geometry":{"type":"Polygon","coordinates":[[[18.50245320479283,59.06440175593369],[18.5352579989301,59.06440175593369],[18.5352579989301,59.04799935886505],[18.52432306755101,59.04799935886505],[18.52432306755101,59.03159696179641],[18.51338813617192,59.03159696179641],[18.51338813617192,59.04799935886505],[18.50245320479283,59.04799935886505],[18.50245320479283,59.06440175593369]]]},"properties":{"id":"fb-Haninge-9","municipality":"Haninge","type":"flerbostadshus","view":"current","height":600}},{"type":"Feature","geometry":{"type":"Polygon","coordinates":[[[18.09260512555015,58.90554399328461],[18.12540991968742,58.90554399328461],[18.12540991968742,58.93834878742189],[18.09260512555015,58.93834878742189],[18.09260512555015,58.90554399328461]]]},"properties":{"id":"fb-Haninge-10","municipality":"Haninge","type":"flerbostadshus","view":"current","height":600}},{"type":"Feature","geometry":{"type":"Polygon","coordinates":[[[18.496726002305014,59.15469585918431],[18.529530796442284,59.15469585918431],[18.529530796442284,59.17109825625295],[18.51312839937365,59.17109825625295],[18.51312839937365,59.187500653321585],[18.496726002305014,59.187500653321585],[18.496726002305014,59.15469585918431]]]},"properties":{"id":"fb-Haninge-11","municipality":"Haninge","type":"flerbostadshus","view":"current","height":600}},{"type":"Feature","geometry":{"type":"Polygon","coordinates":[[[18.373919871763462,58.97943569946661],[18.406724665900732,58.97943569946661],[18.406724665900732,58.963033302397974],[18.395789734521642,58.963033302397974],[18.395789734521642,58.946630905329336],[18.384854803142552,58.946630905329336],[18.384854803142552,58.963033302397974],[18.373919871763462,58.963033302397974],[18.373919871763462,58.97943569946661]]]},"properties":{"id":"fb-Haninge-12","municipality":"Haninge","type":"flerbostadshus","view":"current","height":600}},{"type":"Feature","geometry":{"type":"Polygon","coordinates":[[[18.538155689923038,58.99075280640462],[18.570960484060308,58.99075280640462],[18.570960484060308,59.0235576005419],[18.538155689923038,59.0235576005419],[18.538155689923038,58.99075280640462]]]},"properties":{"id":"fb-Haninge-13","municipality":"Haninge","type":"flerbostadshus","view":"current","height":600}},{"type":"Feature","geometry":{"type":"Polygon","coordinates":[[[18.169313604818434,58.82369384522123],[18.202118398955704,58.82369384522123],[18.202118398955704,58.84009624228987],[18.18571600188707,58.84009624228987],[18.18571600188707,58.856498639358506],[18.169313604818434,58.856498639358506],[18.169313604818434,58.82369384522123]]]},"properties":{"id":"fb-Haninge-14","municipality":"Haninge","type":"flerbostadshus","view":"current","height":600}},{"type":"Feature","geometry":{"type":"Polygon","coordinates":[[[18.128519459620062,58.90062054043379],[18.161324253757332,58.90062054043379],[18.161324253757332,58.88421814336515],[18.150389322378242,58.88421814336515],[18.150389322378242,58.867815746296515],[18.139454390999152,58.867815746296515],[18.139454390999152,58.88421814336515],[18.128519459620062,58.88421814336515],[18.128519459620062,58.90062054043379]]]},"properties":{"id":"fb-Haninge-15","municipality":"Haninge","type":"flerbostadshus","view":"current","height":600}},{"type":"Feature","geometry":{"type":"Polygon","coordinates":[[[18.292755279246126,58.90578674847106],[18.325560073383397,58.90578674847106],[18.325560073383397,58.938591542608336],[18.292755279246126,58.938591542608336],[18.292755279246126,58.90578674847106]]]},"properties":{"id":"fb-Haninge-16","municipality":"Haninge","type":"flerbostadshus","view":"current","height":600}},{"type":"Feature","geometry":{"type":"Polygon","coordinates":[[[18.087937163361396,58.78588468032648],[18.120741957498666,58.78588468032648],[18.120741957498666,58.80228707739512],[18.10433956043003,58.80228707739512],[18.10433956043003,58.81868947446376],[18.087937163361396,58.81868947446376],[18.087937163361396,58.78588468032648]]]},"properties":{"id":"fb-Haninge-17","municipality":"Haninge","type":"flerbostadshus","view":"current","height":600}},{"type":"Feature","geometry":{"type":"Polygon","coordinates":[[[18.04714301962951,58.97967845465306],[18.07994781376678,58.97967845465306],[18.07994781376678,58.96327605758442],[18.06901288238769,58.96327605758442],[18.06901288238769,58.946873660515784],[18.0580779510086,58.946873660515784],[18.0580779510086,58.96327605758442],[18.04714301962951,58.96327605758442],[18.04714301962951,58.97967845465306]]]},"properties":{"id":"fb-Haninge-18","municipality":"Haninge","type":"flerbostadshus","view":"current","height":600}},{"type":"Feature","geometry":{"type":"Polygon","coordinates":[[[18.211378837789084,59.15501953227741],[18.244183631926354,59.15501953227741],[18.244183631926354,59.187824326414685],[18.211378837789084,59.187824326414685],[18.211378837789084,59.15501953227741]]]},"properties":{"id":"fb-Haninge-19","municipality":"Haninge","type":"flerbostadshus","view":"current","height":600}},{"type":"Feature","geometry":{"type":"Polygon","coordinates":[[[18.29360267207197,58.86494259307926],[18.32640746620924,58.86494259307926],[18.32640746620924,58.89774738721654],[18.29360267207197,58.89774738721654],[18.29360267207197,58.86494259307926]]]},"properties":{"id":"fb-Haninge-20","municipality":"Haninge","type":"flerbostadshus","view":"current","height":600}},{"type":"Feature","geometry":{"type":"Polygon","coordinates":[[[18.252808526873594,58.94186928829183],[18.285613321010864,58.94186928829183],[18.285613321010864,58.92546689122319],[18.274678389631774,58.92546689122319],[18.274678389631774,58.90906449415455],[18.263743458252684,58.90906449415455],[18.263743458252684,58.92546689122319],[18.252808526873594,58.92546689122319],[18.252808526873594,58.94186928829183]]]},"properties":{"id":"fb-Haninge-21","municipality":"Haninge","type":"flerbostadshus","view":"current","height":600}},{"type":"Feature","geometry":{"type":"Polygon","coordinates":[[[17.86987839380556,59.25256756564395],[17.879681018448697,59.25256756564395],[17.879681018448697,59.26237019028708],[17.86987839380556,59.26237019028708],[17.86987839380556,59.25256756564395]]]},"properties":{"id":"fb-Huddinge-0","municipality":"Huddinge","type":"flerbostadshus","view":"current","height":600}},{"type":"Feature","geometry":{"type":"Polygon","coordinates":[[[17.906701540027125,59.253498651575256],[17.91650416467026,59.253498651575256],[17.91650416467026,59.263301276218385],[17.906701540027125,59.263301276218385],[17.906701540027125,59.253498651575256]]]},"properties":{"id":"fb-Huddinge-1","municipality":"Huddinge","type":"flerbostadshus","view":"current","height":600}},{"type":"Feature","geometry":{"type":"Polygon","coordinates":[[[17.955777967052605,59.25259174544076],[17.96558059169574,59.25259174544076],[17.96558059169574,59.257493057762325],[17.960679279374173,59.257493057762325],[17.960679279374173,59.26239437008389],[17.955777967052605,59.26239437008389],[17.955777967052605,59.25259174544076]]]},"properties":{"id":"fb-Huddinge-2","municipality":"Huddinge","type":"flerbostadshus","view":"current","height":600}},{"type":"Feature","geometry":{"type":"Polygon","coordinates":[[[18.017107674882,59.21676298896031],[18.026910299525134,59.21676298896031],[18.026910299525134,59.22656561360344],[18.017107674882,59.22656561360344],[18.017107674882,59.21676298896031]]]},"properties":{"id":"fb-Huddinge-3","municipality":"Huddinge","type":"flerbostadshus","view":"current","height":600}},{"type":"Feature","geometry":{"type":"Polygon","coordinates":[[[18.066184101907478,59.228109363629734],[18.075986726550614,59.228109363629734],[18.075986726550614,59.23791198827286],[18.066184101907478,59.23791198827286],[18.066184101907478,59.228109363629734]]]},"properties":{"id":"fb-Huddinge-4","municipality":"Huddinge","type":"flerbostadshus","view":"current","height":600}},{"type":"Feature","geometry":{"type":"Polygon","coordinates":[[[17.931461316874234,59.21678716875712],[17.94126394151737,59.21678716875712],[17.94126394151737,59.22168848107869],[17.936362629195802,59.22168848107869],[17.936362629195802,59.22658979340025],[17.931461316874234,59.22658979340025],[17.931461316874234,59.21678716875712]]]},"properties":{"id":"fb-Huddinge-5","municipality":"Huddinge","type":"flerbostadshus","view":"current","height":600}},{"type":"Feature","geometry":{"type":"Polygon","coordinates":[[[17.892926786151722,59.2624427296775],[17.90272941079486,59.2624427296775],[17.90272941079486,59.25754141735594],[17.899461869247148,59.25754141735594],[17.899461869247148,59.252640105034374],[17.896194327699433,59.252640105034374],[17.896194327699433,59.25754141735594],[17.892926786151722,59.25754141735594],[17.892926786151722,59.2624427296775]]]},"properties":{"id":"fb-Huddinge-6","municipality":"Huddinge","type":"flerbostadshus","view":"current","height":600}},{"type":"Feature","geometry":{"type":"Polygon","coordinates":[[[17.905243370765458,59.24131791016177],[17.915045995408594,59.24131791016177],[17.915045995408594,59.2511205348049],[17.905243370765458,59.2511205348049],[17.905243370765458,59.24131791016177]]]},"properties":{"id":"fb-Huddinge-7","municipality":"Huddinge","type":"flerbostadshus","view":"current","height":600}},{"type":"Feature","geometry":{"type":"Polygon","coordinates":[[[18.076852605830084,59.20365116161551],[18.08665523047322,59.20365116161551],[18.08665523047322,59.208552473937075],[18.08175391815165,59.208552473937075],[18.08175391815165,59.21345378625864],[18.076852605830084,59.21345378625864],[18.076852605830084,59.20365116161551]]]},"properties":{"id":"fb-Huddinge-8","municipality":"Huddinge","type":"flerbostadshus","view":"current","height":600}},{"type":"Feature","geometry":{"type":"Polygon","coordinates":[[[17.92987653999293,59.21438487218995],[17.939679164636065,59.21438487218995],[17.939679164636065,59.20948355986839],[17.936411623088354,59.20948355986839],[17.936411623088354,59.204582247546824],[17.93314408154064,59.204582247546824],[17.93314408154064,59.20948355986839],[17.92987653999293,59.20948355986839],[17.92987653999293,59.21438487218995]]]},"properties":{"id":"fb-Huddinge-9","municipality":"Huddinge","type":"flerbostadshus","view":"current","height":600}},{"type":"Feature","geometry":{"type":"Polygon","coordinates":[[[17.893180001391006,59.22818190302016],[17.90298262603414,59.22818190302016],[17.90298262603414,59.237984527663286],[17.893180001391006,59.237984527663286],[17.893180001391006,59.22818190302016]]]},"properties":{"id":"fb-Huddinge-10","municipality":"Huddinge","type":"flerbostadshus","view":"current","height":600}},{"type":"Feature","geometry":{"type":"Polygon","coordinates":[[[18.040282674847802,59.22911298895147],[18.050085299490938,59.22911298895147],[18.050085299490938,59.234014301273035],[18.04518398716937,59.234014301273035],[18.04518398716937,59.2389156135946],[18.040282674847802,59.2389156135946],[18.040282674847802,59.22911298895147]]]},"properties":{"id":"fb-Huddinge-11","municipality":"Huddinge","type":"flerbostadshus","view":"current","height":600}},{"type":"Feature","geometry":{"type":"Polygon","coordinates":[[[18.052599259461534,59.22575542665618],[18.06240188410467,59.22575542665618],[18.06240188410467,59.220854114334614],[18.05913434255696,59.220854114334614],[18.05913434255696,59.21595280201305],[18.055866801009245,59.21595280201305],[18.055866801009245,59.220854114334614],[18.052599259461534,59.220854114334614],[18.052599259461534,59.22575542665618]]]},"properties":{"id":"fb-Huddinge-12","municipality":"Huddinge","type":"flerbostadshus","view":"current","height":600}},{"type":"Feature","geometry":{"type":"Polygon","coordinates":[[[18.15068880970267,59.20279261501985],[18.160491434345808,59.20279261501985],[18.160491434345808,59.21259523966298],[18.15068880970267,59.21259523966298],[18.15068880970267,59.20279261501985]]]},"properties":{"id":"fb-Huddinge-13","municipality":"Huddinge","type":"flerbostadshus","view":"current","height":600}},{"type":"Feature","geometry":{"type":"Polygon","coordinates":[[[18.08948570949292,59.179217139398105],[18.099288334136055,59.179217139398105],[18.099288334136055,59.18411845171967],[18.094387021814487,59.18411845171967],[18.094387021814487,59.189019764041234],[18.08948570949292,59.189019764041234],[18.08948570949292,59.179217139398105]]]},"properties":{"id":"fb-Huddinge-14","municipality":"Huddinge","type":"flerbostadshus","view":"current","height":600}},{"type":"Feature","geometry":{"type":"Polygon","coordinates":[[[18.028282609283167,59.17585957704804],[18.038085233926303,59.17585957704804],[18.038085233926303,59.17095826472647],[18.034817692378592,59.17095826472647],[18.034817692378592,59.16605695240491],[18.031550150830878,59.16605695240491],[18.031550150830878,59.17095826472647],[18.028282609283167,59.17095826472647],[18.028282609283167,59.17585957704804]]]},"properties":{"id":"fb-Huddinge-15","municipality":"Huddinge","type":"flerbostadshus","view":"current","height":600}},{"type":"Feature","geometry":{"type":"Polygon","coordinates":[[[18.06510575550473,59.19149459999883],[18.074908380147868,59.19149459999883],[18.074908380147868,59.20129722464196],[18.06510575550473,59.20129722464196],[18.06510575550473,59.19149459999883]]]},"properties":{"id":"fb-Huddinge-16","municipality":"Huddinge","type":"flerbostadshus","view":"current","height":600}},{"type":"Feature","geometry":{"type":"Polygon","coordinates":[[[17.93038297047149,59.190587693809555],[17.940185595114627,59.190587693809555],[17.940185595114627,59.19548900613112],[17.93528428279306,59.19548900613112],[17.93528428279306,59.20039031845268],[17.93038297047149,59.20039031845268],[17.93038297047149,59.190587693809555]]]},"properties":{"id":"fb-Huddinge-17","municipality":"Huddinge","type":"flerbostadshus","view":"current","height":600}},{"type":"Feature","geometry":{"type":"Polygon","coordinates":[[[17.869179870261735,59.27484108926228],[17.87898249490487,59.27484108926228],[17.87898249490487,59.26993977694072],[17.87571495335716,59.26993977694072],[17.87571495335716,59.26503846461915],[17.872447411809446,59.26503846461915],[17.872447411809446,59.26993977694072],[17.869179870261735,59.26993977694072],[17.869179870261735,59.27484108926228]]]},"properties":{"id":"fb-Huddinge-18","municipality":"Huddinge","type":"flerbostadshus","view":"current","height":600}},{"type":"Feature","geometry":{"type":"Polygon","coordinates":[[[17.88149645487547,59.23962499682204],[17.891299079518607,59.23962499682204],[17.891299079518607,59.249427621465166],[17.88149645487547,59.249427621465166],[17.88149645487547,59.23962499682204]]]},"properties":{"id":"fb-Huddinge-19","municipality":"Huddinge","type":"flerbostadshus","view":"current","height":600}},{"type":"Feature","geometry":{"type":"Polygon","coordinates":[[[17.991839285920523,59.22830280200421],[18.00164191056366,59.22830280200421],[18.00164191056366,59.23320411432577],[17.99674059824209,59.23320411432577],[17.99674059824209,59.23810542664734],[17.991839285920523,59.23810542664734],[17.991839285920523,59.22830280200421]]]},"properties":{"id":"fb-Huddinge-20","municipality":"Huddinge","type":"flerbostadshus","view":"current","height":600}},{"type":"Feature","geometry":{"type":"Polygon","coordinates":[[[18.077675555357747,59.22494523965414],[18.087478180000883,59.22494523965414],[18.087478180000883,59.220043927332576],[18.084210638453172,59.220043927332576],[18.084210638453172,59.21514261501101],[18.080943096905457,59.21514261501101],[18.080943096905457,59.220043927332576],[18.077675555357747,59.220043927332576],[18.077675555357747,59.22494523965414]]]},"properties":{"id":"fb-Huddinge-21","municipality":"Huddinge","type":"flerbostadshus","view":"current","height":600}},{"type":"Feature","geometry":{"type":"Polygon","coordinates":[[[17.967459331932336,59.20382042019318],[17.97726195657547,59.20382042019318],[17.97726195657547,59.21362304483631],[17.967459331932336,59.21362304483631],[17.967459331932336,59.20382042019318]]]},"properties":{"id":"fb-Huddinge-22","municipality":"Huddinge","type":"flerbostadshus","view":"current","height":600}},{"type":"Feature","geometry":{"type":"Polygon","coordinates":[[[17.79489545265944,59.47156769205034],[17.802008789742878,59.47156769205034],[17.802008789742878,59.47512436059206],[17.79845212120116,59.47512436059206],[17.79845212120116,59.47868102913378],[17.79489545265944,59.47868102913378],[17.79489545265944,59.47156769205034]]]},"properties":{"id":"fb-Järfälla-0","municipality":"Järfälla","type":"flerbostadshus","view":"current","height":600}},{"type":"Feature","geometry":{"type":"Polygon","coordinates":[[[17.76826637493284,59.415781227036376],[17.775379712016278,59.415781227036376],[17.775379712016278,59.41222455849466],[17.77300859965513,59.41222455849466],[17.77300859965513,59.40866788995294],[17.770637487293985,59.40866788995294],[17.770637487293985,59.41222455849466],[17.76826637493284,59.41222455849466],[17.76826637493284,59.415781227036376]]]},"properties":{"id":"fb-Järfälla-1","municipality":"Järfälla","type":"flerbostadshus","view":"current","height":600}},{"type":"Feature","geometry":{"type":"Polygon","coordinates":[[[17.80387899732231,59.48047690950914],[17.81099233440575,59.48047690950914],[17.81099233440575,59.48759024659258],[17.80387899732231,59.48759024659258],[17.80387899732231,59.48047690950914]]]},"properties":{"id":"fb-Järfälla-2","municipality":"Järfälla","type":"flerbostadshus","view":"current","height":600}},{"type":"Feature","geometry":{"type":"Polygon","coordinates":[[[17.786141591585995,59.45314379346492],[17.793254928669434,59.45314379346492],[17.793254928669434,59.45670046200664],[17.789698260127714,59.45670046200664],[17.789698260127714,59.46025713054836],[17.786141591585995,59.46025713054836],[17.786141591585995,59.45314379346492]]]},"properties":{"id":"fb-Järfälla-3","municipality":"Järfälla","type":"flerbostadshus","view":"current","height":600}},{"type":"Feature","geometry":{"type":"Polygon","coordinates":[[[17.80397087126687,59.478716121342785],[17.81108420835031,59.478716121342785],[17.81108420835031,59.475159452801066],[17.808713095989162,59.475159452801066],[17.808713095989162,59.471602784259346],[17.806341983628016,59.471602784259346],[17.806341983628016,59.475159452801066],[17.80397087126687,59.475159452801066],[17.80397087126687,59.478716121342785]]]},"properties":{"id":"fb-Järfälla-4","municipality":"Järfälla","type":"flerbostadshus","view":"current","height":600}},{"type":"Feature","geometry":{"type":"Polygon","coordinates":[[[17.821800150311763,59.44426966821512],[17.8289134873952,59.44426966821512],[17.8289134873952,59.45138300529856],[17.821800150311763,59.45138300529856],[17.821800150311763,59.44426966821512]]]},"properties":{"id":"fb-Järfälla-5","municipality":"Järfälla","type":"flerbostadshus","view":"current","height":600}},{"type":"Feature","geometry":{"type":"Polygon","coordinates":[[[17.88415767926645,59.426630545212916],[17.89127101634989,59.426630545212916],[17.89127101634989,59.430187213754635],[17.88771434780817,59.430187213754635],[17.88771434780817,59.433743882296355],[17.88415767926645,59.433743882296355],[17.88415767926645,59.426630545212916]]]},"properties":{"id":"fb-Järfälla-6","municipality":"Järfälla","type":"flerbostadshus","view":"current","height":600}},{"type":"Feature","geometry":{"type":"Polygon","coordinates":[[[17.813000352902023,59.486967236820256],[17.82011368998546,59.486967236820256],[17.82011368998546,59.483410568278536],[17.817742577624315,59.483410568278536],[17.817742577624315,59.47985389973682],[17.81537146526317,59.47985389973682],[17.81537146526317,59.483410568278536],[17.813000352902023,59.483410568278536],[17.813000352902023,59.486967236820256]]]},"properties":{"id":"fb-Järfälla-7","municipality":"Järfälla","type":"flerbostadshus","view":"current","height":600}},{"type":"Feature","geometry":{"type":"Polygon","coordinates":[[[17.8130462898743,59.471637877104335],[17.82015962695774,59.471637877104335],[17.82015962695774,59.478751214187774],[17.8130462898743,59.478751214187774],[17.8130462898743,59.471637877104335]]]},"properties":{"id":"fb-Järfälla-8","municipality":"Järfälla","type":"flerbostadshus","view":"current","height":600}},{"type":"Feature","geometry":{"type":"Polygon","coordinates":[[[17.821983897564895,59.40873807500693],[17.829097234648334,59.40873807500693],[17.829097234648334,59.41229474354865],[17.825540566106614,59.41229474354865],[17.825540566106614,59.41585141209037],[17.821983897564895,59.41585141209037],[17.821983897564895,59.40873807500693]]]},"properties":{"id":"fb-Järfälla-9","municipality":"Järfälla","type":"flerbostadshus","view":"current","height":600}},{"type":"Feature","geometry":{"type":"Polygon","coordinates":[[[17.813138163182877,59.40763538945789],[17.820251500266316,59.40763538945789],[17.820251500266316,59.40407872091617],[17.81788038790517,59.40407872091617],[17.81788038790517,59.40052205237445],[17.815509275544024,59.40052205237445],[17.815509275544024,59.40407872091617],[17.813138163182877,59.40407872091617],[17.813138163182877,59.40763538945789]]]},"properties":{"id":"fb-Järfälla-10","municipality":"Järfälla","type":"flerbostadshus","view":"current","height":600}},{"type":"Feature","geometry":{"type":"Polygon","coordinates":[[[17.813184100155155,59.453213977882925],[17.820297437238594,59.453213977882925],[17.820297437238594,59.460327314966364],[17.813184100155155,59.460327314966364],[17.813184100155155,59.453213977882925]]]},"properties":{"id":"fb-Järfälla-11","municipality":"Järfälla","type":"flerbostadshus","view":"current","height":600}},{"type":"Feature","geometry":{"type":"Polygon","coordinates":[[[17.804338365773134,59.427214612541846],[17.811451702856573,59.427214612541846],[17.811451702856573,59.434327949625285],[17.804338365773134,59.434327949625285],[17.804338365773134,59.427214612541846]]]},"properties":{"id":"fb-Järfälla-12","municipality":"Järfälla","type":"flerbostadshus","view":"current","height":600}},{"type":"Feature","geometry":{"type":"Polygon","coordinates":[[[17.848842658880926,59.433669847643955],[17.855955995964365,59.433669847643955],[17.855955995964365,59.430113179102236],[17.85358488360322,59.430113179102236],[17.85358488360322,59.426556510560516],[17.851213771242072,59.426556510560516],[17.851213771242072,59.430113179102236],[17.848842658880926,59.430113179102236],[17.848842658880926,59.433669847643955]]]},"properties":{"id":"fb-Järfälla-13","municipality":"Järfälla","type":"flerbostadshus","view":"current","height":600}},{"type":"Feature","geometry":{"type":"Polygon","coordinates":[[[17.786646896373114,59.40944881593775],[17.793760233456553,59.40944881593775],[17.793760233456553,59.41656215302119],[17.786646896373114,59.41656215302119],[17.786646896373114,59.40944881593775]]]},"properties":{"id":"fb-Järfälla-14","municipality":"Järfälla","type":"flerbostadshus","view":"current","height":600}},{"type":"Feature","geometry":{"type":"Polygon","coordinates":[[[17.85782620417978,59.39989904260212],[17.86493954126322,59.39989904260212],[17.86493954126322,59.40701237968556],[17.85782620417978,59.40701237968556],[17.85782620417978,59.39989904260212]]]},"properties":{"id":"fb-Järfälla-15","municipality":"Järfälla","type":"flerbostadshus","view":"current","height":600}},{"type":"Feature","geometry":{"type":"Polygon","coordinates":[[[17.77784709896337,59.44503304745945],[17.78496043604681,59.44503304745945],[17.78496043604681,59.448589716001166],[17.78140376750509,59.448589716001166],[17.78140376750509,59.452146384542885],[17.77784709896337,59.452146384542885],[17.77784709896337,59.44503304745945]]]},"properties":{"id":"fb-Järfälla-16","municipality":"Järfälla","type":"flerbostadshus","view":"current","height":600}},{"type":"Feature","geometry":{"type":"Polygon","coordinates":[[[17.751218021236774,59.399916588706624],[17.758331358320213,59.399916588706624],[17.758331358320213,59.40702992579006],[17.751218021236774,59.40702992579006],[17.751218021236774,59.399916588706624]]]},"properties":{"id":"fb-Järfälla-17","municipality":"Järfälla","type":"flerbostadshus","view":"current","height":600}},{"type":"Feature","geometry":{"type":"Polygon","coordinates":[[[17.849072343106336,59.40059223742844],[17.856185680189775,59.40059223742844],[17.856185680189775,59.40770557451188],[17.849072343106336,59.40770557451188],[17.849072343106336,59.40059223742844]]]},"properties":{"id":"fb-Järfälla-18","municipality":"Järfälla","type":"flerbostadshus","view":"current","height":600}},{"type":"Feature","geometry":{"type":"Polygon","coordinates":[[[17.831334937370016,59.45328416293692],[17.838448274453455,59.45328416293692],[17.838448274453455,59.45684083147864],[17.834891605911736,59.45684083147864],[17.834891605911736,59.460397500020356],[17.831334937370016,59.460397500020356],[17.831334937370016,59.45328416293692]]]},"properties":{"id":"fb-Järfälla-19","municipality":"Järfälla","type":"flerbostadshus","view":"current","height":600}},{"type":"Feature","geometry":{"type":"Polygon","coordinates":[[[17.76024750350791,59.41661479197068],[17.767360840591348,59.41661479197068],[17.767360840591348,59.41305812342896],[17.7649897282302,59.41305812342896],[17.7649897282302,59.40950145488724],[17.762618615869055,59.40950145488724],[17.762618615869055,59.41305812342896],[17.76024750350791,59.41305812342896],[17.76024750350791,59.41661479197068]]]},"properties":{"id":"fb-Järfälla-20","municipality":"Järfälla","type":"flerbostadshus","view":"current","height":600}},{"type":"Feature","geometry":{"type":"Polygon","coordinates":[[[17.7958601252614,59.44441003768712],[17.802973462344838,59.44441003768712],[17.802973462344838,59.45152337477056],[17.7958601252614,59.45152337477056],[17.7958601252614,59.44441003768712]]]},"properties":{"id":"fb-Järfälla-21","municipality":"Järfälla","type":"flerbostadshus","view":"current","height":600}},{"type":"Feature","geometry":{"type":"Polygon","coordinates":[[[17.83147274765087,59.44375193570579],[17.83858608473431,59.44375193570579],[17.83858608473431,59.44730860424751],[17.83502941619259,59.44730860424751],[17.83502941619259,59.45086527278923],[17.83147274765087,59.45086527278923],[17.83147274765087,59.44375193570579]]]},"properties":{"id":"fb-Järfälla-22","municipality":"Järfälla","type":"flerbostadshus","view":"current","height":600}},{"type":"Feature","geometry":{"type":"Polygon","coordinates":[[[17.74126822037702,59.42486590744815],[17.74838155746046,59.42486590744815],[17.74838155746046,59.42130923890643],[17.746010445099312,59.42130923890643],[17.746010445099312,59.41775257036471],[17.743639332738166,59.41775257036471],[17.743639332738166,59.42130923890643],[17.74126822037702,59.42130923890643],[17.74126822037702,59.42486590744815]]]},"properties":{"id":"fb-Järfälla-23","municipality":"Järfälla","type":"flerbostadshus","view":"current","height":600}},{"type":"Feature","geometry":{"type":"Polygon","coordinates":[[[18.186562038174067,59.376137990583395],[18.196360174816817,59.376137990583395],[18.196360174816817,59.381037058904774],[18.191461106495442,59.381037058904774],[18.191461106495442,59.38593612722615],[18.186562038174067,59.38593612722615],[18.186562038174067,59.376137990583395]]]},"properties":{"id":"fb-Lidingö-0","municipality":"Lidingö","type":"flerbostadshus","view":"current","height":600}},{"type":"Feature","geometry":{"type":"Polygon","coordinates":[[[18.137634630006332,59.385029636196975],[18.147432766649082,59.385029636196975],[18.147432766649082,59.3801305678756],[18.1441667211015,59.3801305678756],[18.1441667211015,59.37523149955422],[18.140900675553915,59.37523149955422],[18.140900675553915,59.3801305678756],[18.137634630006332,59.3801305678756],[18.137634630006332,59.385029636196975]]]},"properties":{"id":"fb-Lidingö-1","municipality":"Lidingö","type":"flerbostadshus","view":"current","height":600}},{"type":"Feature","geometry":{"type":"Polygon","coordinates":[[[18.137697904614345,59.36391448834211],[18.147496041257096,59.36391448834211],[18.147496041257096,59.37371262498487],[18.137697904614345,59.37371262498487],[18.137697904614345,59.36391448834211]]]},"properties":{"id":"fb-Lidingö-2","municipality":"Lidingö","type":"flerbostadshus","view":"current","height":600}},{"type":"Feature","geometry":{"type":"Polygon","coordinates":[[[18.19899953367757,59.375255668116374],[18.20879767032032,59.375255668116374],[18.20879767032032,59.38015473643775],[18.203898601998944,59.38015473643775],[18.203898601998944,59.38505380475913],[18.19899953367757,59.38505380475913],[18.19899953367757,59.375255668116374]]]},"properties":{"id":"fb-Lidingö-3","municipality":"Lidingö","type":"flerbostadshus","view":"current","height":600}},{"type":"Feature","geometry":{"type":"Polygon","coordinates":[[[18.150072125071823,59.38598446435047],[18.159870261714573,59.38598446435047],[18.159870261714573,59.38108539602909],[18.15660421616699,59.38108539602909],[18.15660421616699,59.376186327707714],[18.153338170619406,59.376186327707714],[18.153338170619406,59.38108539602909],[18.150072125071823,59.38108539602909],[18.150072125071823,59.38598446435047]]]},"properties":{"id":"fb-Lidingö-4","municipality":"Lidingö","type":"flerbostadshus","view":"current","height":600}},{"type":"Feature","geometry":{"type":"Polygon","coordinates":[[[18.248116766545365,59.363032166313104],[18.257914903188116,59.363032166313104],[18.257914903188116,59.37283030295586],[18.248116766545365,59.37283030295586],[18.248116766545365,59.363032166313104]]]},"properties":{"id":"fb-Lidingö-5","municipality":"Lidingö","type":"flerbostadshus","view":"current","height":600}},{"type":"Feature","geometry":{"type":"Polygon","coordinates":[[[18.13795100392242,59.339467484297565],[18.14774914056517,59.339467484297565],[18.14774914056517,59.34926562094032],[18.13795100392242,59.34926562094032],[18.13795100392242,59.339467484297565]]]},"properties":{"id":"fb-Lidingö-6","municipality":"Lidingö","type":"flerbostadshus","view":"current","height":600}},{"type":"Feature","geometry":{"type":"Polygon","coordinates":[[[18.162509620575324,59.360606800714585],[18.172307757218075,59.360606800714585],[18.172307757218075,59.355707732393206],[18.16904171167049,59.355707732393206],[18.16904171167049,59.35080866407183],[18.165775666122908,59.35080866407183],[18.165775666122908,59.355707732393206],[18.162509620575324,59.355707732393206],[18.162509620575324,59.360606800714585]]]},"properties":{"id":"fb-Lidingö-7","municipality":"Lidingö","type":"flerbostadshus","view":"current","height":600}},{"type":"Feature","geometry":{"type":"Polygon","coordinates":[[[18.174820565986778,59.37623466527004],[18.18461870262953,59.37623466527004],[18.18461870262953,59.3860328019128],[18.174820565986778,59.3860328019128],[18.174820565986778,59.37623466527004]]]},"properties":{"id":"fb-Lidingö-8","municipality":"Lidingö","type":"flerbostadshus","view":"current","height":600}},{"type":"Feature","geometry":{"type":"Polygon","coordinates":[[[18.23612219505,59.37532817424086],[18.24592033169275,59.37532817424086],[18.24592033169275,59.38512631088362],[18.23612219505,59.38512631088362],[18.23612219505,59.37532817424086]]]},"properties":{"id":"fb-Lidingö-9","municipality":"Lidingö","type":"flerbostadshus","view":"current","height":600}},{"type":"Feature","geometry":{"type":"Polygon","coordinates":[[[18.12586408397348,59.38779063942835],[18.13566222061623,59.38779063942835],[18.13566222061623,59.39268970774973],[18.130763152294854,59.39268970774973],[18.130763152294854,59.39758877607111],[18.12586408397348,59.39758877607111],[18.12586408397348,59.38779063942835]]]},"properties":{"id":"fb-Lidingö-10","municipality":"Lidingö","type":"flerbostadshus","view":"current","height":600}},{"type":"Feature","geometry":{"type":"Polygon","coordinates":[[[18.1627627198834,59.338609330830714],[18.17256085652615,59.338609330830714],[18.17256085652615,59.34840746747347],[18.1627627198834,59.34840746747347],[18.1627627198834,59.338609330830714]]]},"properties":{"id":"fb-Lidingö-11","municipality":"Lidingö","type":"flerbostadshus","view":"current","height":600}},{"type":"Feature","geometry":{"type":"Polygon","coordinates":[[[18.224064348508612,59.351787661225494],[18.233862485151363,59.351787661225494],[18.233862485151363,59.36158579786825],[18.224064348508612,59.36158579786825],[18.224064348508612,59.351787661225494]]]},"properties":{"id":"fb-Lidingö-12","municipality":"Lidingö","type":"flerbostadshus","view":"current","height":600}},{"type":"Feature","geometry":{"type":"Polygon","coordinates":[[[18.313888754214986,59.26551706811978],[18.323456582077043,59.26551706811978],[18.323456582077043,59.26073315418875],[18.320267306123025,59.26073315418875],[18.320267306123025,59.25594924025772],[18.317078030169004,59.25594924025772],[18.317078030169004,59.26073315418875],[18.313888754214986,59.26073315418875],[18.313888754214986,59.26551706811978]]]},"properties":{"id":"fb-Nacka-0","municipality":"Nacka","type":"flerbostadshus","view":"current","height":600}},{"type":"Feature","geometry":{"type":"Polygon","coordinates":[[[18.29003097208895,59.35253630305616],[18.299598799951006,59.35253630305616],[18.299598799951006,59.36210413091822],[18.29003097208895,59.36210413091822],[18.29003097208895,59.35253630305616]]]},"properties":{"id":"fb-Nacka-1","municipality":"Nacka","type":"flerbostadshus","view":"current","height":600}},{"type":"Feature","geometry":{"type":"Polygon","coordinates":[[[18.266173189962913,59.31577176502723],[18.27574101782497,59.31577176502723],[18.27574101782497,59.32055567895826],[18.27095710389394,59.32055567895826],[18.27095710389394,59.325339592889286],[18.266173189962913,59.325339592889286],[18.266173189962913,59.31577176502723]]]},"properties":{"id":"fb-Nacka-2","municipality":"Nacka","type":"flerbostadshus","view":"current","height":600}},{"type":"Feature","geometry":{"type":"Polygon","coordinates":[[[18.278194762319576,59.36212773154989],[18.287762590181632,59.36212773154989],[18.287762590181632,59.35734381761886],[18.284573314227615,59.35734381761886],[18.284573314227615,59.35255990368783],[18.281384038273593,59.35255990368783],[18.281384038273593,59.35734381761886],[18.278194762319576,59.35734381761886],[18.278194762319576,59.36212773154989]]]},"properties":{"id":"fb-Nacka-3","municipality":"Nacka","type":"flerbostadshus","view":"current","height":600}},{"type":"Feature","geometry":{"type":"Polygon","coordinates":[[[18.29021633467624,59.3157953656589],[18.299784162538298,59.3157953656589],[18.299784162538298,59.32536319352096],[18.29021633467624,59.32536319352096],[18.29021633467624,59.3157953656589]]]},"properties":{"id":"fb-Nacka-4","municipality":"Nacka","type":"flerbostadshus","view":"current","height":600}},{"type":"Feature","geometry":{"type":"Polygon","coordinates":[[[18.302237907032907,59.34062371949194],[18.311805734894964,59.34062371949194],[18.311805734894964,59.350191547353994],[18.302237907032907,59.350191547353994],[18.302237907032907,59.34062371949194]]]},"properties":{"id":"fb-Nacka-5","municipality":"Nacka","type":"flerbostadshus","view":"current","height":600}},{"type":"Feature","geometry":{"type":"Polygon","coordinates":[[[18.24250077042417,59.31342700932506],[18.252068598286225,59.31342700932506],[18.252068598286225,59.30864309539403],[18.248879322332208,59.30864309539403],[18.248879322332208,59.303859181463004],[18.245690046378186,59.303859181463004],[18.245690046378186,59.30864309539403],[18.24250077042417,59.30864309539403],[18.24250077042417,59.31342700932506]]]},"properties":{"id":"fb-Nacka-6","municipality":"Nacka","type":"flerbostadshus","view":"current","height":600}},{"type":"Feature","geometry":{"type":"Polygon","coordinates":[[[18.2306027731257,59.29280818081334],[18.240170600987756,59.29280818081334],[18.240170600987756,59.302376008675395],[18.2306027731257,59.302376008675395],[18.2306027731257,59.29280818081334]]]},"properties":{"id":"fb-Nacka-7","municipality":"Nacka","type":"flerbostadshus","view":"current","height":600}},{"type":"Feature","geometry":{"type":"Polygon","coordinates":[[[18.182825421344525,59.27996321243954],[18.19239324920658,59.27996321243954],[18.19239324920658,59.2895310403016],[18.182825421344525,59.2895310403016],[18.182825421344525,59.27996321243954]]]},"properties":{"id":"fb-Nacka-8","municipality":"Nacka","type":"flerbostadshus","view":"current","height":600}},{"type":"Feature","geometry":{"type":"Polygon","coordinates":[[[18.182887208873623,59.30479156627258],[18.19245503673568,59.30479156627258],[18.19245503673568,59.309575480203605],[18.18767112280465,59.309575480203605],[18.18767112280465,59.314359394134634],[18.182887208873623,59.314359394134634],[18.182887208873623,59.30479156627258]]]},"properties":{"id":"fb-Nacka-9","municipality":"Nacka","type":"flerbostadshus","view":"current","height":600}},{"type":"Feature","geometry":{"type":"Polygon","coordinates":[[[18.159029426747587,59.29194659789878],[18.168597254609644,59.29194659789878],[18.168597254609644,59.301514425760836],[18.159029426747587,59.301514425760836],[18.159029426747587,59.29194659789878]]]},"properties":{"id":"fb-Nacka-10","municipality":"Nacka","type":"flerbostadshus","view":"current","height":600}},{"type":"Feature","geometry":{"type":"Polygon","coordinates":[[[18.242809708056292,59.268935812421546],[18.25237753591835,59.268935812421546],[18.25237753591835,59.2785036402836],[18.242809708056292,59.2785036402836],[18.242809708056292,59.268935812421546]]]},"properties":{"id":"fb-Nacka-11","municipality":"Nacka","type":"flerbostadshus","view":"current","height":600}},{"type":"Feature","geometry":{"type":"Polygon","coordinates":[[[18.195032356275117,59.32784955301315],[18.204600184137174,59.32784955301315],[18.204600184137174,59.33263346694418],[18.199816270206146,59.33263346694418],[18.199816270206146,59.33741738087521],[18.195032356275117,59.33741738087521],[18.195032356275117,59.32784955301315]]]},"properties":{"id":"fb-Nacka-12","municipality":"Nacka","type":"flerbostadshus","view":"current","height":600}},{"type":"Feature","geometry":{"type":"Polygon","coordinates":[[[18.147255004493946,59.29048702574284],[18.156822832356003,59.29048702574284],[18.156822832356003,59.28570311181181],[18.153633556401985,59.28570311181181],[18.153633556401985,59.280919197880785],[18.150444280447964,59.280919197880785],[18.150444280447964,59.28570311181181],[18.147255004493946,59.28570311181181],[18.147255004493946,59.29048702574284]]]},"properties":{"id":"fb-Nacka-13","municipality":"Nacka","type":"flerbostadshus","view":"current","height":600}},{"type":"Feature","geometry":{"type":"Polygon","coordinates":[[[18.301000027057285,59.29199379916212],[18.31056785491934,59.29199379916212],[18.31056785491934,59.30156162702418],[18.301000027057285,59.30156162702418],[18.301000027057285,59.29199379916212]]]},"properties":{"id":"fb-Nacka-14","municipality":"Nacka","type":"flerbostadshus","view":"current","height":600}},{"type":"Feature","geometry":{"type":"Polygon","coordinates":[[[18.301061814586383,59.30486236816759],[18.31062964244844,59.30486236816759],[18.31062964244844,59.30964628209862],[18.30584572851741,59.30964628209862],[18.30584572851741,59.31443019602965],[18.301061814586383,59.31443019602965],[18.301061814586383,59.30486236816759]]]},"properties":{"id":"fb-Nacka-15","municipality":"Nacka","type":"flerbostadshus","view":"current","height":600}},{"type":"Feature","geometry":{"type":"Polygon","coordinates":[[[18.25328446280521,59.33746458215192],[18.26285229066727,59.33746458215192],[18.26285229066727,59.33268066822089],[18.25966301471325,59.33268066822089],[18.25966301471325,59.32789675428986],[18.25647373875923,59.32789675428986],[18.25647373875923,59.33268066822089],[18.25328446280521,59.33268066822089],[18.25328446280521,59.33746458215192]]]},"properties":{"id":"fb-Nacka-16","municipality":"Nacka","type":"flerbostadshus","view":"current","height":600}},{"type":"Feature","geometry":{"type":"Polygon","coordinates":[[[18.277265819989445,59.29292618398506],[18.286833647851502,59.29292618398506],[18.286833647851502,59.302494011847116],[18.277265819989445,59.302494011847116],[18.277265819989445,59.29292618398506]]]},"properties":{"id":"fb-Nacka-17","municipality":"Nacka","type":"flerbostadshus","view":"current","height":600}},{"type":"Feature","geometry":{"type":"Polygon","coordinates":[[[18.349086316483945,59.32792035492153],[18.358654144346,59.32792035492153],[18.358654144346,59.33270426885256],[18.353870230414973,59.33270426885256],[18.353870230414973,59.33748818278359],[18.349086316483945,59.33748818278359],[18.349086316483945,59.32792035492153]]]},"properties":{"id":"fb-Nacka-18","municipality":"Nacka","type":"flerbostadshus","view":"current","height":600}},{"type":"Feature","geometry":{"type":"Polygon","coordinates":[[[18.31326874953034,59.27859804282365],[18.322836577392398,59.27859804282365],[18.322836577392398,59.273814128892624],[18.31964730143838,59.273814128892624],[18.31964730143838,59.269030214961596],[18.31645802548436,59.269030214961596],[18.31645802548436,59.273814128892624],[18.31326874953034,59.273814128892624],[18.31326874953034,59.27859804282365]]]},"properties":{"id":"fb-Nacka-19","municipality":"Nacka","type":"flerbostadshus","view":"current","height":600}},{"type":"Feature","geometry":{"type":"Polygon","coordinates":[[[18.229612043266467,59.2561852465878],[18.239179871128524,59.2561852465878],[18.239179871128524,59.265753074449854],[18.229612043266467,59.265753074449854],[18.229612043266467,59.2561852465878]]]},"properties":{"id":"fb-Nacka-20","municipality":"Nacka","type":"flerbostadshus","view":"current","height":600}},{"type":"Feature","geometry":{"type":"Polygon","coordinates":[[[18.229673830795566,59.281013600420835],[18.239241658657622,59.281013600420835],[18.239241658657622,59.28579751435186],[18.234457744726594,59.28579751435186],[18.234457744726594,59.29058142828289],[18.229673830795566,59.29058142828289],[18.229673830795566,59.281013600420835]]]},"properties":{"id":"fb-Nacka-21","municipality":"Nacka","type":"flerbostadshus","view":"current","height":600}},{"type":"Feature","geometry":{"type":"Polygon","coordinates":[[[18.15797690934589,59.32557559921936],[18.167544737207947,59.32557559921936],[18.167544737207947,59.320791685288334],[18.16435546125393,59.320791685288334],[18.16435546125393,59.316007771357306],[18.16116618529991,59.316007771357306],[18.16116618529991,59.320791685288334],[18.15797690934589,59.320791685288334],[18.15797690934589,59.32557559921936]]]},"properties":{"id":"fb-Nacka-22","municipality":"Nacka","type":"flerbostadshus","view":"current","height":600}},{"type":"Feature","geometry":{"type":"Polygon","coordinates":[[[18.25371697549553,59.35279591001791],[18.263284803357585,59.35279591001791],[18.263284803357585,59.36236373787997],[18.25371697549553,59.36236373787997],[18.25371697549553,59.35279591001791]]]},"properties":{"id":"fb-Nacka-23","municipality":"Nacka","type":"flerbostadshus","view":"current","height":600}},{"type":"Feature","geometry":{"type":"Polygon","coordinates":[[[18.19397983888679,59.280152017506275],[18.203547666748847,59.280152017506275],[18.203547666748847,59.2849359314373],[18.19876375281782,59.2849359314373],[18.19876375281782,59.28971984536833],[18.19397983888679,59.28971984536833],[18.19397983888679,59.280152017506275]]]},"properties":{"id":"fb-Nacka-24","municipality":"Nacka","type":"flerbostadshus","view":"current","height":600}},{"type":"Feature","geometry":{"type":"Polygon","coordinates":[[[18.253840550553726,59.35042755368407],[18.263408378415782,59.35042755368407],[18.263408378415782,59.34564363975304],[18.260219102461765,59.34564363975304],[18.260219102461765,59.340859725822014],[18.257029826507743,59.340859725822014],[18.257029826507743,59.34564363975304],[18.253840550553726,59.34564363975304],[18.253840550553726,59.35042755368407]]]},"properties":{"id":"fb-Nacka-25","municipality":"Nacka","type":"flerbostadshus","view":"current","height":600}},{"type":"Feature","geometry":{"type":"Polygon","coordinates":[[[18.3735001863585,59.25625604848281],[18.383068014220555,59.25625604848281],[18.383068014220555,59.26582387634487],[18.3735001863585,59.26582387634487],[18.3735001863585,59.25625604848281]]]},"properties":{"id":"fb-Nacka-26","municipality":"Nacka","type":"flerbostadshus","view":"current","height":600}},{"type":"Feature","geometry":{"type":"Polygon","coordinates":[[[18.20612498630165,59.245205047833146],[18.215692814163706,59.245205047833146],[18.215692814163706,59.249988961764174],[18.210908900232678,59.249988961764174],[18.210908900232678,59.2547728756952],[18.20612498630165,59.2547728756952],[18.20612498630165,59.245205047833146]]]},"properties":{"id":"fb-Nacka-27","municipality":"Nacka","type":"flerbostadshus","view":"current","height":600}},{"type":"Feature","geometry":{"type":"Polygon","coordinates":[[[18.572115499850028,60.000962233006646],[18.62011549985003,60.000962233006646],[18.62011549985003,59.976962233006645],[18.604115499850028,59.976962233006645],[18.604115499850028,59.952962233006645],[18.58811549985003,59.952962233006645],[18.58811549985003,59.976962233006645],[18.572115499850028,59.976962233006645],[18.572115499850028,60.000962233006646]]]},"properties":{"id":"fb-Norrtälje-0","municipality":"Norrtälje","type":"flerbostadshus","view":"current","height":600}},{"type":"Feature","geometry":{"type":"Polygon","coordinates":[[[18.932425475235686,59.717521432578245],[18.980425475235688,59.717521432578245],[18.980425475235688,59.76552143257825],[18.932425475235686,59.76552143257825],[18.932425475235686,59.717521432578245]]]},"properties":{"id":"fb-Norrtälje-1","municipality":"Norrtälje","type":"flerbostadshus","view":"current","height":600}},{"type":"Feature","geometry":{"type":"Polygon","coordinates":[[[18.212735452767134,59.773080632149856],[18.260735452767136,59.773080632149856],[18.260735452767136,59.79708063214986],[18.236735452767135,59.79708063214986],[18.236735452767135,59.82108063214986],[18.212735452767134,59.82108063214986],[18.212735452767134,59.773080632149856]]]},"properties":{"id":"fb-Norrtälje-2","municipality":"Norrtälje","type":"flerbostadshus","view":"current","height":600}},{"type":"Feature","geometry":{"type":"Polygon","coordinates":[[[19.05304542815278,59.765639833867226],[19.101045428152784,59.765639833867226],[19.101045428152784,59.741639833867225],[19.08504542815278,59.741639833867225],[19.08504542815278,59.717639833867224],[19.069045428152783,59.717639833867224],[19.069045428152783,59.741639833867225],[19.05304542815278,59.741639833867225],[19.05304542815278,59.765639833867226]]]},"properties":{"id":"fb-Norrtälje-3","municipality":"Norrtälje","type":"flerbostadshus","view":"current","height":600}},{"type":"Feature","geometry":{"type":"Polygon","coordinates":[[[19.23335540568421,59.71319903343884],[19.281355405684213,59.71319903343884],[19.281355405684213,59.76119903343884],[19.23335540568421,59.76119903343884],[19.23335540568421,59.71319903343884]]]},"properties":{"id":"fb-Norrtälje-4","municipality":"Norrtälje","type":"flerbostadshus","view":"current","height":600}},{"type":"Feature","geometry":{"type":"Polygon","coordinates":[[[18.753665381069887,60.137758233010466],[18.80166538106989,60.137758233010466],[18.80166538106989,60.16175823301047],[18.777665381069887,60.16175823301047],[18.777665381069887,60.18575823301047],[18.753665381069887,60.18575823301047],[18.753665381069887,60.137758233010466]]]},"properties":{"id":"fb-Norrtälje-5","municipality":"Norrtälje","type":"flerbostadshus","view":"current","height":600}},{"type":"Feature","geometry":{"type":"Polygon","coordinates":[[[18.81397535860132,60.06131743258207],[18.86197535860132,60.06131743258207],[18.86197535860132,60.03731743258207],[18.84597535860132,60.03731743258207],[18.84597535860132,60.01331743258207],[18.82997535860132,60.01331743258207],[18.82997535860132,60.03731743258207],[18.81397535860132,60.03731743258207],[18.81397535860132,60.06131743258207]]]},"properties":{"id":"fb-Norrtälje-6","municipality":"Norrtälje","type":"flerbostadshus","view":"current","height":600}},{"type":"Feature","geometry":{"type":"Polygon","coordinates":[[[19.291167038555837,59.77545146673886],[19.33916703855584,59.77545146673886],[19.33916703855584,59.82345146673886],[19.291167038555837,59.82345146673886],[19.291167038555837,59.77545146673886]]]},"properties":{"id":"fb-Norrtälje-7","municipality":"Norrtälje","type":"flerbostadshus","view":"current","height":600}},{"type":"Feature","geometry":{"type":"Polygon","coordinates":[[[18.514595311518423,59.713435833871046],[18.562595311518425,59.713435833871046],[18.562595311518425,59.73743583387105],[18.538595311518424,59.73743583387105],[18.538595311518424,59.76143583387105],[18.514595311518423,59.76143583387105],[18.514595311518423,59.713435833871046]]]},"properties":{"id":"fb-Norrtälje-8","municipality":"Norrtälje","type":"flerbostadshus","view":"current","height":600}},{"type":"Feature","geometry":{"type":"Polygon","coordinates":[[[18.334905286904092,59.82599503344266],[18.382905286904094,59.82599503344266],[18.382905286904094,59.80199503344266],[18.366905286904093,59.80199503344266],[18.366905286904093,59.77799503344266],[18.350905286904094,59.77799503344266],[18.350905286904094,59.80199503344266],[18.334905286904092,59.80199503344266],[18.334905286904092,59.82599503344266]]]},"properties":{"id":"fb-Norrtälje-9","municipality":"Norrtälje","type":"flerbostadshus","view":"current","height":600}},{"type":"Feature","geometry":{"type":"Polygon","coordinates":[[[18.455215264435523,59.713554233014264],[18.503215264435525,59.713554233014264],[18.503215264435525,59.761554233014266],[18.455215264435523,59.761554233014266],[18.455215264435523,59.713554233014264]]]},"properties":{"id":"fb-Norrtälje-10","municipality":"Norrtälje","type":"flerbostadshus","view":"current","height":600}},{"type":"Feature","geometry":{"type":"Polygon","coordinates":[[[19.235525239821175,59.778113432585876],[19.283525239821177,59.778113432585876],[19.283525239821177,59.80211343258588],[19.259525239821176,59.80211343258588],[19.259525239821176,59.82611343258588],[19.235525239821175,59.82611343258588],[19.235525239821175,59.778113432585876]]]},"properties":{"id":"fb-Norrtälje-11","municipality":"Norrtälje","type":"flerbostadshus","view":"current","height":600}},{"type":"Feature","geometry":{"type":"Polygon","coordinates":[[[17.429459908282556,59.13044149808484],[17.465271861562034,59.13044149808484],[17.465271861562034,59.14834747472458],[17.447365884922295,59.14834747472458],[17.447365884922295,59.16625345136432],[17.429459908282556,59.16625345136432],[17.429459908282556,59.13044149808484]]]},"properties":{"id":"fb-Nykvarn-0","municipality":"Nykvarn","type":"flerbostadshus","view":"current","height":600}},{"type":"Feature","geometry":{"type":"Polygon","coordinates":[[[17.82801670575702,58.94574562958716],[17.87335846058463,58.94574562958716],[17.87335846058463,58.92307475217335],[17.85824454230876,58.92307475217335],[17.85824454230876,58.90040387475954],[17.843130624032888,58.90040387475954],[17.843130624032888,58.92307475217335],[17.82801670575702,58.92307475217335],[17.82801670575702,58.94574562958716]]]},"properties":{"id":"fb-Nynäshamn-0","municipality":"Nynäshamn","type":"flerbostadshus","view":"current","height":600}},{"type":"Feature","geometry":{"type":"Polygon","coordinates":[[[17.88498670820694,59.074742167998075],[17.930328463034552,59.074742167998075],[17.930328463034552,59.12008392282569],[17.88498670820694,59.12008392282569],[17.88498670820694,59.074742167998075]]]},"properties":{"id":"fb-Nynäshamn-1","municipality":"Nynäshamn","type":"flerbostadshus","view":"current","height":600}},{"type":"Feature","geometry":{"type":"Polygon","coordinates":[[[17.828602325614764,58.78716133190334],[17.873944080442374,58.78716133190334],[17.873944080442374,58.80983220931715],[17.85127320302857,58.80983220931715],[17.85127320302857,58.83250308673096],[17.828602325614764,58.83250308673096],[17.828602325614764,58.78716133190334]]]},"properties":{"id":"fb-Nynäshamn-2","municipality":"Nynäshamn","type":"flerbostadshus","view":"current","height":600}},{"type":"Feature","geometry":{"type":"Polygon","coordinates":[[[17.998926715133717,58.950164184408045],[18.044268469961327,58.950164184408045],[18.044268469961327,58.927493306994236],[18.02915455168546,58.927493306994236],[18.02915455168546,58.90482242958043],[18.014040633409586,58.90482242958043],[18.014040633409586,58.927493306994236],[17.998926715133717,58.927493306994236],[17.998926715133717,58.950164184408045]]]},"properties":{"id":"fb-Nynäshamn-3","municipality":"Nynäshamn","type":"flerbostadshus","view":"current","height":600}},{"type":"Feature","geometry":{"type":"Polygon","coordinates":[[[17.94254233254154,59.070659141761844],[17.98788408736915,59.070659141761844],[17.98788408736915,59.11600089658946],[17.94254233254154,59.11600089658946],[17.94254233254154,59.070659141761844]]]},"properties":{"id":"fb-Nynäshamn-4","municipality":"Nynäshamn","type":"flerbostadshus","view":"current","height":600}},{"type":"Feature","geometry":{"type":"Polygon","coordinates":[[[17.88615794792243,58.961611465300855],[17.931499702750042,58.961611465300855],[17.931499702750042,58.984282342714664],[17.908828825336236,58.984282342714664],[17.908828825336236,59.00695322012847],[17.88615794792243,59.00695322012847],[17.88615794792243,58.961611465300855]]]},"properties":{"id":"fb-Nynäshamn-5","municipality":"Nynäshamn","type":"flerbostadshus","view":"current","height":600}},{"type":"Feature","geometry":{"type":"Polygon","coordinates":[[[17.829773565330257,58.77604957756826],[17.875115320157867,58.77604957756826],[17.875115320157867,58.75337870015445],[17.860001401882,58.75337870015445],[17.860001401882,58.73070782274064],[17.844887483606126,58.73070782274064],[17.844887483606126,58.75337870015445],[17.829773565330257,58.75337870015445],[17.829773565330257,58.77604957756826]]]},"properties":{"id":"fb-Nynäshamn-6","municipality":"Nynäshamn","type":"flerbostadshus","view":"current","height":600}},{"type":"Feature","geometry":{"type":"Polygon","coordinates":[[[17.66270431962094,59.258111381042056],[17.682531848796028,59.258111381042056],[17.682531848796028,59.2680251456296],[17.672618084208484,59.2680251456296],[17.672618084208484,59.277938910217145],[17.66270431962094,59.277938910217145],[17.66270431962094,59.258111381042056]]]},"properties":{"id":"fb-Salem-0","municipality":"Salem","type":"flerbostadshus","view":"current","height":600}},{"type":"Feature","geometry":{"type":"Polygon","coordinates":[[[17.737185597068073,59.226535710361134],[17.757013126243162,59.226535710361134],[17.757013126243162,59.21662194577359],[17.750403949851467,59.21662194577359],[17.750403949851467,59.206708181186045],[17.74379477345977,59.206708181186045],[17.74379477345977,59.21662194577359],[17.737185597068073,59.21662194577359],[17.737185597068073,59.226535710361134]]]},"properties":{"id":"fb-Salem-1","municipality":"Salem","type":"flerbostadshus","view":"current","height":600}},{"type":"Feature","geometry":{"type":"Polygon","coordinates":[[[17.95039756614607,59.643322069832706],[17.974841175291342,59.643322069832706],[17.974841175291342,59.66776567897797],[17.95039756614607,59.66776567897797],[17.95039756614607,59.643322069832706]]]},"properties":{"id":"fb-Sigtuna-0","municipality":"Sigtuna","type":"flerbostadshus","view":"current","height":600}},{"type":"Feature","geometry":{"type":"Polygon","coordinates":[[[17.64501030536397,59.671615138714],[17.669453914509244,59.671615138714],[17.669453914509244,59.683836943286636],[17.657232109936608,59.683836943286636],[17.657232109936608,59.69605874785927],[17.64501030536397,59.69605874785927],[17.64501030536397,59.671615138714]]]},"properties":{"id":"fb-Sigtuna-1","municipality":"Sigtuna","type":"flerbostadshus","view":"current","height":600}},{"type":"Feature","geometry":{"type":"Polygon","coordinates":[[[17.736831693192535,59.66782597277755],[17.761275302337808,59.66782597277755],[17.761275302337808,59.65560416820492],[17.753127432622716,59.65560416820492],[17.753127432622716,59.643382363632284],[17.744979562907627,59.643382363632284],[17.744979562907627,59.65560416820492],[17.736831693192535,59.65560416820492],[17.736831693192535,59.66782597277755]]]},"properties":{"id":"fb-Sigtuna-2","municipality":"Sigtuna","type":"flerbostadshus","view":"current","height":600}},{"type":"Feature","geometry":{"type":"Polygon","coordinates":[[[17.85462441573795,59.580011898218814],[17.87906802488322,59.580011898218814],[17.87906802488322,59.60445550736408],[17.85462441573795,59.60445550736408],[17.85462441573795,59.580011898218814]]]},"properties":{"id":"fb-Sigtuna-3","municipality":"Sigtuna","type":"flerbostadshus","view":"current","height":600}},{"type":"Feature","geometry":{"type":"Polygon","coordinates":[[[17.915891289949492,59.64344265743187],[17.940334899094765,59.64344265743187],[17.940334899094765,59.6556644620045],[17.92811309452213,59.6556644620045],[17.92811309452213,59.667886266577135],[17.915891289949492,59.667886266577135],[17.915891289949492,59.64344265743187]]]},"properties":{"id":"fb-Sigtuna-4","municipality":"Sigtuna","type":"flerbostadshus","view":"current","height":600}},{"type":"Feature","geometry":{"type":"Polygon","coordinates":[[[18.007712677778056,59.66562482621227],[18.03215628692333,59.66562482621227],[18.03215628692333,59.65340302163964],[18.024008417208236,59.65340302163964],[18.024008417208236,59.64118121706701],[18.015860547493148,59.64118121706701],[18.015860547493148,59.65340302163964],[18.007712677778056,59.65340302163964],[18.007712677778056,59.66562482621227]]]},"properties":{"id":"fb-Sigtuna-5","municipality":"Sigtuna","type":"flerbostadshus","view":"current","height":600}},{"type":"Feature","geometry":{"type":"Polygon","coordinates":[[[18.038425042743437,59.70461197409463],[18.06286865188871,59.70461197409463],[18.06286865188871,59.7290555832399],[18.038425042743437,59.7290555832399],[18.038425042743437,59.70461197409463]]]},"properties":{"id":"fb-Sigtuna-6","municipality":"Sigtuna","type":"flerbostadshus","view":"current","height":600}},{"type":"Feature","geometry":{"type":"Polygon","coordinates":[[[17.8552558276877,59.67179602229818],[17.879699436832972,59.67179602229818],[17.879699436832972,59.684017826870814],[17.867477632260336,59.684017826870814],[17.867477632260336,59.69623963144345],[17.8552558276877,59.69623963144345],[17.8552558276877,59.67179602229818]]]},"properties":{"id":"fb-Sigtuna-7","municipality":"Sigtuna","type":"flerbostadshus","view":"current","height":600}},{"type":"Feature","geometry":{"type":"Polygon","coordinates":[[[18.06929525905719,59.698561365607894],[18.09373886820246,59.698561365607894],[18.09373886820246,59.68633956103526],[18.08559099848737,59.68633956103526],[18.08559099848737,59.67411775646263],[18.07744312877228,59.67411775646263],[18.07744312877228,59.68633956103526],[18.06929525905719,59.68633956103526],[18.06929525905719,59.698561365607894]]]},"properties":{"id":"fb-Sigtuna-8","municipality":"Sigtuna","type":"flerbostadshus","view":"current","height":600}},{"type":"Feature","geometry":{"type":"Polygon","coordinates":[[[17.977789578296218,59.67185631609776],[18.00223318744149,59.67185631609776],[18.00223318744149,59.696299925243025],[17.977789578296218,59.696299925243025],[17.977789578296218,59.67185631609776]]]},"properties":{"id":"fb-Sigtuna-9","municipality":"Sigtuna","type":"flerbostadshus","view":"current","height":600}},{"type":"Feature","geometry":{"type":"Polygon","coordinates":[[[17.97794743183001,59.61306902958446],[18.002391040975283,59.61306902958446],[18.002391040975283,59.637512638729724],[17.97794743183001,59.637512638729724],[17.97794743183001,59.61306902958446]]]},"properties":{"id":"fb-Sigtuna-10","municipality":"Sigtuna","type":"flerbostadshus","view":"current","height":600}},{"type":"Feature","geometry":{"type":"Polygon","coordinates":[[[17.642005659616327,59.66580570761102],[17.6664492687616,59.66580570761102],[17.6664492687616,59.65358390303839],[17.658301399046508,59.65358390303839],[17.658301399046508,59.641362098465756],[17.65015352933142,59.641362098465756],[17.65015352933142,59.65358390303839],[17.642005659616327,59.65358390303839],[17.642005659616327,59.66580570761102]]]},"properties":{"id":"fb-Sigtuna-11","municipality":"Sigtuna","type":"flerbostadshus","view":"current","height":600}},{"type":"Feature","geometry":{"type":"Polygon","coordinates":[[[17.95237691569216,59.406575564258944],[17.96031641554406,59.406575564258944],[17.96031641554406,59.410545314184894],[17.95634666561811,59.410545314184894],[17.95634666561811,59.414515064110844],[17.95237691569216,59.414515064110844],[17.95237691569216,59.406575564258944]]]},"properties":{"id":"fb-Sollentuna-0","municipality":"Sollentuna","type":"flerbostadshus","view":"current","height":600}},{"type":"Feature","geometry":{"type":"Polygon","coordinates":[[[17.92265506329016,59.44355365260079],[17.930594563142062,59.44355365260079],[17.930594563142062,59.43958390267484],[17.92794806319143,59.43958390267484],[17.92794806319143,59.43561415274889],[17.925301563240794,59.43561415274889],[17.925301563240794,59.43958390267484],[17.92265506329016,59.43958390267484],[17.92265506329016,59.44355365260079]]]},"properties":{"id":"fb-Sollentuna-1","municipality":"Sollentuna","type":"flerbostadshus","view":"current","height":600}},{"type":"Feature","geometry":{"type":"Polygon","coordinates":[[[17.96240383459232,59.44629264765384],[17.97034333444422,59.44629264765384],[17.97034333444422,59.45423214750574],[17.96240383459232,59.45423214750574],[17.96240383459232,59.44629264765384]]]},"properties":{"id":"fb-Sollentuna-2","municipality":"Sollentuna","type":"flerbostadshus","view":"current","height":600}},{"type":"Feature","geometry":{"type":"Polygon","coordinates":[[[17.912833232560562,59.44555811169915],[17.920772732412463,59.44555811169915],[17.920772732412463,59.4495278616251],[17.916802982486512,59.4495278616251],[17.916802982486512,59.45349761155105],[17.912833232560562,59.45349761155105],[17.912833232560562,59.44555811169915]]]},"properties":{"id":"fb-Sollentuna-3","municipality":"Sollentuna","type":"flerbostadshus","view":"current","height":600}},{"type":"Feature","geometry":{"type":"Polygon","coordinates":[[[17.92280887941808,59.43440298201136],[17.930748379269982,59.43440298201136],[17.930748379269982,59.43043323208541],[17.92810187931935,59.43043323208541],[17.92810187931935,59.42646348215946],[17.925455379368714,59.42646348215946],[17.925455379368714,59.43043323208541],[17.92280887941808,59.43043323208541],[17.92280887941808,59.43440298201136]]]},"properties":{"id":"fb-Sollentuna-4","municipality":"Sollentuna","type":"flerbostadshus","view":"current","height":600}},{"type":"Feature","geometry":{"type":"Polygon","coordinates":[[[17.98240640035,59.435653320842185],[17.990345900201902,59.435653320842185],[17.990345900201902,59.443592820694086],[17.98240640035,59.443592820694086],[17.98240640035,59.435653320842185]]]},"properties":{"id":"fb-Sollentuna-5","municipality":"Sollentuna","type":"flerbostadshus","view":"current","height":600}},{"type":"Feature","geometry":{"type":"Polygon","coordinates":[[[17.942760173133124,59.41655869147996],[17.950699672985024,59.41655869147996],[17.950699672985024,59.420528441405914],[17.946729923059074,59.420528441405914],[17.946729923059074,59.424498191331864],[17.942760173133124,59.424498191331864],[17.942760173133124,59.41655869147996]]]},"properties":{"id":"fb-Sollentuna-6","municipality":"Sollentuna","type":"flerbostadshus","view":"current","height":600}},{"type":"Feature","geometry":{"type":"Polygon","coordinates":[[[17.883265196286487,59.443612404829466],[17.891204696138388,59.443612404829466],[17.891204696138388,59.439642654903516],[17.888558196187756,59.439642654903516],[17.888558196187756,59.435672904977565],[17.88591169623712,59.435672904977565],[17.88591169623712,59.439642654903516],[17.883265196286487,59.439642654903516],[17.883265196286487,59.443612404829466]]]},"properties":{"id":"fb-Sollentuna-7","municipality":"Sollentuna","type":"flerbostadshus","view":"current","height":600}},{"type":"Feature","geometry":{"type":"Polygon","coordinates":[[[17.923013967588645,59.446351399882516],[17.930953467440546,59.446351399882516],[17.930953467440546,59.45429089973442],[17.923013967588645,59.45429089973442],[17.923013967588645,59.446351399882516]]]},"properties":{"id":"fb-Sollentuna-8","municipality":"Sollentuna","type":"flerbostadshus","view":"current","height":600}},{"type":"Feature","geometry":{"type":"Polygon","coordinates":[[[17.98261148852056,59.415843739483186],[17.990550988372462,59.415843739483186],[17.990550988372462,59.41981348940914],[17.98658123844651,59.41981348940914],[17.98658123844651,59.42378323933509],[17.98261148852056,59.42378323933509],[17.98261148852056,59.415843739483186]]]},"properties":{"id":"fb-Sollentuna-9","municipality":"Sollentuna","type":"flerbostadshus","view":"current","height":600}},{"type":"Feature","geometry":{"type":"Polygon","coordinates":[[[17.933040886488804,59.43446173424004],[17.940980386340705,59.43446173424004],[17.940980386340705,59.43049198431409],[17.938333886390073,59.43049198431409],[17.938333886390073,59.42652223438814],[17.935687386439437,59.42652223438814],[17.935687386439437,59.43049198431409],[17.933040886488804,59.43049198431409],[17.933040886488804,59.43446173424004]]]},"properties":{"id":"fb-Sollentuna-10","municipality":"Sollentuna","type":"flerbostadshus","view":"current","height":600}},{"type":"Feature","geometry":{"type":"Polygon","coordinates":[[[17.972789657790965,59.40593894880369],[17.980729157642866,59.40593894880369],[17.980729157642866,59.41387844865559],[17.972789657790965,59.41387844865559],[17.972789657790965,59.40593894880369]]]},"properties":{"id":"fb-Sollentuna-11","municipality":"Sollentuna","type":"flerbostadshus","view":"current","height":600}},{"type":"Feature","geometry":{"type":"Polygon","coordinates":[[[17.843824057240173,59.466239317783035],[17.851763557092074,59.466239317783035],[17.851763557092074,59.474178817634936],[17.843824057240173,59.474178817634936],[17.843824057240173,59.466239317783035]]]},"properties":{"id":"fb-Sollentuna-12","municipality":"Sollentuna","type":"flerbostadshus","view":"current","height":600}},{"type":"Feature","geometry":{"type":"Polygon","coordinates":[[[17.953043452246487,59.43374678224326],[17.960982952098387,59.43374678224326],[17.960982952098387,59.42977703231731],[17.958336452147755,59.42977703231731],[17.958336452147755,59.42580728239136],[17.95568995219712,59.42580728239136],[17.95568995219712,59.42977703231731],[17.953043452246487,59.42977703231731],[17.953043452246487,59.43374678224326]]]},"properties":{"id":"fb-Sollentuna-13","municipality":"Sollentuna","type":"flerbostadshus","view":"current","height":600}},{"type":"Feature","geometry":{"type":"Polygon","coordinates":[[[17.943170349474247,59.43648577747378],[17.951109849326148,59.43648577747378],[17.951109849326148,59.44442527732568],[17.943170349474247,59.44442527732568],[17.943170349474247,59.43648577747378]]]},"properties":{"id":"fb-Sollentuna-14","municipality":"Sollentuna","type":"flerbostadshus","view":"current","height":600}},{"type":"Feature","geometry":{"type":"Polygon","coordinates":[[[17.982919120776405,59.42582686652674],[17.990858620628305,59.42582686652674],[17.990858620628305,59.43376636637864],[17.982919120776405,59.43376636637864],[17.982919120776405,59.42582686652674]]]},"properties":{"id":"fb-Sollentuna-15","municipality":"Sollentuna","type":"flerbostadshus","view":"current","height":600}},{"type":"Feature","geometry":{"type":"Polygon","coordinates":[[[17.92342414392977,59.41665661180194],[17.93136364378167,59.41665661180194],[17.93136364378167,59.42062636172789],[17.92739389385572,59.42062636172789],[17.92739389385572,59.42459611165384],[17.92342414392977,59.42459611165384],[17.92342414392977,59.41665661180194]]]},"properties":{"id":"fb-Sollentuna-16","municipality":"Sollentuna","type":"flerbostadshus","view":"current","height":600}},{"type":"Feature","geometry":{"type":"Polygon","coordinates":[[[18.007325469892844,59.36588143809632],[18.011456675293513,59.36588143809632],[18.011456675293513,59.370012643496985],[18.007325469892844,59.370012643496985],[18.007325469892844,59.36588143809632]]]},"properties":{"id":"fb-Solna-0","municipality":"Solna","type":"flerbostadshus","view":"current","height":442}},{"type":"Feature","geometry":{"type":"Polygon","coordinates":[[[18.033172182322446,59.35000721248857],[18.037303387723114,59.35000721248857],[18.037303387723114,59.352072815188905],[18.03523778502278,59.352072815188905],[18.03523778502278,59.35413841788924],[18.033172182322446,59.35413841788924],[18.033172182322446,59.35000721248857]]]},"properties":{"id":"fb-Solna-1","municipality":"Solna","type":"flerbostadshus","view":"current","height":407}},{"type":"Feature","geometry":{"type":"Polygon","coordinates":[[[18.01770684074534,59.37518684054999],[18.02183804614601,59.37518684054999],[18.02183804614601,59.37312123784966],[18.020460977679118,59.37312123784966],[18.020460977679118,59.371055635149325],[18.01908390921223,59.371055635149325],[18.01908390921223,59.37312123784966],[18.01770684074534,59.37312123784966],[18.01770684074534,59.37518684054999]]]},"properties":{"id":"fb-Solna-2","municipality":"Solna","type":"flerbostadshus","view":"current","height":372}},{"type":"Feature","geometry":{"type":"Polygon","coordinates":[[[17.991913485666554,59.36034541629819],[17.996044691067222,59.36034541629819],[17.996044691067222,59.364476621698856],[17.991913485666554,59.364476621698856],[17.991913485666554,59.36034541629819]]]},"properties":{"id":"fb-Solna-3","municipality":"Solna","type":"flerbostadshus","view":"current","height":510}},{"type":"Feature","geometry":{"type":"Polygon","coordinates":[[[18.00743218459448,59.39172185246062],[18.01156338999515,59.39172185246062],[18.01156338999515,59.393787455160954],[18.009497787294816,59.393787455160954],[18.009497787294816,59.39585305786129],[18.00743218459448,59.39585305786129],[18.00743218459448,59.39172185246062]]]},"properties":{"id":"fb-Solna-4","municipality":"Solna","type":"flerbostadshus","view":"current","height":475}},{"type":"Feature","geometry":{"type":"Polygon","coordinates":[[[18.012622870014958,59.39030684575522],[18.016754075415626,59.39030684575522],[18.016754075415626,59.388241243054885],[18.015377006948736,59.388241243054885],[18.015377006948736,59.38617564035455],[18.01399993848185,59.38617564035455],[18.01399993848185,59.388241243054885],[18.012622870014958,59.388241243054885],[18.012622870014958,59.39030684575522]]]},"properties":{"id":"fb-Solna-5","municipality":"Solna","type":"flerbostadshus","view":"current","height":440}},{"type":"Feature","geometry":{"type":"Polygon","coordinates":[[[17.981665508185333,59.371076015759435],[17.985796713586,59.371076015759435],[17.985796713586,59.3752072211601],[17.981665508185333,59.3752072211601],[17.981665508185333,59.371076015759435]]]},"properties":{"id":"fb-Solna-6","municipality":"Solna","type":"flerbostadshus","view":"current","height":405}},{"type":"Feature","geometry":{"type":"Polygon","coordinates":[[[18.048824274621648,59.375857817155044],[18.052955480022316,59.375857817155044],[18.052955480022316,59.37792341985538],[18.050889877321982,59.37792341985538],[18.050889877321982,59.37998902255571],[18.048824274621648,59.37998902255571],[18.048824274621648,59.375857817155044]]]},"properties":{"id":"fb-Solna-7","municipality":"Solna","type":"flerbostadshus","view":"current","height":370}},{"type":"Feature","geometry":{"type":"Polygon","coordinates":[[[17.98688287228699,59.35972539120976],[17.99101407768766,59.35972539120976],[17.99101407768766,59.35765978850942],[17.98963700922077,59.35765978850942],[17.98963700922077,59.35559418580909],[17.98825994075388,59.35559418580909],[17.98825994075388,59.35765978850942],[17.98688287228699,59.35765978850942],[17.98688287228699,59.35972539120976]]]},"properties":{"id":"fb-Solna-8","municipality":"Solna","type":"flerbostadshus","view":"current","height":509}},{"type":"Feature","geometry":{"type":"Polygon","coordinates":[[[17.99207355771324,59.375868007457214],[17.99620476311391,59.375868007457214],[17.99620476311391,59.37999921285788],[17.99207355771324,59.37999921285788],[17.99207355771324,59.375868007457214]]]},"properties":{"id":"fb-Solna-9","municipality":"Solna","type":"flerbostadshus","view":"current","height":474}},{"type":"Feature","geometry":{"type":"Polygon","coordinates":[[[18.01792027014284,59.35044036936042],[18.02205147554351,59.35044036936042],[18.02205147554351,59.352505972060754],[18.019985872843176,59.352505972060754],[18.019985872843176,59.35457157476109],[18.01792027014284,59.35457157476109],[18.01792027014284,59.35044036936042]]]},"properties":{"id":"fb-Solna-10","municipality":"Solna","type":"flerbostadshus","view":"current","height":439}},{"type":"Feature","geometry":{"type":"Polygon","coordinates":[[[17.981798901562378,59.369681389658375],[17.985930106963046,59.369681389658375],[17.985930106963046,59.36761578695804],[17.984553038496156,59.36761578695804],[17.984553038496156,59.36555018425771],[17.98317597002927,59.36555018425771],[17.98317597002927,59.36761578695804],[17.981798901562378,59.36761578695804],[17.981798901562378,59.369681389658375]]]},"properties":{"id":"fb-Solna-11","municipality":"Solna","type":"flerbostadshus","view":"current","height":404}},{"type":"Feature","geometry":{"type":"Polygon","coordinates":[[[18.038629654497015,59.36594257991511],[18.042760859897683,59.36594257991511],[18.042760859897683,59.370073785315775],[18.038629654497015,59.370073785315775],[18.038629654497015,59.36594257991511]]]},"properties":{"id":"fb-Solna-12","municipality":"Solna","type":"flerbostadshus","view":"current","height":369}},{"type":"Feature","geometry":{"type":"Polygon","coordinates":[[[17.97152424541152,59.3552323610582],[17.975655450812187,59.3552323610582],[17.975655450812187,59.35729796375853],[17.973589848111853,59.35729796375853],[17.973589848111853,59.35936356645887],[17.97152424541152,59.35936356645887],[17.97152424541152,59.3552323610582]]]},"properties":{"id":"fb-Solna-13","municipality":"Solna","type":"flerbostadshus","view":"current","height":508}},{"type":"Feature","geometry":{"type":"Polygon","coordinates":[[[18.023190991595317,59.34942794861458],[18.027322196995986,59.34942794861458],[18.027322196995986,59.34736234591425],[18.025945128529095,59.34736234591425],[18.025945128529095,59.345296743213915],[18.024568060062208,59.345296743213915],[18.024568060062208,59.34736234591425],[18.023190991595317,59.34736234591425],[18.023190991595317,59.34942794861458]]]},"properties":{"id":"fb-Solna-14","municipality":"Solna","type":"flerbostadshus","view":"current","height":473}},{"type":"Feature","geometry":{"type":"Polygon","coordinates":[[[18.028381677021564,59.36557056486205],[18.032512882422232,59.36557056486205],[18.032512882422232,59.369701770262715],[18.028381677021564,59.369701770262715],[18.028381677021564,59.36557056486205]]]},"properties":{"id":"fb-Solna-15","municipality":"Solna","type":"flerbostadshus","view":"current","height":437}},{"type":"Feature","geometry":{"type":"Polygon","coordinates":[[[18.0284083556912,59.37112696727028],[18.03253956109187,59.37112696727028],[18.03253956109187,59.37319256997061],[18.030473958391536,59.37319256997061],[18.030473958391536,59.37525817267095],[18.0284083556912,59.37525817267095],[18.0284083556912,59.37112696727028]]]},"properties":{"id":"fb-Solna-16","municipality":"Solna","type":"flerbostadshus","view":"current","height":402}},{"type":"Feature","geometry":{"type":"Polygon","coordinates":[[[18.007779007363258,59.34905593356153],[18.011910212763926,59.34905593356153],[18.011910212763926,59.346990330861196],[18.010533144297035,59.346990330861196],[18.010533144297035,59.34492472816086],[18.00915607583015,59.34492472816086],[18.00915607583015,59.346990330861196],[18.007779007363258,59.346990330861196],[18.007779007363258,59.34905593356153]]]},"properties":{"id":"fb-Solna-17","municipality":"Solna","type":"flerbostadshus","view":"current","height":367}},{"type":"Feature","geometry":{"type":"Polygon","coordinates":[[[18.018133699540343,59.386629177824965],[18.02226490494101,59.386629177824965],[18.02226490494101,59.39076038322563],[18.018133699540343,59.39076038322563],[18.018133699540343,59.386629177824965]]]},"properties":{"id":"fb-Solna-18","municipality":"Solna","type":"flerbostadshus","view":"current","height":506}},{"type":"Feature","geometry":{"type":"Polygon","coordinates":[[[17.976848324209044,59.36042693871554],[17.980979529609712,59.36042693871554],[17.980979529609712,59.362492541415875],[17.978913926909378,59.362492541415875],[17.978913926909378,59.36455814411621],[17.976848324209044,59.36455814411621],[17.976848324209044,59.36042693871554]]]},"properties":{"id":"fb-Solna-19","municipality":"Solna","type":"flerbostadshus","view":"current","height":471}},{"type":"Feature","geometry":{"type":"Polygon","coordinates":[[[18.038843083894516,59.385606566776964],[18.042974289295184,59.385606566776964],[18.042974289295184,59.38354096407663],[18.041597220828294,59.38354096407663],[18.041597220828294,59.381475361376296],[18.040220152361407,59.381475361376296],[18.040220152361407,59.38354096407663],[18.038843083894516,59.38354096407663],[18.038843083894516,59.385606566776964]]]},"properties":{"id":"fb-Solna-20","municipality":"Solna","type":"flerbostadshus","view":"current","height":436}},{"type":"Feature","geometry":{"type":"Polygon","coordinates":[[[18.018213735566572,59.35527312226687],[18.02234494096724,59.35527312226687],[18.02234494096724,59.35940432766754],[18.018213735566572,59.35940432766754],[18.018213735566572,59.35527312226687]]]},"properties":{"id":"fb-Solna-21","municipality":"Solna","type":"flerbostadshus","view":"current","height":401}},{"type":"Feature","geometry":{"type":"Polygon","coordinates":[[[17.997584387238625,59.386649558429305],[18.001715592639293,59.386649558429305],[18.001715592639293,59.38871516112964],[17.99964998993896,59.38871516112964],[17.99964998993896,59.39078076382997],[17.997584387238625,59.39078076382997],[17.997584387238625,59.386649558429305]]]},"properties":{"id":"fb-Solna-22","municipality":"Solna","type":"flerbostadshus","view":"current","height":366}},{"type":"Feature","geometry":{"type":"Polygon","coordinates":[[[17.992447059163197,59.35425051121887],[17.996578264563865,59.35425051121887],[17.996578264563865,59.35218490851854],[17.995201196096975,59.35218490851854],[17.995201196096975,59.350119305818204],[17.993824127630088,59.350119305818204],[17.993824127630088,59.35218490851854],[17.992447059163197,59.35218490851854],[17.992447059163197,59.35425051121887]]]},"properties":{"id":"fb-Solna-23","municipality":"Solna","type":"flerbostadshus","view":"current","height":505}},{"type":"Feature","geometry":{"type":"Polygon","coordinates":[[[18.033785791845315,59.36083971497728],[18.037916997245983,59.36083971497728],[18.037916997245983,59.36497092037795],[18.033785791845315,59.36497092037795],[18.033785791845315,59.36083971497728]]]},"properties":{"id":"fb-Solna-24","municipality":"Solna","type":"flerbostadshus","view":"current","height":470}},{"type":"Feature","geometry":{"type":"Polygon","coordinates":[[[17.987336409763177,59.344965489369535],[17.991467615163845,59.344965489369535],[17.991467615163845,59.34703109206987],[17.98940201246351,59.34703109206987],[17.98940201246351,59.3490966947702],[17.987336409763177,59.3490966947702],[17.987336409763177,59.344965489369535]]]},"properties":{"id":"fb-Solna-25","municipality":"Solna","type":"flerbostadshus","view":"current","height":435}},{"type":"Feature","geometry":{"type":"Polygon","coordinates":[[[17.98142448066935,59.36498111068012],[17.98555568607002,59.36498111068012],[17.98555568607002,59.362915507979785],[17.984178617603128,59.362915507979785],[17.984178617603128,59.36084990527945],[17.98280154913624,59.36084990527945],[17.98280154913624,59.362915507979785],[17.98142448066935,59.362915507979785],[17.98142448066935,59.36498111068012]]]},"properties":{"id":"fb-Solna-26","municipality":"Solna","type":"flerbostadshus","view":"current","height":400}},{"type":"Feature","geometry":{"type":"Polygon","coordinates":[[[18.027927220102306,59.386287733678415],[18.032058425502974,59.386287733678415],[18.032058425502974,59.39041893907908],[18.027927220102306,59.39041893907908],[18.027927220102306,59.386287733678415]]]},"properties":{"id":"fb-Solna-27","municipality":"Solna","type":"flerbostadshus","view":"current","height":365}},{"type":"Feature","geometry":{"type":"Polygon","coordinates":[[[18.0124618785252,59.381516122584976],[18.01659308392587,59.381516122584976],[18.01659308392587,59.38358172528531],[18.014527481225535,59.38358172528531],[18.014527481225535,59.385647327985644],[18.0124618785252,59.385647327985644],[18.0124618785252,59.381516122584976]]]},"properties":{"id":"fb-Solna-28","municipality":"Solna","type":"flerbostadshus","view":"current","height":503}},{"type":"Feature","geometry":{"type":"Polygon","coordinates":[[[18.038308590954802,59.35944508887622],[18.04243979635547,59.35944508887622],[18.04243979635547,59.35737948617589],[18.04106272788858,59.35737948617589],[18.04106272788858,59.35531388347555],[18.039685659421693,59.35531388347555],[18.039685659421693,59.35737948617589],[18.038308590954802,59.35737948617589],[18.038308590954802,59.35944508887622]]]},"properties":{"id":"fb-Solna-29","municipality":"Solna","type":"flerbostadshus","view":"current","height":468}},{"type":"Feature","geometry":{"type":"Polygon","coordinates":[[[18.002187222374342,59.345378265631275],[18.00631842777501,59.345378265631275],[18.00631842777501,59.34950947103194],[18.002187222374342,59.34950947103194],[18.002187222374342,59.345378265631275]]]},"properties":{"id":"fb-Solna-30","municipality":"Solna","type":"flerbostadshus","view":"current","height":433}},{"type":"Feature","geometry":{"type":"Polygon","coordinates":[[[18.022869928053105,59.35532407377772],[18.027001133453773,59.35532407377772],[18.027001133453773,59.35738967647806],[18.02493553075344,59.35738967647806],[18.02493553075344,59.35945527917839],[18.022869928053105,59.35945527917839],[18.022869928053105,59.35532407377772]]]},"properties":{"id":"fb-Solna-31","municipality":"Solna","type":"flerbostadshus","view":"current","height":398}},{"type":"Feature","geometry":{"type":"Polygon","coordinates":[[[18.01256859322684,59.39599572209166],[18.016699798627506,59.39599572209166],[18.016699798627506,59.39393011939133],[18.015322730160616,59.39393011939133],[18.015322730160616,59.391864516690994],[18.01394566169373,59.391864516690994],[18.01394566169373,59.39393011939133],[18.01256859322684,59.39393011939133],[18.01256859322684,59.39599572209166]]]},"properties":{"id":"fb-Solna-32","municipality":"Solna","type":"flerbostadshus","view":"current","height":363}},{"type":"Feature","geometry":{"type":"Polygon","coordinates":[[[17.99193924489889,59.36566227758157],[17.99607045029956,59.36566227758157],[17.99607045029956,59.36979348298224],[17.99193924489889,59.36979348298224],[17.99193924489889,59.36566227758157]]]},"properties":{"id":"fb-Solna-33","municipality":"Solna","type":"flerbostadshus","view":"current","height":502}},{"type":"Feature","geometry":{"type":"Polygon","coordinates":[[[18.053934004584363,59.37121867999558],[18.05806520998503,59.37121867999558],[18.05806520998503,59.37328428269591],[18.055999607284697,59.37328428269591],[18.055999607284697,59.37534988539625],[18.053934004584363,59.37534988539625],[18.053934004584363,59.37121867999558]]]},"properties":{"id":"fb-Solna-34","municipality":"Solna","type":"flerbostadshus","view":"current","height":467}},{"type":"Feature","geometry":{"type":"Polygon","coordinates":[[[18.038468663007258,59.36463966653934],[18.042599868407926,59.36463966653934],[18.042599868407926,59.362574063839006],[18.041222799941036,59.362574063839006],[18.041222799941036,59.36050846113867],[18.03984573147415,59.36050846113867],[18.03984573147415,59.362574063839006],[18.038468663007258,59.362574063839006],[18.038468663007258,59.36463966653934]]]},"properties":{"id":"fb-Solna-35","municipality":"Solna","type":"flerbostadshus","view":"current","height":432}},{"type":"Feature","geometry":{"type":"Polygon","coordinates":[[[17.997183287675956,59.37639287704859],[18.001314493076624,59.37639287704859],[18.001314493076624,59.380524082449256],[17.997183287675956,59.380524082449256],[17.997183287675956,59.37639287704859]]]},"properties":{"id":"fb-Solna-36","municipality":"Solna","type":"flerbostadshus","view":"current","height":397}},{"type":"Feature","geometry":{"type":"Polygon","coordinates":[[[18.028194006850626,59.37601067169336],[18.032325212251294,59.37601067169336],[18.032325212251294,59.37807627439369],[18.03025960955096,59.37807627439369],[18.03025960955096,59.380141877094026],[18.028194006850626,59.380141877094026],[18.028194006850626,59.37601067169336]]]},"properties":{"id":"fb-Solna-37","municipality":"Solna","type":"flerbostadshus","view":"current","height":362}},{"type":"Feature","geometry":{"type":"Polygon","coordinates":[[[17.992072638270166,59.390862286253096],[17.996203843670834,59.390862286253096],[17.996203843670834,59.38879668355276],[17.994826775203943,59.38879668355276],[17.994826775203943,59.38673108085243],[17.993449706737056,59.38673108085243],[17.993449706737056,59.38879668355276],[17.992072638270166,59.38879668355276],[17.992072638270166,59.390862286253096]]]},"properties":{"id":"fb-Solna-38","municipality":"Solna","type":"flerbostadshus","view":"current","height":501}},{"type":"Feature","geometry":{"type":"Polygon","coordinates":[[[18.023083357450606,59.36569284849385],[18.027214562851274,59.36569284849385],[18.027214562851274,59.36982405389452],[18.023083357450606,59.36982405389452],[18.023083357450606,59.36569284849385]]]},"properties":{"id":"fb-Solna-39","municipality":"Solna","type":"flerbostadshus","view":"current","height":465}},{"type":"Feature","geometry":{"type":"Polygon","coordinates":[[[18.093608289235068,59.3354072498784],[18.09757769962199,59.3354072498784],[18.09757769962199,59.33342254468494],[18.09625456282635,59.33342254468494],[18.09625456282635,59.331437839491485],[18.09493142603071,59.331437839491485],[18.09493142603071,59.33342254468494],[18.093608289235068,59.33342254468494],[18.093608289235068,59.3354072498784]]]},"properties":{"id":"fb-Stockholm-0","municipality":"Stockholm","type":"flerbostadshus","view":"current","height":485}},{"type":"Feature","geometry":{"type":"Polygon","coordinates":[[[17.890201640645277,59.37647073413887],[17.8941710510322,59.37647073413887],[17.8941710510322,59.380440144525785],[17.890201640645277,59.380440144525785],[17.890201640645277,59.37647073413887]]]},"properties":{"id":"fb-Stockholm-1","municipality":"Stockholm","type":"flerbostadshus","view":"current","height":451}},{"type":"Feature","geometry":{"type":"Polygon","coordinates":[[[17.900150800529932,59.386027023453124],[17.904120210916854,59.386027023453124],[17.904120210916854,59.38999643384004],[17.900150800529932,59.38999643384004],[17.900150800529932,59.386027023453124]]]},"properties":{"id":"fb-Stockholm-2","municipality":"Stockholm","type":"flerbostadshus","view":"current","height":418}},{"type":"Feature","geometry":{"type":"Polygon","coordinates":[[[18.009335219910167,59.33182465860486],[18.01330463029709,59.33182465860486],[18.01330463029709,59.333809363798316],[18.011319925103628,59.333809363798316],[18.011319925103628,59.335794068991774],[18.009335219910167,59.335794068991774],[18.009335219910167,59.33182465860486]]]},"properties":{"id":"fb-Stockholm-3","municipality":"Stockholm","type":"flerbostadshus","view":"current","height":384}},{"type":"Feature","geometry":{"type":"Polygon","coordinates":[[[17.92501088310545,59.28680155509891],[17.928980293492373,59.28680155509891],[17.928980293492373,59.29077096548583],[17.92501088310545,59.29077096548583],[17.92501088310545,59.28680155509891]]]},"properties":{"id":"fb-Stockholm-4","municipality":"Stockholm","type":"flerbostadshus","view":"current","height":350}},{"type":"Feature","geometry":{"type":"Polygon","coordinates":[[[18.06892764337124,59.267331530958785],[18.07289705375816,59.267331530958785],[18.07289705375816,59.2713009413457],[18.06892764337124,59.2713009413457],[18.06892764337124,59.267331530958785]]]},"properties":{"id":"fb-Stockholm-5","municipality":"Stockholm","type":"flerbostadshus","view":"current","height":484}},{"type":"Feature","geometry":{"type":"Polygon","coordinates":[[[18.10368561817415,59.29673487220766],[18.107655028561073,59.29673487220766],[18.107655028561073,59.298719577401116],[18.10567032336761,59.298719577401116],[18.10567032336761,59.30070428259457],[18.10368561817415,59.30070428259457],[18.10368561817415,59.29673487220766]]]},"properties":{"id":"fb-Stockholm-6","municipality":"Stockholm","type":"flerbostadshus","view":"current","height":450}},{"type":"Feature","geometry":{"type":"Polygon","coordinates":[[[18.10371125191406,59.32589012530734],[18.107680662300982,59.32589012530734],[18.107680662300982,59.32390542011388],[18.10635752550534,59.32390542011388],[18.10635752550534,59.321920714920424],[18.1050343887097,59.321920714920424],[18.1050343887097,59.32390542011388],[18.10371125191406,59.32390542011388],[18.10371125191406,59.32589012530734]]]},"properties":{"id":"fb-Stockholm-7","municipality":"Stockholm","type":"flerbostadshus","view":"current","height":416}},{"type":"Feature","geometry":{"type":"Polygon","coordinates":[[[17.796107580845042,59.37117110828136],[17.800076991231965,59.37117110828136],[17.800076991231965,59.375140518668275],[17.796107580845042,59.375140518668275],[17.796107580845042,59.37117110828136]]]},"properties":{"id":"fb-Stockholm-8","municipality":"Stockholm","type":"flerbostadshus","view":"current","height":383}},{"type":"Feature","geometry":{"type":"Polygon","coordinates":[[[18.05910665271846,59.35170108414123],[18.06307606310538,59.35170108414123],[18.06307606310538,59.35368578933469],[18.06109135791192,59.35368578933469],[18.06109135791192,59.35567049452815],[18.05910665271846,59.35567049452815],[18.05910665271846,59.35170108414123]]]},"properties":{"id":"fb-Stockholm-9","municipality":"Stockholm","type":"flerbostadshus","view":"current","height":349}},{"type":"Feature","geometry":{"type":"Polygon","coordinates":[[[18.133558731390583,59.325532679973165],[18.137528141777505,59.325532679973165],[18.137528141777505,59.32354797477971],[18.136205004981864,59.32354797477971],[18.136205004981864,59.32156326958625],[18.134881868186223,59.32156326958625],[18.134881868186223,59.32354797477971],[18.133558731390583,59.32354797477971],[18.133558731390583,59.325532679973165]]]},"properties":{"id":"fb-Stockholm-10","municipality":"Stockholm","type":"flerbostadshus","view":"current","height":482}},{"type":"Feature","geometry":{"type":"Polygon","coordinates":[[[17.9599226607027,59.35171087528267],[17.96389207108962,59.35171087528267],[17.96389207108962,59.355680285669585],[17.9599226607027,59.355680285669585],[17.9599226607027,59.35171087528267]]]},"properties":{"id":"fb-Stockholm-11","municipality":"Stockholm","type":"flerbostadshus","view":"current","height":449}},{"type":"Feature","geometry":{"type":"Polygon","coordinates":[[[17.885521849865285,59.33645834967865],[17.889491260252207,59.33645834967865],[17.889491260252207,59.33844305487211],[17.887506555058746,59.33844305487211],[17.887506555058746,59.340427760065566],[17.885521849865285,59.340427760065566],[17.885521849865285,59.33645834967865]]]},"properties":{"id":"fb-Stockholm-12","municipality":"Stockholm","type":"flerbostadshus","view":"current","height":415}},{"type":"Feature","geometry":{"type":"Polygon","coordinates":[[[17.845853379735985,59.38546065471294],[17.849822790122907,59.38546065471294],[17.849822790122907,59.383475949519486],[17.848499653327266,59.383475949519486],[17.848499653327266,59.38149124432603],[17.847176516531626,59.38149124432603],[17.847176516531626,59.383475949519486],[17.845853379735985,59.383475949519486],[17.845853379735985,59.38546065471294]]]},"properties":{"id":"fb-Stockholm-13","municipality":"Stockholm","type":"flerbostadshus","view":"current","height":381}},{"type":"Feature","geometry":{"type":"Polygon","coordinates":[[[17.939810244666987,59.38631812403565],[17.94377965505391,59.38631812403565],[17.94377965505391,59.39028753442256],[17.939810244666987,59.39028753442256],[17.939810244666987,59.38631812403565]]]},"properties":{"id":"fb-Stockholm-14","municipality":"Stockholm","type":"flerbostadshus","view":"current","height":348}},{"type":"Feature","geometry":{"type":"Polygon","coordinates":[[[18.13368690044501,59.252495198069894],[18.137656310831932,59.252495198069894],[18.137656310831932,59.25447990326335],[18.13567160563847,59.25447990326335],[18.13567160563847,59.25646460845681],[18.13368690044501,59.25646460845681],[18.13368690044501,59.252495198069894]]]},"properties":{"id":"fb-Stockholm-15","municipality":"Stockholm","type":"flerbostadshus","view":"current","height":481}},{"type":"Feature","geometry":{"type":"Polygon","coordinates":[[[17.989077143388933,59.275944423738366],[17.993046553775855,59.275944423738366],[17.993046553775855,59.27395971854491],[17.991723416980214,59.27395971854491],[17.991723416980214,59.27197501335145],[17.990400280184573,59.27197501335145],[17.990400280184573,59.27395971854491],[17.989077143388933,59.27395971854491],[17.989077143388933,59.275944423738366]]]},"properties":{"id":"fb-Stockholm-16","municipality":"Stockholm","type":"flerbostadshus","view":"current","height":447}},{"type":"Feature","geometry":{"type":"Polygon","coordinates":[[[18.088338036801865,59.262428515178634],[18.092307447188787,59.262428515178634],[18.092307447188787,59.26639792556555],[18.088338036801865,59.26639792556555],[18.088338036801865,59.262428515178634]]]},"properties":{"id":"fb-Stockholm-17","municipality":"Stockholm","type":"flerbostadshus","view":"current","height":414}},{"type":"Feature","geometry":{"type":"Polygon","coordinates":[[[17.92958725524238,59.30671714537847],[17.933556665629304,59.30671714537847],[17.933556665629304,59.30870185057193],[17.931571960435843,59.30870185057193],[17.931571960435843,59.310686555765386],[17.92958725524238,59.310686555765386],[17.92958725524238,59.30671714537847]]]},"properties":{"id":"fb-Stockholm-18","municipality":"Stockholm","type":"flerbostadshus","view":"current","height":380}},{"type":"Feature","geometry":{"type":"Polygon","coordinates":[[[18.03380991163896,59.30610182075367],[18.037779322025884,59.30610182075367],[18.037779322025884,59.30411711556021],[18.036456185230243,59.30411711556021],[18.036456185230243,59.30213241036675],[18.035133048434602,59.30213241036675],[18.035133048434602,59.30411711556021],[18.03380991163896,59.30411711556021],[18.03380991163896,59.30610182075367]]]},"properties":{"id":"fb-Stockholm-19","municipality":"Stockholm","type":"flerbostadshus","view":"current","height":346}},{"type":"Feature","geometry":{"type":"Polygon","coordinates":[[[18.088414938376477,59.257109306860805],[18.0923843487634,59.257109306860805],[18.0923843487634,59.26107871724772],[18.088414938376477,59.26107871724772],[18.088414938376477,59.257109306860805]]]},"properties":{"id":"fb-Stockholm-20","municipality":"Stockholm","type":"flerbostadshus","view":"current","height":480}},{"type":"Feature","geometry":{"type":"Polygon","coordinates":[[[17.810581845031923,59.371606883279355],[17.814551255418845,59.371606883279355],[17.814551255418845,59.37359158847281],[17.812566550225384,59.37359158847281],[17.812566550225384,59.37557629366627],[17.810581845031923,59.37557629366627],[17.810581845031923,59.371606883279355]]]},"properties":{"id":"fb-Stockholm-21","municipality":"Stockholm","type":"flerbostadshus","view":"current","height":446}},{"type":"Feature","geometry":{"type":"Polygon","coordinates":[[[18.18273970272311,59.24620321943819],[18.186709113110034,59.24620321943819],[18.186709113110034,59.244218514244736],[18.185385976314393,59.244218514244736],[18.185385976314393,59.24223380905128],[18.184062839518752,59.24223380905128],[18.184062839518752,59.244218514244736],[18.18273970272311,59.244218514244736],[18.18273970272311,59.24620321943819]]]},"properties":{"id":"fb-Stockholm-22","municipality":"Stockholm","type":"flerbostadshus","view":"current","height":412}},{"type":"Feature","geometry":{"type":"Polygon","coordinates":[[[18.048797735904436,59.331922570551555],[18.05276714629136,59.331922570551555],[18.05276714629136,59.33589198093847],[18.048797735904436,59.33589198093847],[18.048797735904436,59.331922570551555]]]},"properties":{"id":"fb-Stockholm-23","municipality":"Stockholm","type":"flerbostadshus","view":"current","height":379}},{"type":"Feature","geometry":{"type":"Polygon","coordinates":[[[17.865238139249254,59.36132591197787],[17.869207549636176,59.36132591197787],[17.869207549636176,59.36331061717133],[17.867222844442715,59.36331061717133],[17.867222844442715,59.36529532236479],[17.865238139249254,59.36529532236479],[17.865238139249254,59.36132591197787]]]},"properties":{"id":"fb-Stockholm-24","municipality":"Stockholm","type":"flerbostadshus","view":"current","height":345}},{"type":"Feature","geometry":{"type":"Polygon","coordinates":[[[18.033963714610746,59.30116943137177],[18.037933124997668,59.30116943137177],[18.037933124997668,59.29918472617831],[18.036609988202027,59.29918472617831],[18.036609988202027,59.29720002098485],[18.035286851406386,59.29720002098485],[18.035286851406386,59.29918472617831],[18.033963714610746,59.29918472617831],[18.033963714610746,59.30116943137177]]]},"properties":{"id":"fb-Stockholm-25","municipality":"Stockholm","type":"flerbostadshus","view":"current","height":478}},{"type":"Feature","geometry":{"type":"Polygon","coordinates":[[[17.77101591021714,59.38118275505393],[17.774985320604063,59.38118275505393],[17.774985320604063,59.38515216544084],[17.77101591021714,59.38515216544084],[17.77101591021714,59.38118275505393]]]},"properties":{"id":"fb-Stockholm-26","municipality":"Stockholm","type":"flerbostadshus","view":"current","height":445}},{"type":"Feature","geometry":{"type":"Polygon","coordinates":[[[18.03897674525166,59.31705686406091],[18.04294615563858,59.31705686406091],[18.04294615563858,59.31904156925437],[18.04096145044512,59.31904156925437],[18.04096145044512,59.321026274447824],[18.03897674525166,59.321026274447824],[18.03897674525166,59.31705686406091]]]},"properties":{"id":"fb-Stockholm-27","municipality":"Stockholm","type":"flerbostadshus","view":"current","height":411}},{"type":"Feature","geometry":{"type":"Polygon","coordinates":[[[18.01419356407331,59.305773748843805],[18.018162974460232,59.305773748843805],[18.018162974460232,59.30378904365035],[18.01683983766459,59.30378904365035],[18.01683983766459,59.30180433845689],[18.01551670086895,59.30180433845689],[18.01551670086895,59.30378904365035],[18.01419356407331,59.30378904365035],[18.01419356407331,59.305773748843805]]]},"properties":{"id":"fb-Stockholm-28","municipality":"Stockholm","type":"flerbostadshus","view":"current","height":377}},{"type":"Feature","geometry":{"type":"Polygon","coordinates":[[[18.068798590810825,59.29721960326772],[18.072768001197748,59.29721960326772],[18.072768001197748,59.301189013654636],[18.068798590810825,59.301189013654636],[18.068798590810825,59.29721960326772]]]},"properties":{"id":"fb-Stockholm-29","municipality":"Stockholm","type":"flerbostadshus","view":"current","height":344}},{"type":"Feature","geometry":{"type":"Polygon","coordinates":[[[18.024168357697874,59.30181412977577],[18.028137768084797,59.30181412977577],[18.028137768084797,59.30379883496923],[18.026153062891336,59.30379883496923],[18.026153062891336,59.305783540162686],[18.024168357697874,59.305783540162686],[18.024168357697874,59.30181412977577]]]},"properties":{"id":"fb-Stockholm-30","municipality":"Stockholm","type":"flerbostadshus","view":"current","height":477}},{"type":"Feature","geometry":{"type":"Polygon","coordinates":[[[17.78106760541632,59.380587012712],[17.785037015803244,59.380587012712],[17.785037015803244,59.37860230751854],[17.783713879007603,59.37860230751854],[17.783713879007603,59.376617602325084],[17.782390742211962,59.376617602325084],[17.782390742211962,59.37860230751854],[17.78106760541632,59.37860230751854],[17.78106760541632,59.380587012712]]]},"properties":{"id":"fb-Stockholm-31","municipality":"Stockholm","type":"flerbostadshus","view":"current","height":443}},{"type":"Feature","geometry":{"type":"Polygon","coordinates":[[[17.944831417616715,59.35144155075375],[17.948800828003638,59.35144155075375],[17.948800828003638,59.35541096114066],[17.944831417616715,59.35541096114066],[17.944831417616715,59.35144155075375]]]},"properties":{"id":"fb-Stockholm-32","municipality":"Stockholm","type":"flerbostadshus","view":"current","height":410}},{"type":"Feature","geometry":{"type":"Polygon","coordinates":[[[17.895239421697557,59.36174210451555],[17.89920883208448,59.36174210451555],[17.89920883208448,59.36372680970901],[17.897224126891018,59.36372680970901],[17.897224126891018,59.365711514902465],[17.895239421697557,59.365711514902465],[17.895239421697557,59.36174210451555]]]},"properties":{"id":"fb-Stockholm-33","municipality":"Stockholm","type":"flerbostadshus","view":"current","height":376}},{"type":"Feature","geometry":{"type":"Polygon","coordinates":[[[18.108620863734465,59.350458989298446],[18.112590274121388,59.350458989298446],[18.112590274121388,59.34847428410499],[18.111267137325747,59.34847428410499],[18.111267137325747,59.34648957891153],[18.109944000530106,59.34648957891153],[18.109944000530106,59.34847428410499],[18.108620863734465,59.34847428410499],[18.108620863734465,59.350458989298446]]]},"properties":{"id":"fb-Stockholm-34","municipality":"Stockholm","type":"flerbostadshus","view":"current","height":342}},{"type":"Feature","geometry":{"type":"Polygon","coordinates":[[[18.088799445717214,59.312134265997884],[18.092768856104136,59.312134265997884],[18.092768856104136,59.3161036763848],[18.088799445717214,59.3161036763848],[18.088799445717214,59.312134265997884]]]},"properties":{"id":"fb-Stockholm-35","municipality":"Stockholm","type":"flerbostadshus","view":"current","height":476}},{"type":"Feature","geometry":{"type":"Polygon","coordinates":[[[17.890354560111074,59.371308185148685],[17.894323970497997,59.371308185148685],[17.894323970497997,59.37329289034214],[17.892339265304535,59.37329289034214],[17.892339265304535,59.3752775955356],[17.890354560111074,59.3752775955356],[17.890354560111074,59.371308185148685]]]},"properties":{"id":"fb-Stockholm-36","municipality":"Stockholm","type":"flerbostadshus","view":"current","height":442}},{"type":"Feature","geometry":{"type":"Polygon","coordinates":[[[17.994577216685105,59.28138112664065],[17.998546627072027,59.28138112664065],[17.998546627072027,59.279396421447196],[17.997223490276387,59.279396421447196],[17.997223490276387,59.27741171625374],[17.995900353480746,59.27741171625374],[17.995900353480746,59.279396421447196],[17.994577216685105,59.279396421447196],[17.994577216685105,59.28138112664065]]]},"properties":{"id":"fb-Stockholm-37","municipality":"Stockholm","type":"flerbostadshus","view":"current","height":408}},{"type":"Feature","geometry":{"type":"Polygon","coordinates":[[[17.920176405670244,59.40108855419205],[17.924145816057166,59.40108855419205],[17.924145816057166,59.405057964578965],[17.920176405670244,59.405057964578965],[17.920176405670244,59.40108855419205]]]},"properties":{"id":"fb-Stockholm-38","municipality":"Stockholm","type":"flerbostadshus","view":"current","height":375}},{"type":"Feature","geometry":{"type":"Polygon","coordinates":[[[18.078978455064433,59.3071920852971],[18.082947865451356,59.3071920852971],[18.082947865451356,59.30917679049056],[18.080963160257895,59.30917679049056],[18.080963160257895,59.31116149568402],[18.078978455064433,59.31116149568402],[18.078978455064433,59.3071920852971]]]},"properties":{"id":"fb-Stockholm-39","municipality":"Stockholm","type":"flerbostadshus","view":"current","height":341}},{"type":"Feature","geometry":{"type":"Polygon","coordinates":[[[17.870610043490995,59.34552660009399],[17.874579453877917,59.34552660009399],[17.874579453877917,59.34354189490053],[17.873256317082276,59.34354189490053],[17.873256317082276,59.341557189707075],[17.871933180286636,59.341557189707075],[17.871933180286636,59.34354189490053],[17.870610043490995,59.34354189490053],[17.870610043490995,59.34552660009399]]]},"properties":{"id":"fb-Stockholm-40","municipality":"Stockholm","type":"flerbostadshus","view":"current","height":474}},{"type":"Feature","geometry":{"type":"Polygon","coordinates":[[[18.034373855868836,59.29231658766502],[18.038343266255758,59.29231658766502],[18.038343266255758,59.296285998051935],[18.034373855868836,59.296285998051935],[18.034373855868836,59.29231658766502]]]},"properties":{"id":"fb-Stockholm-41","municipality":"Stockholm","type":"flerbostadshus","view":"current","height":440}},{"type":"Feature","geometry":{"type":"Polygon","coordinates":[[[17.959973044853974,59.33660521786486],[17.963942455240897,59.33660521786486],[17.963942455240897,59.338589923058315],[17.961957750047436,59.338589923058315],[17.961957750047436,59.34057462825177],[17.959973044853974,59.34057462825177],[17.959973044853974,59.33660521786486]]]},"properties":{"id":"fb-Stockholm-42","municipality":"Stockholm","type":"flerbostadshus","view":"current","height":407}},{"type":"Feature","geometry":{"type":"Polygon","coordinates":[[[18.14358390916642,59.276448737258754],[18.147553319553342,59.276448737258754],[18.147553319553342,59.274464032065296],[18.1462301827577,59.274464032065296],[18.1462301827577,59.27247932687184],[18.14490704596206,59.27247932687184],[18.14490704596206,59.274464032065296],[18.14358390916642,59.274464032065296],[18.14358390916642,59.276448737258754]]]},"properties":{"id":"fb-Stockholm-43","municipality":"Stockholm","type":"flerbostadshus","view":"current","height":373}},{"type":"Feature","geometry":{"type":"Polygon","coordinates":[[[18.05925957218426,59.35646206094091],[18.063228982571182,59.35646206094091],[18.063228982571182,59.36043147132783],[18.05925957218426,59.36043147132783],[18.05925957218426,59.35646206094091]]]},"properties":{"id":"fb-Stockholm-44","municipality":"Stockholm","type":"flerbostadshus","view":"current","height":339}},{"type":"Feature","geometry":{"type":"Polygon","coordinates":[[[17.969229207948345,59.28737440696424],[17.973198618335267,59.28737440696424],[17.973198618335267,59.291343817351155],[17.969229207948345,59.291343817351155],[17.969229207948345,59.28737440696424]]]},"properties":{"id":"fb-Stockholm-45","municipality":"Stockholm","type":"flerbostadshus","view":"current","height":473}},{"type":"Feature","geometry":{"type":"Polygon","coordinates":[[[17.87994310798253,59.345555973695745],[17.883912518369453,59.345555973695745],[17.883912518369453,59.34357126850229],[17.882589381573812,59.34357126850229],[17.882589381573812,59.34158656330883],[17.88126624477817,59.34158656330883],[17.88126624477817,59.34357126850229],[17.87994310798253,59.34357126850229],[17.87994310798253,59.345555973695745]]]},"properties":{"id":"fb-Stockholm-46","municipality":"Stockholm","type":"flerbostadshus","view":"current","height":439}},{"type":"Feature","geometry":{"type":"Polygon","coordinates":[[[17.894854030850837,59.282422435299466],[17.89882344123776,59.282422435299466],[17.89882344123776,59.28639184568638],[17.894854030850837,59.28639184568638],[17.894854030850837,59.282422435299466]]]},"properties":{"id":"fb-Stockholm-47","municipality":"Stockholm","type":"flerbostadshus","view":"current","height":405}},{"type":"Feature","geometry":{"type":"Polygon","coordinates":[[[18.013961976198374,59.262208146711785],[18.017931386585296,59.262208146711785],[18.017931386585296,59.2661775570987],[18.013961976198374,59.2661775570987],[18.013961976198374,59.262208146711785]]]},"properties":{"id":"fb-Stockholm-48","municipality":"Stockholm","type":"flerbostadshus","view":"current","height":372}},{"type":"Feature","geometry":{"type":"Polygon","coordinates":[[[18.02391113608303,59.312202804342824],[18.02788054646995,59.312202804342824],[18.02788054646995,59.31418750953628],[18.02589584127649,59.31418750953628],[18.02589584127649,59.31617221472974],[18.02391113608303,59.31617221472974],[18.02391113608303,59.312202804342824]]]},"properties":{"id":"fb-Stockholm-49","municipality":"Stockholm","type":"flerbostadshus","view":"current","height":338}},{"type":"Feature","geometry":{"type":"Polygon","coordinates":[[[17.815542724509587,59.361453197526316],[17.81951213489651,59.361453197526316],[17.81951213489651,59.36542260791323],[17.815542724509587,59.36542260791323],[17.815542724509587,59.361453197526316]]]},"properties":{"id":"fb-Stockholm-50","municipality":"Stockholm","type":"flerbostadshus","view":"current","height":471}},{"type":"Feature","geometry":{"type":"Polygon","coordinates":[[[18.01403887777299,59.322136121629015],[18.018008288159912,59.322136121629015],[18.018008288159912,59.32610553201593],[18.01403887777299,59.32610553201593],[18.01403887777299,59.322136121629015]]]},"properties":{"id":"fb-Stockholm-51","municipality":"Stockholm","type":"flerbostadshus","view":"current","height":438}},{"type":"Feature","geometry":{"type":"Polygon","coordinates":[[[18.12322329715322,59.296960070057686],[18.127192707540143,59.296960070057686],[18.127192707540143,59.298944775251144],[18.12520800234668,59.298944775251144],[18.12520800234668,59.3009294804446],[18.12322329715322,59.3009294804446],[18.12322329715322,59.296960070057686]]]},"properties":{"id":"fb-Stockholm-52","municipality":"Stockholm","type":"flerbostadshus","view":"current","height":404}},{"type":"Feature","geometry":{"type":"Polygon","coordinates":[[[17.820581389067854,59.375732952993914],[17.824550799454776,59.375732952993914],[17.824550799454776,59.37374824780046],[17.823227662659136,59.37374824780046],[17.823227662659136,59.371763542607],[17.821904525863495,59.371763542607],[17.821904525863495,59.37374824780046],[17.820581389067854,59.37374824780046],[17.820581389067854,59.375732952993914]]]},"properties":{"id":"fb-Stockholm-53","municipality":"Stockholm","type":"flerbostadshus","view":"current","height":370}},{"type":"Feature","geometry":{"type":"Polygon","coordinates":[[[17.97442167530095,59.341625728052016],[17.97839108568787,59.341625728052016],[17.97839108568787,59.34559513843893],[17.97442167530095,59.34559513843893],[17.97442167530095,59.341625728052016]]]},"properties":{"id":"fb-Stockholm-54","municipality":"Stockholm","type":"flerbostadshus","view":"current","height":337}},{"type":"Feature","geometry":{"type":"Polygon","coordinates":[[[18.123300198727836,59.25765278512438],[18.12726960911476,59.25765278512438],[18.12726960911476,59.259637490317836],[18.125284903921298,59.259637490317836],[18.125284903921298,59.26162219551129],[18.123300198727836,59.26162219551129],[18.123300198727836,59.25765278512438]]]},"properties":{"id":"fb-Stockholm-55","municipality":"Stockholm","type":"flerbostadshus","view":"current","height":470}},{"type":"Feature","geometry":{"type":"Polygon","coordinates":[[[18.123325832467742,59.27117848500299],[18.127295242854665,59.27117848500299],[18.127295242854665,59.269193779809534],[18.125972106059024,59.269193779809534],[18.125972106059024,59.267209074616076],[18.124648969263383,59.267209074616076],[18.124648969263383,59.269193779809534],[18.123325832467742,59.269193779809534],[18.123325832467742,59.27117848500299]]]},"properties":{"id":"fb-Stockholm-56","municipality":"Stockholm","type":"flerbostadshus","view":"current","height":436}},{"type":"Feature","geometry":{"type":"Polygon","coordinates":[[[18.039001495663026,59.28247139136153],[18.04297090604995,59.28247139136153],[18.04297090604995,59.28644080174845],[18.039001495663026,59.28644080174845],[18.039001495663026,59.28247139136153]]]},"properties":{"id":"fb-Stockholm-57","municipality":"Stockholm","type":"flerbostadshus","view":"current","height":403}},{"type":"Feature","geometry":{"type":"Polygon","coordinates":[[[18.01421831448468,59.29698944365944],[18.018187724871602,59.29698944365944],[18.018187724871602,59.2989741488529],[18.01620301967814,59.2989741488529],[18.01620301967814,59.30095885404636],[18.01421831448468,59.30095885404636],[18.01421831448468,59.29698944365944]]]},"properties":{"id":"fb-Stockholm-58","municipality":"Stockholm","type":"flerbostadshus","view":"current","height":369}},{"type":"Feature","geometry":{"type":"Polygon","coordinates":[[[17.934855740663615,59.36583880062836],[17.938825151050537,59.36583880062836],[17.938825151050537,59.3638540954349],[17.937502014254896,59.3638540954349],[17.937502014254896,59.361869390241445],[17.936178877459255,59.361869390241445],[17.936178877459255,59.3638540954349],[17.934855740663615,59.3638540954349],[17.934855740663615,59.36583880062836]]]},"properties":{"id":"fb-Stockholm-59","municipality":"Stockholm","type":"flerbostadshus","view":"current","height":335}},{"type":"Feature","geometry":{"type":"Polygon","coordinates":[[[18.06388721197845,59.346616864637426],[18.067856622365372,59.346616864637426],[18.067856622365372,59.35058627502434],[18.06388721197845,59.35058627502434],[18.06388721197845,59.346616864637426]]]},"properties":{"id":"fb-Stockholm-60","municipality":"Stockholm","type":"flerbostadshus","view":"current","height":469}},{"type":"Feature","geometry":{"type":"Polygon","coordinates":[[[17.929945245337226,59.302338025579026],[17.93391465572415,59.302338025579026],[17.93391465572415,59.30432273077248],[17.931929950530687,59.30432273077248],[17.931929950530687,59.30630743596594],[17.929945245337226,59.30630743596594],[17.929945245337226,59.302338025579026]]]},"properties":{"id":"fb-Stockholm-61","municipality":"Stockholm","type":"flerbostadshus","view":"current","height":435}},{"type":"Feature","geometry":{"type":"Polygon","coordinates":[[[17.855544434322365,59.385328407228805],[17.859513844709287,59.385328407228805],[17.859513844709287,59.38334370203535],[17.858190707913646,59.38334370203535],[17.858190707913646,59.38135899684189],[17.856867571118006,59.38135899684189],[17.856867571118006,59.38334370203535],[17.855544434322365,59.38334370203535],[17.855544434322365,59.385328407228805]]]},"properties":{"id":"fb-Stockholm-62","municipality":"Stockholm","type":"flerbostadshus","view":"current","height":401}},{"type":"Feature","geometry":{"type":"Polygon","coordinates":[[[18.133428795324182,59.27183297454843],[18.137398205711104,59.27183297454843],[18.137398205711104,59.275802384935346],[18.133428795324182,59.275802384935346],[18.133428795324182,59.27183297454843]]]},"properties":{"id":"fb-Stockholm-63","municipality":"Stockholm","type":"flerbostadshus","view":"current","height":368}},{"type":"Feature","geometry":{"type":"Polygon","coordinates":[[[17.91513685778344,59.28213352831023],[17.919106268170363,59.28213352831023],[17.919106268170363,59.28411823350369],[17.917121562976902,59.28411823350369],[17.917121562976902,59.28610293869715],[17.91513685778344,59.28610293869715],[17.91513685778344,59.28213352831023]]]},"properties":{"id":"fb-Stockholm-64","municipality":"Stockholm","type":"flerbostadshus","view":"current","height":334}},{"type":"Feature","geometry":{"type":"Polygon","coordinates":[[[18.06401538121033,59.360162146798906],[18.06798479159725,59.360162146798906],[18.06798479159725,59.35817744160545],[18.06666165480161,59.35817744160545],[18.06666165480161,59.35619273641199],[18.06533851800597,59.35619273641199],[18.06533851800597,59.35817744160545],[18.06401538121033,59.35817744160545],[18.06401538121033,59.360162146798906]]]},"properties":{"id":"fb-Stockholm-65","municipality":"Stockholm","type":"flerbostadshus","view":"current","height":467}},{"type":"Feature","geometry":{"type":"Polygon","coordinates":[[[17.99457633317912,59.31191389735359],[17.99854574356604,59.31191389735359],[17.99854574356604,59.315883307740506],[17.99457633317912,59.315883307740506],[17.99457633317912,59.31191389735359]]]},"properties":{"id":"fb-Stockholm-66","municipality":"Stockholm","type":"flerbostadshus","view":"current","height":434}},{"type":"Feature","geometry":{"type":"Polygon","coordinates":[[[18.103760752736797,59.34131723877991],[18.10773016312372,59.34131723877991],[18.10773016312372,59.343301943973366],[18.105745457930258,59.343301943973366],[18.105745457930258,59.34528664916682],[18.103760752736797,59.34528664916682],[18.103760752736797,59.34131723877991]]]},"properties":{"id":"fb-Stockholm-67","municipality":"Stockholm","type":"flerbostadshus","view":"current","height":400}},{"type":"Feature","geometry":{"type":"Polygon","coordinates":[[[17.98470407486908,59.28612252115746],[17.988673485256,59.28612252115746],[17.988673485256,59.284137815964],[17.98735034846036,59.284137815964],[17.98735034846036,59.282153110770544],[17.98602721166472,59.282153110770544],[17.98602721166472,59.284137815964],[17.98470407486908,59.284137815964],[17.98470407486908,59.28612252115746]]]},"properties":{"id":"fb-Stockholm-68","municipality":"Stockholm","type":"flerbostadshus","view":"current","height":366}},{"type":"Feature","geometry":{"type":"Polygon","coordinates":[[[18.004576760721037,59.266900585166525],[18.00854617110796,59.266900585166525],[18.00854617110796,59.27086999555344],[18.004576760721037,59.27086999555344],[18.004576760721037,59.266900585166525]]]},"properties":{"id":"fb-Stockholm-69","municipality":"Stockholm","type":"flerbostadshus","view":"current","height":500}},{"type":"Feature","geometry":{"type":"Polygon","coordinates":[[[17.959946527608082,59.33178053174853],[17.963915937995004,59.33178053174853],[17.963915937995004,59.333765236941986],[17.961931232801543,59.333765236941986],[17.961931232801543,59.33574994213544],[17.959946527608082,59.33574994213544],[17.959946527608082,59.33178053174853]]]},"properties":{"id":"fb-Stockholm-70","municipality":"Stockholm","type":"flerbostadshus","view":"current","height":466}},{"type":"Feature","geometry":{"type":"Polygon","coordinates":[[[18.113786814018624,59.28576507564584],[18.117756224405547,59.28576507564584],[18.117756224405547,59.283780370452384],[18.116433087609906,59.283780370452384],[18.116433087609906,59.281795665258926],[18.115109950814265,59.281795665258926],[18.115109950814265,59.283780370452384],[18.113786814018624,59.283780370452384],[18.113786814018624,59.28576507564584]]]},"properties":{"id":"fb-Stockholm-71","municipality":"Stockholm","type":"flerbostadshus","view":"current","height":432}},{"type":"Feature","geometry":{"type":"Polygon","coordinates":[[[17.89549487647788,59.33179032306741],[17.899464286864802,59.33179032306741],[17.899464286864802,59.335759733454324],[17.89549487647788,59.335759733454324],[17.89549487647788,59.33179032306741]]]},"properties":{"id":"fb-Stockholm-72","municipality":"Stockholm","type":"flerbostadshus","view":"current","height":399}},{"type":"Feature","geometry":{"type":"Polygon","coordinates":[[[17.806208776689513,59.37111719028359],[17.810178187076435,59.37111719028359],[17.810178187076435,59.37310189547705],[17.808193481882974,59.37310189547705],[17.808193481882974,59.37508660067051],[17.806208776689513,59.37508660067051],[17.806208776689513,59.37111719028359]]]},"properties":{"id":"fb-Stockholm-73","municipality":"Stockholm","type":"flerbostadshus","view":"current","height":365}},{"type":"Feature","geometry":{"type":"Polygon","coordinates":[[[17.914648931622196,59.35561657653038],[17.91861834200912,59.35561657653038],[17.91861834200912,59.35363187133692],[17.917295205213478,59.35363187133692],[17.917295205213478,59.351647166143465],[17.915972068417837,59.351647166143465],[17.915972068417837,59.35363187133692],[17.914648931622196,59.35363187133692],[17.914648931622196,59.35561657653038]]]},"properties":{"id":"fb-Stockholm-74","municipality":"Stockholm","type":"flerbostadshus","view":"current","height":498}},{"type":"Feature","geometry":{"type":"Polygon","coordinates":[[[17.94444514344146,59.346318166506755],[17.948414553828382,59.346318166506755],[17.948414553828382,59.35028757689367],[17.94444514344146,59.35028757689367],[17.94444514344146,59.346318166506755]]]},"properties":{"id":"fb-Stockholm-75","municipality":"Stockholm","type":"flerbostadshus","view":"current","height":465}},{"type":"Feature","geometry":{"type":"Polygon","coordinates":[[[18.118132481609155,59.32684814236663],[18.122101891996078,59.32684814236663],[18.122101891996078,59.328832847560086],[18.120117186802617,59.328832847560086],[18.120117186802617,59.330817552753544],[18.118132481609155,59.330817552753544],[18.118132481609155,59.32684814236663]]]},"properties":{"id":"fb-Stockholm-76","municipality":"Stockholm","type":"flerbostadshus","view":"current","height":431}},{"type":"Feature","geometry":{"type":"Polygon","coordinates":[[[18.12808164149381,59.27587092345773],[18.132051051880733,59.27587092345773],[18.132051051880733,59.27388621826427],[18.130727915085092,59.27388621826427],[18.130727915085092,59.271901513070816],[18.12940477828945,59.271901513070816],[18.12940477828945,59.27388621826427],[18.12808164149381,59.27388621826427],[18.12808164149381,59.27587092345773]]]},"properties":{"id":"fb-Stockholm-77","municipality":"Stockholm","type":"flerbostadshus","view":"current","height":397}},{"type":"Feature","geometry":{"type":"Polygon","coordinates":[[[18.147954327168325,59.257393251914344],[18.151923737555247,59.257393251914344],[18.151923737555247,59.26136266230126],[18.147954327168325,59.26136266230126],[18.147954327168325,59.257393251914344]]]},"properties":{"id":"fb-Stockholm-78","municipality":"Stockholm","type":"flerbostadshus","view":"current","height":364}},{"type":"Feature","geometry":{"type":"Polygon","coordinates":[[[17.97928001964154,59.33145246001611],[17.98324943002846,59.33145246001611],[17.98324943002846,59.33343716520957],[17.981264724835,59.33343716520957],[17.981264724835,59.335421870403025],[17.97928001964154,59.335421870403025],[17.97928001964154,59.33145246001611]]]},"properties":{"id":"fb-Stockholm-79","municipality":"Stockholm","type":"flerbostadshus","view":"current","height":497}},{"type":"Feature","geometry":{"type":"Polygon","coordinates":[[[18.148005594825584,59.25641069045904],[18.151975005212506,59.25641069045904],[18.151975005212506,59.254425985265584],[18.150651868416865,59.254425985265584],[18.150651868416865,59.25244128007213],[18.149328731621225,59.25244128007213],[18.149328731621225,59.254425985265584],[18.148005594825584,59.254425985265584],[18.148005594825584,59.25641069045904]]]},"properties":{"id":"fb-Stockholm-80","municipality":"Stockholm","type":"flerbostadshus","view":"current","height":463}},{"type":"Feature","geometry":{"type":"Polygon","coordinates":[[[18.15795475471024,59.326500488173885],[18.16192416509716,59.326500488173885],[18.16192416509716,59.3304698985608],[18.15795475471024,59.3304698985608],[18.15795475471024,59.326500488173885]]]},"properties":{"id":"fb-Stockholm-81","municipality":"Stockholm","type":"flerbostadshus","view":"current","height":430}},{"type":"Feature","geometry":{"type":"Polygon","coordinates":[[[17.954548106120452,59.33183927895203],[17.958517516507374,59.33183927895203],[17.958517516507374,59.33382398414549],[17.956532811313913,59.33382398414549],[17.956532811313913,59.33580868933895],[17.954548106120452,59.33580868933895],[17.954548106120452,59.33183927895203]]]},"properties":{"id":"fb-Stockholm-82","municipality":"Stockholm","type":"flerbostadshus","view":"current","height":396}},{"type":"Feature","geometry":{"type":"Polygon","coordinates":[[[17.909917873184945,59.390020845683544],[17.913887283571867,59.390020845683544],[17.913887283571867,59.38803614049009],[17.912564146776226,59.38803614049009],[17.912564146776226,59.38605143529663],[17.911241009980586,59.38605143529663],[17.911241009980586,59.38803614049009],[17.909917873184945,59.38803614049009],[17.909917873184945,59.390020845683544]]]},"properties":{"id":"fb-Stockholm-83","municipality":"Stockholm","type":"flerbostadshus","view":"current","height":362}},{"type":"Feature","geometry":{"type":"Polygon","coordinates":[[[18.093528737319943,59.23261381059782],[18.097498147706865,59.23261381059782],[18.097498147706865,59.236583220984734],[18.093528737319943,59.236583220984734],[18.093528737319943,59.23261381059782]]]},"properties":{"id":"fb-Stockholm-84","municipality":"Stockholm","type":"flerbostadshus","view":"current","height":496}},{"type":"Feature","geometry":{"type":"Polygon","coordinates":[[[18.118363186155555,59.25209362587938],[18.122332596542478,59.25209362587938],[18.122332596542478,59.25407833107284],[18.120347891349017,59.25407833107284],[18.120347891349017,59.2560630362663],[18.118363186155555,59.2560630362663],[18.118363186155555,59.25209362587938]]]},"properties":{"id":"fb-Stockholm-85","municipality":"Stockholm","type":"flerbostadshus","view":"current","height":462}},{"type":"Feature","geometry":{"type":"Polygon","coordinates":[[[18.088618241993554,59.28621064196272],[18.092587652380477,59.28621064196272],[18.092587652380477,59.28422593676926],[18.091264515584836,59.28422593676926],[18.091264515584836,59.2822412315758],[18.089941378789195,59.2822412315758],[18.089941378789195,59.28422593676926],[18.088618241993554,59.28422593676926],[18.088618241993554,59.28621064196272]]]},"properties":{"id":"fb-Stockholm-86","municipality":"Stockholm","type":"flerbostadshus","view":"current","height":428}},{"type":"Feature","geometry":{"type":"Polygon","coordinates":[[[17.939790986401373,59.33645338774295],[17.943760396788296,59.33645338774295],[17.943760396788296,59.340422798129865],[17.939790986401373,59.340422798129865],[17.939790986401373,59.33645338774295]]]},"properties":{"id":"fb-Stockholm-87","municipality":"Stockholm","type":"flerbostadshus","view":"current","height":395}},{"type":"Feature","geometry":{"type":"Polygon","coordinates":[[[17.895160753288422,59.34179217869854],[17.899130163675345,59.34179217869854],[17.899130163675345,59.343776883892],[17.897145458481884,59.343776883892],[17.897145458481884,59.345761589085456],[17.895160753288422,59.345761589085456],[17.895160753288422,59.34179217869854]]]},"properties":{"id":"fb-Stockholm-88","municipality":"Stockholm","type":"flerbostadshus","view":"current","height":361}},{"type":"Feature","geometry":{"type":"Polygon","coordinates":[[[18.108542195502775,59.3453943524324],[18.112511605889697,59.3453943524324],[18.112511605889697,59.34340964723894],[18.111188469094056,59.34340964723894],[18.111188469094056,59.341424942045485],[18.109865332298416,59.341424942045485],[18.109865332298416,59.34340964723894],[18.108542195502775,59.34340964723894],[18.108542195502775,59.3453943524324]]]},"properties":{"id":"fb-Stockholm-89","municipality":"Stockholm","type":"flerbostadshus","view":"current","height":494}},{"type":"Feature","geometry":{"type":"Polygon","coordinates":[[[18.09864430327538,59.32691668088901],[18.1026137136623,59.32691668088901],[18.1026137136623,59.33088609127593],[18.09864430327538,59.33088609127593],[18.09864430327538,59.32691668088901]]]},"properties":{"id":"fb-Stockholm-90","municipality":"Stockholm","type":"flerbostadshus","view":"current","height":461}},{"type":"Feature","geometry":{"type":"Polygon","coordinates":[[[18.04409054437257,59.27197005141576],[18.04805995475949,59.27197005141576],[18.04805995475949,59.27593946180267],[18.04409054437257,59.27593946180267],[18.04409054437257,59.27197005141576]]]},"properties":{"id":"fb-Stockholm-91","municipality":"Stockholm","type":"flerbostadshus","view":"current","height":427}},{"type":"Feature","geometry":{"type":"Polygon","coordinates":[[[18.034192652145176,59.320972356450056],[18.0381620625321,59.320972356450056],[18.0381620625321,59.3189876512566],[18.036838925736458,59.3189876512566],[18.036838925736458,59.31700294606314],[18.035515788940817,59.31700294606314],[18.035515788940817,59.3189876512566],[18.034192652145176,59.3189876512566],[18.034192652145176,59.320972356450056]]]},"properties":{"id":"fb-Stockholm-92","municipality":"Stockholm","type":"flerbostadshus","view":"current","height":393}},{"type":"Feature","geometry":{"type":"Polygon","coordinates":[[[17.810938951798228,59.38113862837504],[17.81490836218515,59.38113862837504],[17.81490836218515,59.385108038761956],[17.810938951798228,59.385108038761956],[17.810938951798228,59.38113862837504]]]},"properties":{"id":"fb-Stockholm-93","municipality":"Stockholm","type":"flerbostadshus","view":"current","height":360}},{"type":"Feature","geometry":{"type":"Polygon","coordinates":[[[18.01935863085148,59.277318633512785],[18.023328041238404,59.277318633512785],[18.023328041238404,59.2812880438997],[18.01935863085148,59.2812880438997],[18.01935863085148,59.277318633512785]]]},"properties":{"id":"fb-Stockholm-94","municipality":"Stockholm","type":"flerbostadshus","view":"current","height":493}},{"type":"Feature","geometry":{"type":"Polygon","coordinates":[[[17.875493138242955,59.38511782990339],[17.879462548629878,59.38511782990339],[17.879462548629878,59.383133124709936],[17.878139411834237,59.383133124709936],[17.878139411834237,59.38114841951648],[17.876816275038596,59.38114841951648],[17.876816275038596,59.383133124709936],[17.875493138242955,59.383133124709936],[17.875493138242955,59.38511782990339]]]},"properties":{"id":"fb-Stockholm-95","municipality":"Stockholm","type":"flerbostadshus","view":"current","height":459}},{"type":"Feature","geometry":{"type":"Polygon","coordinates":[[[17.925136401819373,59.376563684327316],[17.929105812206295,59.376563684327316],[17.929105812206295,59.38053309471423],[17.925136401819373,59.38053309471423],[17.925136401819373,59.376563684327316]]]},"properties":{"id":"fb-Stockholm-96","municipality":"Stockholm","type":"flerbostadshus","view":"current","height":426}},{"type":"Feature","geometry":{"type":"Polygon","coordinates":[[[17.86065911694926,59.3712346846906],[17.864628527336183,59.3712346846906],[17.864628527336183,59.375204095077514],[17.86065911694926,59.375204095077514],[17.86065911694926,59.3712346846906]]]},"properties":{"id":"fb-Stockholm-97","municipality":"Stockholm","type":"flerbostadshus","view":"current","height":392}},{"type":"Feature","geometry":{"type":"Polygon","coordinates":[[[17.885493565607426,59.396420527403365],[17.88946297599435,59.396420527403365],[17.88946297599435,59.39840523259682],[17.887478270800887,59.39840523259682],[17.887478270800887,59.40038993779028],[17.885493565607426,59.40038993779028],[17.885493565607426,59.396420527403365]]]},"properties":{"id":"fb-Stockholm-98","municipality":"Stockholm","type":"flerbostadshus","view":"current","height":358}},{"type":"Feature","geometry":{"type":"Polygon","coordinates":[[[18.083989718870825,59.316665083189285],[18.087959129257747,59.316665083189285],[18.087959129257747,59.3206344935762],[18.083989718870825,59.3206344935762],[18.083989718870825,59.316665083189285]]]},"properties":{"id":"fb-Stockholm-99","municipality":"Stockholm","type":"flerbostadshus","view":"current","height":492}},{"type":"Feature","geometry":{"type":"Polygon","coordinates":[[[17.95004775205215,59.33688916291839],[17.954017162439072,59.33688916291839],[17.954017162439072,59.340858573305304],[17.95004775205215,59.340858573305304],[17.95004775205215,59.33688916291839]]]},"properties":{"id":"fb-Stockholm-100","municipality":"Stockholm","type":"flerbostadshus","view":"current","height":458}},{"type":"Feature","geometry":{"type":"Polygon","coordinates":[[[17.905417519116643,59.410948371020154],[17.909386929503565,59.410948371020154],[17.909386929503565,59.41293307621361],[17.907402224310104,59.41293307621361],[17.907402224310104,59.41491778140707],[17.905417519116643,59.41491778140707],[17.905417519116643,59.410948371020154]]]},"properties":{"id":"fb-Stockholm-101","municipality":"Stockholm","type":"flerbostadshus","view":"current","height":424}},{"type":"Feature","geometry":{"type":"Polygon","coordinates":[[[17.969946071644017,59.32598307549578],[17.97391548203094,59.32598307549578],[17.97391548203094,59.32399837030232],[17.9725923452353,59.32399837030232],[17.9725923452353,59.32201366510886],[17.971269208439658,59.32201366510886],[17.971269208439658,59.32399837030232],[17.969946071644017,59.32399837030232],[17.969946071644017,59.32598307549578]]]},"properties":{"id":"fb-Stockholm-102","municipality":"Stockholm","type":"flerbostadshus","view":"current","height":391}},{"type":"Feature","geometry":{"type":"Polygon","coordinates":[[[18.108156804656055,59.23233469475002],[18.112126215042977,59.23233469475002],[18.112126215042977,59.23630410513694],[18.108156804656055,59.23630410513694],[18.108156804656055,59.23233469475002]]]},"properties":{"id":"fb-Stockholm-103","municipality":"Stockholm","type":"flerbostadshus","view":"current","height":357}},{"type":"Feature","geometry":{"type":"Polygon","coordinates":[[[17.949406022919124,59.33194698239505],[17.953375433306046,59.33194698239505],[17.953375433306046,59.33393168758851],[17.951390728112585,59.33393168758851],[17.951390728112585,59.33591639278197],[17.949406022919124,59.33591639278197],[17.949406022919124,59.33194698239505]]]},"properties":{"id":"fb-Stockholm-104","municipality":"Stockholm","type":"flerbostadshus","view":"current","height":490}},{"type":"Feature","geometry":{"type":"Polygon","coordinates":[[[18.0486669165095,59.285931526292366],[18.052636326896423,59.285931526292366],[18.052636326896423,59.28394682109891],[18.05131319010078,59.28394682109891],[18.05131319010078,59.28196211590545],[18.04999005330514,59.28196211590545],[18.04999005330514,59.28394682109891],[18.0486669165095,59.28394682109891],[18.0486669165095,59.285931526292366]]]},"properties":{"id":"fb-Stockholm-105","municipality":"Stockholm","type":"flerbostadshus","view":"current","height":457}},{"type":"Feature","geometry":{"type":"Polygon","coordinates":[[[18.103271943069572,59.33195677353649],[18.107241353456494,59.33195677353649],[18.107241353456494,59.335926183923405],[18.103271943069572,59.335926183923405],[18.103271943069572,59.33195677353649]]]},"properties":{"id":"fb-Stockholm-106","municipality":"Stockholm","type":"flerbostadshus","view":"current","height":423}},{"type":"Feature","geometry":{"type":"Polygon","coordinates":[[[18.07848876206867,59.27701014406323],[18.082458172455592,59.27701014406323],[18.082458172455592,59.27899484925669],[18.08047346726213,59.27899484925669],[18.08047346726213,59.28097955445015],[18.07848876206867,59.28097955445015],[18.07848876206867,59.27701014406323]]]},"properties":{"id":"fb-Stockholm-107","municipality":"Stockholm","type":"flerbostadshus","view":"current","height":389}},{"type":"Feature","geometry":{"type":"Polygon","coordinates":[[[17.92966150629904,59.30120363417926],[17.933630916685964,59.30120363417926],[17.933630916685964,59.2992189289858],[17.932307779890323,59.2992189289858],[17.932307779890323,59.297234223792344],[17.930984643094682,59.297234223792344],[17.930984643094682,59.2992189289858],[17.92966150629904,59.2992189289858],[17.92966150629904,59.30120363417926]]]},"properties":{"id":"fb-Stockholm-108","municipality":"Stockholm","type":"flerbostadshus","view":"current","height":355}},{"type":"Feature","geometry":{"type":"Polygon","coordinates":[[[17.959457718118305,59.28694346134942],[17.963427128505227,59.28694346134942],[17.963427128505227,59.29091287173634],[17.959457718118305,59.29091287173634],[17.959457718118305,59.28694346134942]]]},"properties":{"id":"fb-Stockholm-109","municipality":"Stockholm","type":"flerbostadshus","view":"current","height":489}},{"type":"Feature","geometry":{"type":"Polygon","coordinates":[[[17.894980433070746,59.41632632671894],[17.898949843457668,59.41632632671894],[17.898949843457668,59.418311031912395],[17.896965138264207,59.418311031912395],[17.896965138264207,59.42029573710585],[17.894980433070746,59.42029573710585],[17.894980433070746,59.41632632671894]]]},"properties":{"id":"fb-Stockholm-110","municipality":"Stockholm","type":"flerbostadshus","view":"current","height":455}},{"type":"Feature","geometry":{"type":"Polygon","coordinates":[[[17.999203089644773,59.31573147779605],[18.003172500031695,59.31573147779605],[18.003172500031695,59.31374677260259],[18.001849363236055,59.31374677260259],[18.001849363236055,59.311762067409134],[18.000526226440414,59.311762067409134],[18.000526226440414,59.31374677260259],[17.999203089644773,59.31374677260259],[17.999203089644773,59.31573147779605]]]},"properties":{"id":"fb-Stockholm-111","municipality":"Stockholm","type":"flerbostadshus","view":"current","height":421}},{"type":"Feature","geometry":{"type":"Polygon","coordinates":[[[17.885108174760706,59.37664201399114],[17.88907758514763,59.37664201399114],[17.88907758514763,59.38061142437805],[17.885108174760706,59.38061142437805],[17.885108174760706,59.37664201399114]]]},"properties":{"id":"fb-Stockholm-112","municipality":"Stockholm","type":"flerbostadshus","view":"current","height":388}},{"type":"Feature","geometry":{"type":"Polygon","coordinates":[[[17.97444554238378,59.29688656959961],[17.978414952770702,59.29688656959961],[17.978414952770702,59.298871274793065],[17.97643024757724,59.298871274793065],[17.97643024757724,59.30085597998652],[17.97444554238378,59.30085597998652],[17.97444554238378,59.29688656959961]]]},"properties":{"id":"fb-Stockholm-113","municipality":"Stockholm","type":"flerbostadshus","view":"current","height":354}},{"type":"Feature","geometry":{"type":"Polygon","coordinates":[[[18.053859383862104,59.31115653374832],[18.057828794249026,59.31115653374832],[18.057828794249026,59.30917182855486],[18.056505657453386,59.30917182855486],[18.056505657453386,59.3071871233614],[18.055182520657745,59.3071871233614],[18.055182520657745,59.30917182855486],[18.053859383862104,59.30917182855486],[18.053859383862104,59.31115653374832]]]},"properties":{"id":"fb-Stockholm-114","municipality":"Stockholm","type":"flerbostadshus","view":"current","height":487}},{"type":"Feature","geometry":{"type":"Polygon","coordinates":[[[17.989382098991992,59.336590464787726],[17.993351509378915,59.336590464787726],[17.993351509378915,59.34055987517464],[17.989382098991992,59.34055987517464],[17.989382098991992,59.336590464787726]]]},"properties":{"id":"fb-Stockholm-115","municipality":"Stockholm","type":"flerbostadshus","view":"current","height":454}},{"type":"Feature","geometry":{"type":"Polygon","coordinates":[[[18.078719466437622,59.28734986274567],[18.082688876824545,59.28734986274567],[18.082688876824545,59.28933456793913],[18.080704171631083,59.28933456793913],[18.080704171631083,59.291319273132586],[18.078719466437622,59.291319273132586],[18.078719466437622,59.28734986274567]]]},"properties":{"id":"fb-Stockholm-116","municipality":"Stockholm","type":"flerbostadshus","view":"current","height":420}},{"type":"Feature","geometry":{"type":"Polygon","coordinates":[[[17.83065695117242,59.38026377018531],[17.83462636155934,59.38026377018531],[17.83462636155934,59.37827906499185],[17.8333032247637,59.37827906499185],[17.8333032247637,59.37629435979839],[17.83198008796806,59.37629435979839],[17.83198008796806,59.37827906499185],[17.83065695117242,59.37827906499185],[17.83065695117242,59.38026377018531]]]},"properties":{"id":"fb-Stockholm-117","municipality":"Stockholm","type":"flerbostadshus","view":"current","height":386}},{"type":"Feature","geometry":{"type":"Polygon","coordinates":[[[17.870376688781533,59.27247436493614],[17.874346099168456,59.27247436493614],[17.874346099168456,59.27644377532305],[17.870376688781533,59.27644377532305],[17.870376688781533,59.27247436493614]]]},"properties":{"id":"fb-Stockholm-118","municipality":"Stockholm","type":"flerbostadshus","view":"current","height":353}},{"type":"Feature","geometry":{"type":"Polygon","coordinates":[[[18.108566945914145,59.31180123215232],[18.112536356301067,59.31180123215232],[18.112536356301067,59.31378593734578],[18.110551651107606,59.31378593734578],[18.110551651107606,59.315770642539235],[18.108566945914145,59.315770642539235],[18.108566945914145,59.31180123215232]]]},"properties":{"id":"fb-Stockholm-119","municipality":"Stockholm","type":"flerbostadshus","view":"current","height":486}},{"type":"Feature","geometry":{"type":"Polygon","coordinates":[[[17.92996911224261,59.405459404216955],[17.933938522629532,59.405459404216955],[17.933938522629532,59.4034746990235],[17.93261538583389,59.4034746990235],[17.93261538583389,59.40148999383004],[17.93129224903825,59.40148999383004],[17.93129224903825,59.4034746990235],[17.92996911224261,59.4034746990235],[17.92996911224261,59.405459404216955]]]},"properties":{"id":"fb-Stockholm-120","municipality":"Stockholm","type":"flerbostadshus","view":"current","height":452}},{"type":"Feature","geometry":{"type":"Polygon","coordinates":[[[17.969688850029172,59.3118110234712],[17.973658260416094,59.3118110234712],[17.973658260416094,59.315780433858116],[17.969688850029172,59.315780433858116],[17.969688850029172,59.3118110234712]]]},"properties":{"id":"fb-Stockholm-121","municipality":"Stockholm","type":"flerbostadshus","view":"current","height":419}},{"type":"Feature","geometry":{"type":"Polygon","coordinates":[[[17.939943905867175,59.366767444085895],[17.943913316254097,59.366767444085895],[17.943913316254097,59.36875214927935],[17.941928611060636,59.36875214927935],[17.941928611060636,59.37073685447281],[17.939943905867175,59.37073685447281],[17.939943905867175,59.366767444085895]]]},"properties":{"id":"fb-Stockholm-122","municipality":"Stockholm","type":"flerbostadshus","view":"current","height":385}},{"type":"Feature","geometry":{"type":"Polygon","coordinates":[[[17.830810754144203,59.35548432886879],[17.834780164531125,59.35548432886879],[17.834780164531125,59.35349962367533],[17.833457027735484,59.35349962367533],[17.833457027735484,59.351514918481875],[17.832133890939843,59.351514918481875],[17.832133890939843,59.35349962367533],[17.830810754144203,59.35349962367533],[17.830810754144203,59.35548432886879]]]},"properties":{"id":"fb-Stockholm-123","municipality":"Stockholm","type":"flerbostadshus","view":"current","height":351}},{"type":"Feature","geometry":{"type":"Polygon","coordinates":[[[18.078924537066666,59.25761844958693],[18.082893947453588,59.25761844958693],[18.082893947453588,59.261587859973844],[18.078924537066666,59.261587859973844],[18.078924537066666,59.25761844958693]]]},"properties":{"id":"fb-Stockholm-124","municipality":"Stockholm","type":"flerbostadshus","view":"current","height":485}},{"type":"Feature","geometry":{"type":"Polygon","coordinates":[[[17.964829622360043,59.30190707996421],[17.968799032746965,59.30190707996421],[17.968799032746965,59.30389178515767],[17.966814327553504,59.30389178515767],[17.966814327553504,59.305876490351125],[17.964829622360043,59.305876490351125],[17.964829622360043,59.30190707996421]]]},"properties":{"id":"fb-Stockholm-125","municipality":"Stockholm","type":"flerbostadshus","view":"current","height":451}},{"type":"Feature","geometry":{"type":"Polygon","coordinates":[[[17.796155314655813,59.38067996290044],[17.800124725042735,59.38067996290044],[17.800124725042735,59.37869525770698],[17.798801588247095,59.37869525770698],[17.798801588247095,59.37671055251352],[17.797478451451454,59.37671055251352],[17.797478451451454,59.37869525770698],[17.796155314655813,59.37869525770698],[17.796155314655813,59.38067996290044]]]},"properties":{"id":"fb-Stockholm-126","municipality":"Stockholm","type":"flerbostadshus","view":"current","height":417}},{"type":"Feature","geometry":{"type":"Polygon","coordinates":[[[18.093886727592235,59.311840397072956],[18.097856137979157,59.311840397072956],[18.097856137979157,59.31580980745987],[18.093886727592235,59.31580980745987],[18.093886727592235,59.311840397072956]]]},"properties":{"id":"fb-Stockholm-127","municipality":"Stockholm","type":"flerbostadshus","view":"current","height":384}},{"type":"Feature","geometry":{"type":"Polygon","coordinates":[[[17.974830049724513,59.277485083981865],[17.978799460111436,59.277485083981865],[17.978799460111436,59.27946978917532],[17.976814754917974,59.27946978917532],[17.976814754917974,59.28145449436878],[17.974830049724513,59.28145449436878],[17.974830049724513,59.277485083981865]]]},"properties":{"id":"fb-Stockholm-128","municipality":"Stockholm","type":"flerbostadshus","view":"current","height":350}},{"type":"Feature","geometry":{"type":"Polygon","coordinates":[[[18.074090943314893,59.271163731748416],[18.078060353701815,59.271163731748416],[18.078060353701815,59.26917902655496],[18.076737216906174,59.26917902655496],[18.076737216906174,59.2671943213615],[18.075414080110534,59.2671943213615],[18.075414080110534,59.26917902655496],[18.074090943314893,59.26917902655496],[18.074090943314893,59.271163731748416]]]},"properties":{"id":"fb-Stockholm-129","municipality":"Stockholm","type":"flerbostadshus","view":"current","height":483}},{"type":"Feature","geometry":{"type":"Polygon","coordinates":[[[18.0840401030221,59.32215074197619],[18.088009513409023,59.32215074197619],[18.088009513409023,59.3261201523631],[18.0840401030221,59.3261201523631],[18.0840401030221,59.32215074197619]]]},"properties":{"id":"fb-Stockholm-130","municipality":"Stockholm","type":"flerbostadshus","view":"current","height":450}},{"type":"Feature","geometry":{"type":"Polygon","coordinates":[[[18.163453944677872,59.25231882372942],[18.167423355064795,59.25231882372942],[18.167423355064795,59.254303528922875],[18.165438649871334,59.254303528922875],[18.165438649871334,59.25628823411633],[18.163453944677872,59.25628823411633],[18.163453944677872,59.25231882372942]]]},"properties":{"id":"fb-Stockholm-131","municipality":"Stockholm","type":"flerbostadshus","view":"current","height":416}},{"type":"Feature","geometry":{"type":"Polygon","coordinates":[[[18.10815592115007,59.30628289174737],[18.11212533153699,59.30628289174737],[18.11212533153699,59.304298186553915],[18.11080219474135,59.304298186553915],[18.11080219474135,59.30231348136046],[18.10947905794571,59.30231348136046],[18.10947905794571,59.304298186553915],[18.10815592115007,59.304298186553915],[18.10815592115007,59.30628289174737]]]},"properties":{"id":"fb-Stockholm-132","municipality":"Stockholm","type":"flerbostadshus","view":"current","height":382}},{"type":"Feature","geometry":{"type":"Polygon","coordinates":[[[18.147875658936634,59.24240508890354],[18.151845069323556,59.24240508890354],[18.151845069323556,59.246374499290454],[18.147875658936634,59.246374499290454],[18.147875658936634,59.24240508890354]]]},"properties":{"id":"fb-Stockholm-133","municipality":"Stockholm","type":"flerbostadshus","view":"current","height":349}},{"type":"Feature","geometry":{"type":"Polygon","coordinates":[[[18.02385721808526,59.30728503548554],[18.027826628472184,59.30728503548554],[18.027826628472184,59.309269740679],[18.025841923278723,59.309269740679],[18.025841923278723,59.31125444587246],[18.02385721808526,59.31125444587246],[18.02385721808526,59.30728503548554]]]},"properties":{"id":"fb-Stockholm-134","municipality":"Stockholm","type":"flerbostadshus","view":"current","height":482}},{"type":"Feature","geometry":{"type":"Polygon","coordinates":[[[17.87999172547673,59.28607839430113],[17.883961135863654,59.28607839430113],[17.883961135863654,59.28409368910767],[17.882637999068013,59.28409368910767],[17.882637999068013,59.28210898391421],[17.881314862272372,59.28210898391421],[17.881314862272372,59.28409368910767],[17.87999172547673,59.28409368910767],[17.87999172547673,59.28607839430113]]]},"properties":{"id":"fb-Stockholm-135","municipality":"Stockholm","type":"flerbostadshus","view":"current","height":448}},{"type":"Feature","geometry":{"type":"Polygon","coordinates":[[[17.909787937118548,59.41149184946117],[17.91375734750547,59.41149184946117],[17.91375734750547,59.41546125984809],[17.909787937118548,59.41546125984809],[17.909787937118548,59.41149184946117]]]},"properties":{"id":"fb-Stockholm-136","municipality":"Stockholm","type":"flerbostadshus","view":"current","height":415}},{"type":"Feature","geometry":{"type":"Polygon","coordinates":[[[17.875081230150343,59.3912775608735],[17.879050640537265,59.3912775608735],[17.879050640537265,59.393262266066955],[17.877065935343804,59.393262266066955],[17.877065935343804,59.39524697126041],[17.875081230150343,59.39524697126041],[17.875081230150343,59.3912775608735]]]},"properties":{"id":"fb-Stockholm-137","municipality":"Stockholm","type":"flerbostadshus","view":"current","height":381}},{"type":"Feature","geometry":{"type":"Polygon","coordinates":[[[17.87510686389025,59.350223867754465],[17.87907627427717,59.350223867754465],[17.87907627427717,59.34823916256101],[17.87775313748153,59.34823916256101],[17.87775313748153,59.34625445736755],[17.87643000068589,59.34625445736755],[17.87643000068589,59.34823916256101],[17.87510686389025,59.34823916256101],[17.87510686389025,59.350223867754465]]]},"properties":{"id":"fb-Stockholm-138","municipality":"Stockholm","type":"flerbostadshus","view":"current","height":347}},{"type":"Feature","geometry":{"type":"Polygon","coordinates":[[[17.91482660167681,59.39624911499859],[17.918796012063734,59.39624911499859],[17.918796012063734,59.400218525385505],[17.91482660167681,59.400218525385505],[17.91482660167681,59.39624911499859]]]},"properties":{"id":"fb-Stockholm-139","municipality":"Stockholm","type":"flerbostadshus","view":"current","height":481}},{"type":"Feature","geometry":{"type":"Polygon","coordinates":[[[17.929737524367674,59.395881878345534],[17.933706934754596,59.395881878345534],[17.933706934754596,59.39985128873245],[17.929737524367674,59.39985128873245],[17.929737524367674,59.395881878345534]]]},"properties":{"id":"fb-Stockholm-140","municipality":"Stockholm","type":"flerbostadshus","view":"current","height":447}},{"type":"Feature","geometry":{"type":"Polygon","coordinates":[[[18.083577810778213,59.30099305703129],[18.087547221165135,59.30099305703129],[18.087547221165135,59.299008351837834],[18.086224084369494,59.299008351837834],[18.086224084369494,59.29702364664438],[18.084900947573853,59.29702364664438],[18.084900947573853,59.299008351837834],[18.083577810778213,59.299008351837834],[18.083577810778213,59.30099305703129]]]},"properties":{"id":"fb-Stockholm-141","municipality":"Stockholm","type":"flerbostadshus","view":"current","height":413}},{"type":"Feature","geometry":{"type":"Polygon","coordinates":[[[18.09352697048542,59.33635051386056],[18.097496380872343,59.33635051386056],[18.097496380872343,59.340319924247474],[18.09352697048542,59.340319924247474],[18.09352697048542,59.33635051386056]]]},"properties":{"id":"fb-Stockholm-142","municipality":"Stockholm","type":"flerbostadshus","view":"current","height":380}},{"type":"Feature","geometry":{"type":"Polygon","coordinates":[[[17.9695085298115,59.34665106762236],[17.97347794019842,59.34665106762236],[17.97347794019842,59.350620478009276],[17.9695085298115,59.350620478009276],[17.9695085298115,59.34665106762236]]]},"properties":{"id":"fb-Stockholm-143","municipality":"Stockholm","type":"flerbostadshus","view":"current","height":346}},{"type":"Feature","geometry":{"type":"Polygon","coordinates":[[[18.019151793387916,59.336360305001996],[18.02312120377484,59.336360305001996],[18.02312120377484,59.338345010195454],[18.021136498581377,59.338345010195454],[18.021136498581377,59.34032971538891],[18.019151793387916,59.34032971538891],[18.019151793387916,59.336360305001996]]]},"properties":{"id":"fb-Stockholm-144","municipality":"Stockholm","type":"flerbostadshus","view":"current","height":479}},{"type":"Feature","geometry":{"type":"Polygon","coordinates":[[[18.098565635043688,59.311928517878215],[18.10253504543061,59.311928517878215],[18.10253504543061,59.31589792826513],[18.098565635043688,59.31589792826513],[18.098565635043688,59.311928517878215]]]},"properties":{"id":"fb-Stockholm-145","municipality":"Stockholm","type":"flerbostadshus","view":"current","height":446}},{"type":"Feature","geometry":{"type":"Polygon","coordinates":[[[17.915006038388505,59.40583477809204],[17.918975448775427,59.40583477809204],[17.918975448775427,59.40980418847896],[17.915006038388505,59.40980418847896],[17.915006038388505,59.40583477809204]]]},"properties":{"id":"fb-Stockholm-146","municipality":"Stockholm","type":"flerbostadshus","view":"current","height":412}},{"type":"Feature","geometry":{"type":"Polygon","coordinates":[[[17.900146383354905,59.35659417604999],[17.904115793741827,59.35659417604999],[17.904115793741827,59.358578881243446],[17.902131088548366,59.358578881243446],[17.902131088548366,59.3605635864369],[17.900146383354905,59.3605635864369],[17.900146383354905,59.35659417604999]]]},"properties":{"id":"fb-Stockholm-147","municipality":"Stockholm","type":"flerbostadshus","view":"current","height":378}},{"type":"Feature","geometry":{"type":"Polygon","coordinates":[[[17.98948375080053,59.29569343099634],[17.993453161187453,59.29569343099634],[17.993453161187453,59.29370872580288],[17.992130024391813,59.29370872580288],[17.992130024391813,59.29172402060942],[17.99080688759617,59.29172402060942],[17.99080688759617,59.29370872580288],[17.98948375080053,59.29370872580288],[17.98948375080053,59.29569343099634]]]},"properties":{"id":"fb-Stockholm-148","municipality":"Stockholm","type":"flerbostadshus","view":"current","height":345}},{"type":"Feature","geometry":{"type":"Polygon","coordinates":[[[17.979585858750582,59.32683338928949],[17.983555269137504,59.32683338928949],[17.983555269137504,59.330802799676405],[17.979585858750582,59.330802799676405],[17.979585858750582,59.32683338928949]]]},"properties":{"id":"fb-Stockholm-149","municipality":"Stockholm","type":"flerbostadshus","view":"current","height":478}},{"type":"Feature","geometry":{"type":"Polygon","coordinates":[[[17.954802677572236,59.29669557473451],[17.958772087959158,59.29669557473451],[17.958772087959158,59.298680279927964],[17.956787382765697,59.298680279927964],[17.956787382765697,59.30066498512142],[17.954802677572236,59.30066498512142],[17.954802677572236,59.29669557473451]]]},"properties":{"id":"fb-Stockholm-150","municipality":"Stockholm","type":"flerbostadshus","view":"current","height":444}},{"type":"Feature","geometry":{"type":"Polygon","coordinates":[[[17.890325392702124,59.395315509605354],[17.894294803089046,59.395315509605354],[17.894294803089046,59.393330804411896],[17.892971666293406,59.393330804411896],[17.892971666293406,59.39134609921844],[17.891648529497765,59.39134609921844],[17.891648529497765,59.393330804411896],[17.890325392702124,59.393330804411896],[17.890325392702124,59.395315509605354]]]},"properties":{"id":"fb-Stockholm-151","municipality":"Stockholm","type":"flerbostadshus","view":"current","height":411}},{"type":"Feature","geometry":{"type":"Polygon","coordinates":[[[17.880427500474728,59.38601709975917],[17.88439691086165,59.38601709975917],[17.88439691086165,59.38998651014609],[17.880427500474728,59.38998651014609],[17.880427500474728,59.38601709975917]]]},"properties":{"id":"fb-Stockholm-152","municipality":"Stockholm","type":"flerbostadshus","view":"current","height":377}},{"type":"Feature","geometry":{"type":"Polygon","coordinates":[[[17.964803105114154,59.3169294457825],[17.968772515501076,59.3169294457825],[17.968772515501076,59.31891415097596],[17.966787810307615,59.31891415097596],[17.966787810307615,59.320898856169414],[17.964803105114154,59.320898856169414],[17.964803105114154,59.3169294457825]]]},"properties":{"id":"fb-Stockholm-153","municipality":"Stockholm","type":"flerbostadshus","view":"current","height":343}},{"type":"Feature","geometry":{"type":"Polygon","coordinates":[[[17.96482873885406,59.35526396040194],[17.968798149240982,59.35526396040194],[17.968798149240982,59.353279255208484],[17.96747501244534,59.353279255208484],[17.96747501244534,59.35129455001503],[17.9661518756497,59.35129455001503],[17.9661518756497,59.353279255208484],[17.96482873885406,59.353279255208484],[17.96482873885406,59.35526396040194]]]},"properties":{"id":"fb-Stockholm-154","municipality":"Stockholm","type":"flerbostadshus","view":"current","height":477}},{"type":"Feature","geometry":{"type":"Polygon","coordinates":[[[18.04424258050983,59.3318245258749],[18.048211990896753,59.3318245258749],[18.048211990896753,59.335793936261815],[18.04424258050983,59.335793936261815],[18.04424258050983,59.3318245258749]]]},"properties":{"id":"fb-Stockholm-155","municipality":"Stockholm","type":"flerbostadshus","view":"current","height":443}},{"type":"Feature","geometry":{"type":"Polygon","coordinates":[[[18.103809370053554,59.31657200027088],[18.107778780440476,59.31657200027088],[18.107778780440476,59.31855670546434],[18.105794075247015,59.31855670546434],[18.105794075247015,59.320541410657796],[18.103809370053554,59.320541410657796],[18.103809370053554,59.31657200027088]]]},"properties":{"id":"fb-Stockholm-156","municipality":"Stockholm","type":"flerbostadshus","view":"current","height":409}},{"type":"Feature","geometry":{"type":"Polygon","coordinates":[[[18.074064426069,59.28618609774415],[18.078033836455923,59.28618609774415],[18.078033836455923,59.28420139255069],[18.076710699660282,59.28420139255069],[18.076710699660282,59.282216687357234],[18.07538756286464,59.282216687357234],[18.07538756286464,59.28420139255069],[18.074064426069,59.28420139255069],[18.074064426069,59.28618609774415]]]},"properties":{"id":"fb-Stockholm-157","municipality":"Stockholm","type":"flerbostadshus","view":"current","height":376}},{"type":"Feature","geometry":{"type":"Polygon","coordinates":[[[18.04928124489065,59.27192592473687],[18.053250655277573,59.27192592473687],[18.053250655277573,59.275895335123785],[18.04928124489065,59.275895335123785],[18.04928124489065,59.27192592473687]]]},"properties":{"id":"fb-Stockholm-158","municipality":"Stockholm","type":"flerbostadshus","view":"current","height":342}},{"type":"Feature","geometry":{"type":"Polygon","coordinates":[[[18.08403921969356,59.36161468623715],[18.088008630080484,59.36161468623715],[18.088008630080484,59.363599391430604],[18.086023924887023,59.363599391430604],[18.086023924887023,59.36558409662406],[18.08403921969356,59.36558409662406],[18.08403921969356,59.36161468623715]]]},"properties":{"id":"fb-Stockholm-159","municipality":"Stockholm","type":"flerbostadshus","view":"current","height":475}},{"type":"Feature","geometry":{"type":"Polygon","coordinates":[[[17.86078551916917,59.36025509698735],[17.864754929556092,59.36025509698735],[17.864754929556092,59.358270391793894],[17.86343179276045,59.358270391793894],[17.86343179276045,59.35628568660044],[17.86210865596481,59.35628568660044],[17.86210865596481,59.358270391793894],[17.86078551916917,59.358270391793894],[17.86078551916917,59.36025509698735]]]},"properties":{"id":"fb-Stockholm-160","municipality":"Stockholm","type":"flerbostadshus","view":"current","height":442}},{"type":"Feature","geometry":{"type":"Polygon","coordinates":[[[17.88487570355723,59.3814715293132],[17.888845113944154,59.3814715293132],[17.888845113944154,59.38544093970012],[17.88487570355723,59.38544093970012],[17.88487570355723,59.3814715293132]]]},"properties":{"id":"fb-Stockholm-161","municipality":"Stockholm","type":"flerbostadshus","view":"current","height":408}},{"type":"Feature","geometry":{"type":"Polygon","coordinates":[[[17.924595441166346,59.3910278188049],[17.92856485155327,59.3910278188049],[17.92856485155327,59.39301252399836],[17.926580146359807,59.39301252399836],[17.926580146359807,59.394997229191816],[17.924595441166346,59.394997229191816],[17.924595441166346,59.3910278188049]]]},"properties":{"id":"fb-Stockholm-162","municipality":"Stockholm","type":"flerbostadshus","view":"current","height":374}},{"type":"Feature","geometry":{"type":"Polygon","coordinates":[[[17.865079919279886,59.370565442068035],[17.869049329666808,59.370565442068035],[17.869049329666808,59.36858073687458],[17.867726192871167,59.36858073687458],[17.867726192871167,59.36659603168112],[17.866403056075526,59.36659603168112],[17.866403056075526,59.36858073687458],[17.865079919279886,59.36858073687458],[17.865079919279886,59.370565442068035]]]},"properties":{"id":"fb-Stockholm-163","municipality":"Stockholm","type":"flerbostadshus","view":"current","height":341}},{"type":"Feature","geometry":{"type":"Polygon","coordinates":[[[18.14792604308791,59.33149645414248],[18.151895453474832,59.33149645414248],[18.151895453474832,59.3354658645294],[18.14792604308791,59.3354658645294],[18.14792604308791,59.33149645414248]]]},"properties":{"id":"fb-Stockholm-164","municipality":"Stockholm","type":"flerbostadshus","view":"current","height":474}},{"type":"Feature","geometry":{"type":"Polygon","coordinates":[[[17.934595868708264,59.41126168967544],[17.938565279095187,59.41126168967544],[17.938565279095187,59.4132463948689],[17.936580573901725,59.4132463948689],[17.936580573901725,59.41523110006236],[17.934595868708264,59.41523110006236],[17.934595868708264,59.41126168967544]]]},"properties":{"id":"fb-Stockholm-165","municipality":"Stockholm","type":"flerbostadshus","view":"current","height":440}},{"type":"Feature","geometry":{"type":"Polygon","coordinates":[[[18.093397917925007,59.355322707605445],[18.09736732831193,59.355322707605445],[18.09736732831193,59.35333800241199],[18.096044191516288,59.35333800241199],[18.096044191516288,59.35135329721853],[18.094721054720647,59.35135329721853],[18.094721054720647,59.35333800241199],[18.093397917925007,59.35333800241199],[18.093397917925007,59.355322707605445]]]},"properties":{"id":"fb-Stockholm-166","municipality":"Stockholm","type":"flerbostadshus","view":"current","height":407}},{"type":"Feature","geometry":{"type":"Polygon","coordinates":[[[17.934647136365527,59.30707445816013],[17.93861654675245,59.30707445816013],[17.93861654675245,59.311043868547046],[17.934647136365527,59.311043868547046],[17.934647136365527,59.30707445816013]]]},"properties":{"id":"fb-Stockholm-167","municipality":"Stockholm","type":"flerbostadshus","view":"current","height":373}},{"type":"Feature","geometry":{"type":"Polygon","coordinates":[[[17.989252162925595,59.31663074765183],[17.993221573312518,59.31663074765183],[17.993221573312518,59.318615452845286],[17.991236868119056,59.318615452845286],[17.991236868119056,59.320600158038744],[17.989252162925595,59.320600158038744],[17.989252162925595,59.31663074765183]]]},"properties":{"id":"fb-Stockholm-168","municipality":"Stockholm","type":"flerbostadshus","view":"current","height":339}},{"type":"Feature","geometry":{"type":"Polygon","coordinates":[[[17.855310196284368,59.350747763735164],[17.85927960667129,59.350747763735164],[17.85927960667129,59.34876305854171],[17.85795646987565,59.34876305854171],[17.85795646987565,59.34677835334825],[17.85663333308001,59.34677835334825],[17.85663333308001,59.34876305854171],[17.855310196284368,59.34876305854171],[17.855310196284368,59.350747763735164]]]},"properties":{"id":"fb-Stockholm-169","municipality":"Stockholm","type":"flerbostadshus","view":"current","height":473}},{"type":"Feature","geometry":{"type":"Polygon","coordinates":[[[18.12823279412509,59.27694643492403],[18.132202204512012,59.27694643492403],[18.132202204512012,59.28091584531094],[18.12823279412509,59.28091584531094],[18.12823279412509,59.27694643492403]]]},"properties":{"id":"fb-Stockholm-170","municipality":"Stockholm","type":"flerbostadshus","view":"current","height":439}},{"type":"Feature","geometry":{"type":"Polygon","coordinates":[[[17.94467319764735,59.28724698868583],[17.948642608034273,59.28724698868583],[17.948642608034273,59.28923169387929],[17.946657902840812,59.28923169387929],[17.946657902840812,59.291216399072745],[17.94467319764735,59.291216399072745],[17.94467319764735,59.28724698868583]]]},"properties":{"id":"fb-Stockholm-171","municipality":"Stockholm","type":"flerbostadshus","view":"current","height":405}},{"type":"Feature","geometry":{"type":"Polygon","coordinates":[[[18.078666431945837,59.275963873468726],[18.08263584233276,59.275963873468726],[18.08263584233276,59.27397916827527],[18.08131270553712,59.27397916827527],[18.08131270553712,59.27199446308181],[18.079989568741478,59.27199446308181],[18.079989568741478,59.27397916827527],[18.078666431945837,59.27397916827527],[18.078666431945837,59.275963873468726]]]},"properties":{"id":"fb-Stockholm-172","municipality":"Stockholm","type":"flerbostadshus","view":"current","height":372}},{"type":"Feature","geometry":{"type":"Polygon","coordinates":[[[17.9050303614354,59.40137732862877],[17.908999771822323,59.40137732862877],[17.908999771822323,59.405346739015684],[17.9050303614354,59.405346739015684],[17.9050303614354,59.40137732862877]]]},"properties":{"id":"fb-Stockholm-173","municipality":"Stockholm","type":"flerbostadshus","view":"current","height":338}},{"type":"Feature","geometry":{"type":"Polygon","coordinates":[[[17.880247180257054,59.276966017384346],[17.884216590643977,59.276966017384346],[17.884216590643977,59.278950722577804],[17.882231885450516,59.278950722577804],[17.882231885450516,59.28093542777126],[17.880247180257054,59.28093542777126],[17.880247180257054,59.276966017384346]]]},"properties":{"id":"fb-Stockholm-174","municipality":"Stockholm","type":"flerbostadshus","view":"current","height":471}},{"type":"Feature","geometry":{"type":"Polygon","coordinates":[[[17.944775732961872,59.40535653015712],[17.948745143348795,59.40535653015712],[17.948745143348795,59.40337182496366],[17.947422006553154,59.40337182496366],[17.947422006553154,59.401387119770206],[17.946098869757513,59.401387119770206],[17.946098869757513,59.40337182496366],[17.944775732961872,59.40337182496366],[17.944775732961872,59.40535653015712]]]},"properties":{"id":"fb-Stockholm-175","municipality":"Stockholm","type":"flerbostadshus","view":"current","height":438}},{"type":"Feature","geometry":{"type":"Polygon","coordinates":[[[18.009304285489243,59.32659343836233],[18.013273695876165,59.32659343836233],[18.013273695876165,59.330562848749246],[18.009304285489243,59.330562848749246],[18.009304285489243,59.32659343836233]]]},"properties":{"id":"fb-Stockholm-176","municipality":"Stockholm","type":"flerbostadshus","view":"current","height":404}},{"type":"Feature","geometry":{"type":"Polygon","coordinates":[[[18.04902402327581,59.307123414222204],[18.05299343366273,59.307123414222204],[18.05299343366273,59.30910811941566],[18.05100872846927,59.30910811941566],[18.05100872846927,59.31109282460912],[18.04902402327581,59.31109282460912],[18.04902402327581,59.307123414222204]]]},"properties":{"id":"fb-Stockholm-177","municipality":"Stockholm","type":"flerbostadshus","view":"current","height":370}},{"type":"Feature","geometry":{"type":"Polygon","coordinates":[[[17.929967345408087,59.295840299182544],[17.93393675579501,59.295840299182544],[17.93393675579501,59.293855593989086],[17.93261361899937,59.293855593989086],[17.93261361899937,59.29187088879563],[17.93129048220373,59.29187088879563],[17.93129048220373,59.293855593989086],[17.929967345408087,59.293855593989086],[17.929967345408087,59.295840299182544]]]},"properties":{"id":"fb-Stockholm-178","municipality":"Stockholm","type":"flerbostadshus","view":"current","height":336}},{"type":"Feature","geometry":{"type":"Polygon","coordinates":[[[18.029228238998463,59.29224791659012],[18.033197649385386,59.29224791659012],[18.033197649385386,59.296217326977036],[18.029228238998463,59.296217326977036],[18.029228238998463,59.29224791659012]]]},"properties":{"id":"fb-Stockholm-179","municipality":"Stockholm","type":"flerbostadshus","view":"current","height":470}},{"type":"Feature","geometry":{"type":"Polygon","coordinates":[[[17.994521531852815,59.29684244292072],[17.998490942239737,59.29684244292072],[17.998490942239737,59.29882714811418],[17.996506237046276,59.29882714811418],[17.996506237046276,59.300811853307636],[17.994521531852815,59.300811853307636],[17.994521531852815,59.29684244292072]]]},"properties":{"id":"fb-Stockholm-180","municipality":"Stockholm","type":"flerbostadshus","view":"current","height":436}},{"type":"Feature","geometry":{"type":"Polygon","coordinates":[[[18.00943245472112,59.256533014249236],[18.013401865108044,59.256533014249236],[18.013401865108044,59.25454830905578],[18.012078728312403,59.25454830905578],[18.012078728312403,59.25256360386232],[18.010755591516762,59.25256360386232],[18.010755591516762,59.25454830905578],[18.00943245472112,59.25454830905578],[18.00943245472112,59.256533014249236]]]},"properties":{"id":"fb-Stockholm-181","municipality":"Stockholm","type":"flerbostadshus","view":"current","height":402}},{"type":"Feature","geometry":{"type":"Polygon","coordinates":[[[17.8903757768534,59.27700518212753],[17.894345187240322,59.27700518212753],[17.894345187240322,59.28097459251445],[17.8903757768534,59.28097459251445],[17.8903757768534,59.27700518212753]]]},"properties":{"id":"fb-Stockholm-182","municipality":"Stockholm","type":"flerbostadshus","view":"current","height":369}},{"type":"Feature","geometry":{"type":"Polygon","coordinates":[[[17.84078378093424,59.3567704176605],[17.844753191321164,59.3567704176605],[17.844753191321164,59.35875512285396],[17.842768486127703,59.35875512285396],[17.842768486127703,59.360739828047414],[17.84078378093424,59.360739828047414],[17.84078378093424,59.3567704176605]]]},"properties":{"id":"fb-Stockholm-183","municipality":"Stockholm","type":"flerbostadshus","view":"current","height":335}},{"type":"Feature","geometry":{"type":"Polygon","coordinates":[[[17.855694703625105,59.3603725915718],[17.859664114012027,59.3603725915718],[17.859664114012027,59.358387886378345],[17.858340977216386,59.358387886378345],[17.858340977216386,59.35640318118489],[17.857017840420745,59.35640318118489],[17.857017840420745,59.358387886378345],[17.855694703625105,59.358387886378345],[17.855694703625105,59.3603725915718]]]},"properties":{"id":"fb-Stockholm-184","municipality":"Stockholm","type":"flerbostadshus","view":"current","height":468}},{"type":"Feature","geometry":{"type":"Polygon","coordinates":[[[17.86068210052611,59.361741971963035],[17.86465151091303,59.361741971963035],[17.86465151091303,59.36571138234995],[17.86068210052611,59.36571138234995],[17.86068210052611,59.361741971963035]]]},"properties":{"id":"fb-Stockholm-185","municipality":"Stockholm","type":"flerbostadshus","view":"current","height":435}},{"type":"Feature","geometry":{"type":"Polygon","coordinates":[[[17.994675334824596,59.281986527571505],[17.998644745211518,59.281986527571505],[17.998644745211518,59.28595593795842],[17.994675334824596,59.28595593795842],[17.994675334824596,59.281986527571505]]]},"properties":{"id":"fb-Stockholm-186","municipality":"Stockholm","type":"flerbostadshus","view":"current","height":401}},{"type":"Feature","geometry":{"type":"Polygon","coordinates":[[[18.108510186111126,59.360516956520634],[18.112479596498048,59.360516956520634],[18.112479596498048,59.358532251327176],[18.111156459702407,59.358532251327176],[18.111156459702407,59.35654754613372],[18.109833322906766,59.35654754613372],[18.109833322906766,59.358532251327176],[18.108510186111126,59.358532251327176],[18.108510186111126,59.360516956520634]]]},"properties":{"id":"fb-Stockholm-187","municipality":"Stockholm","type":"flerbostadshus","view":"current","height":367}},{"type":"Feature","geometry":{"type":"Polygon","coordinates":[[[17.969917787563602,59.27207279274563],[17.973887197950525,59.27207279274563],[17.973887197950525,59.27604220313255],[17.969917787563602,59.27604220313255],[17.969917787563602,59.27207279274563]]]},"properties":{"id":"fb-Stockholm-188","municipality":"Stockholm","type":"flerbostadshus","view":"current","height":501}},{"type":"Feature","geometry":{"type":"Polygon","coordinates":[[[18.02452281430112,59.267488057733914],[18.02849222468804,59.267488057733914],[18.02849222468804,59.27145746812083],[18.02452281430112,59.27145746812083],[18.02452281430112,59.267488057733914]]]},"properties":{"id":"fb-Stockholm-189","municipality":"Stockholm","type":"flerbostadshus","view":"current","height":467}},{"type":"Feature","geometry":{"type":"Polygon","coordinates":[[[18.028765946577128,59.29689139898279],[18.03273535696405,59.29689139898279],[18.03273535696405,59.298876104176244],[18.03075065177059,59.298876104176244],[18.03075065177059,59.3008608093697],[18.028765946577128,59.3008608093697],[18.028765946577128,59.29689139898279]]]},"properties":{"id":"fb-Stockholm-190","municipality":"Stockholm","type":"flerbostadshus","view":"current","height":433}},{"type":"Feature","geometry":{"type":"Polygon","coordinates":[[[17.974212187674322,59.32207724169555],[17.978181598061244,59.32207724169555],[17.978181598061244,59.32604665208247],[17.974212187674322,59.32604665208247],[17.974212187674322,59.32207724169555]]]},"properties":{"id":"fb-Stockholm-191","municipality":"Stockholm","type":"flerbostadshus","view":"current","height":400}},{"type":"Feature","geometry":{"type":"Polygon","coordinates":[[[18.053626029152646,59.27209237520595],[18.05759543953957,59.27209237520595],[18.05759543953957,59.276061785592866],[18.053626029152646,59.276061785592866],[18.053626029152646,59.27209237520595]]]},"properties":{"id":"fb-Stockholm-192","municipality":"Stockholm","type":"flerbostadshus","view":"current","height":366}},{"type":"Feature","geometry":{"type":"Polygon","coordinates":[[[18.00899579621714,59.29231645493506],[18.01296520660406,59.29231645493506],[18.01296520660406,59.29430116012852],[18.0109805014106,59.29430116012852],[18.0109805014106,59.29628586532198],[18.00899579621714,59.29628586532198],[18.00899579621714,59.29231645493506]]]},"properties":{"id":"fb-Stockholm-193","municipality":"Stockholm","type":"flerbostadshus","view":"current","height":499}},{"type":"Feature","geometry":{"type":"Polygon","coordinates":[[[17.894900881333072,59.42492446642139],[17.898870291719994,59.42492446642139],[17.898870291719994,59.42293976122793],[17.897547154924354,59.42293976122793],[17.897547154924354,59.42095505603447],[17.896224018128713,59.42095505603447],[17.896224018128713,59.42293976122793],[17.894900881333072,59.42293976122793],[17.894900881333072,59.42492446642139]]]},"properties":{"id":"fb-Stockholm-194","municipality":"Stockholm","type":"flerbostadshus","view":"current","height":466}},{"type":"Feature","geometry":{"type":"Polygon","coordinates":[[[17.94950590789314,59.406446794878],[17.953475318280063,59.406446794878],[17.953475318280063,59.410416205264916],[17.94950590789314,59.410416205264916],[17.94950590789314,59.406446794878]]]},"properties":{"id":"fb-Stockholm-195","municipality":"Stockholm","type":"flerbostadshus","view":"current","height":432}},{"type":"Feature","geometry":{"type":"Polygon","coordinates":[[[18.01899622358161,59.257226668715305],[18.022965633968532,59.257226668715305],[18.022965633968532,59.25921137390876],[18.02098092877507,59.25921137390876],[18.02098092877507,59.26119607910222],[18.01899622358161,59.26119607910222],[18.01899622358161,59.257226668715305]]]},"properties":{"id":"fb-Stockholm-196","municipality":"Stockholm","type":"flerbostadshus","view":"current","height":398}},{"type":"Feature","geometry":{"type":"Polygon","coordinates":[[[18.053754198207077,59.29134368479864],[18.057723608594,59.29134368479864],[18.057723608594,59.28935897960518],[18.05640047179836,59.28935897960518],[18.05640047179836,59.287374274411725],[18.055077335002718,59.287374274411725],[18.055077335002718,59.28935897960518],[18.053754198207077,59.28935897960518],[18.053754198207077,59.29134368479864]]]},"properties":{"id":"fb-Stockholm-197","municipality":"Stockholm","type":"flerbostadshus","view":"current","height":365}},{"type":"Feature","geometry":{"type":"Polygon","coordinates":[[[17.954544572451407,59.341586430578865],[17.95851398283833,59.341586430578865],[17.95851398283833,59.34555584096578],[17.954544572451407,59.34555584096578],[17.954544572451407,59.341586430578865]]]},"properties":{"id":"fb-Stockholm-198","municipality":"Stockholm","type":"flerbostadshus","view":"current","height":498}},{"type":"Feature","geometry":{"type":"Polygon","coordinates":[[[18.02403488796243,59.287384065730606],[18.02800429834935,59.287384065730606],[18.02800429834935,59.289368770924064],[18.02601959315589,59.289368770924064],[18.02601959315589,59.29135347611752],[18.02403488796243,59.29135347611752],[18.02403488796243,59.287384065730606]]]},"properties":{"id":"fb-Stockholm-199","municipality":"Stockholm","type":"flerbostadshus","view":"current","height":464}},{"type":"Feature","geometry":{"type":"Polygon","coordinates":[[[18.06375462574899,59.34556563228467],[18.067724036135914,59.34556563228467],[18.067724036135914,59.34358092709121],[18.066400899340273,59.34358092709121],[18.066400899340273,59.34159622189775],[18.065077762544632,59.34159622189775],[18.065077762544632,59.34358092709121],[18.06375462574899,59.34358092709121],[18.06375462574899,59.34556563228467]]]},"properties":{"id":"fb-Stockholm-200","municipality":"Stockholm","type":"flerbostadshus","view":"current","height":431}},{"type":"Feature","geometry":{"type":"Polygon","coordinates":[[[17.97943028876683,59.31220267179031],[17.983399699153754,59.31220267179031],[17.983399699153754,59.316172082177225],[17.97943028876683,59.316172082177225],[17.97943028876683,59.31220267179031]]]},"properties":{"id":"fb-Stockholm-201","municipality":"Stockholm","type":"flerbostadshus","view":"current","height":397}},{"type":"Feature","geometry":{"type":"Polygon","coordinates":[[[18.00922650058609,59.321758961104564],[18.013195910973014,59.321758961104564],[18.013195910973014,59.32374366629802],[18.011211205779553,59.32374366629802],[18.011211205779553,59.32572837149148],[18.00922650058609,59.32572837149148],[18.00922650058609,59.321758961104564]]]},"properties":{"id":"fb-Stockholm-202","municipality":"Stockholm","type":"flerbostadshus","view":"current","height":363}},{"type":"Feature","geometry":{"type":"Polygon","coordinates":[[[18.06879329012981,59.246717191547496],[18.072762700516734,59.246717191547496],[18.072762700516734,59.24473248635404],[18.071439563721093,59.24473248635404],[18.071439563721093,59.24274778116058],[18.070116426925452,59.24274778116058],[18.070116426925452,59.24473248635404],[18.06879329012981,59.24473248635404],[18.06879329012981,59.246717191547496]]]},"properties":{"id":"fb-Stockholm-203","municipality":"Stockholm","type":"flerbostadshus","view":"current","height":497}},{"type":"Feature","geometry":{"type":"Polygon","coordinates":[[[17.999354242276052,59.29695993732773],[18.003323652662974,59.29695993732773],[18.003323652662974,59.30092934771464],[17.999354242276052,59.30092934771464],[17.999354242276052,59.29695993732773]]]},"properties":{"id":"fb-Stockholm-204","municipality":"Stockholm","type":"flerbostadshus","view":"current","height":463}},{"type":"Feature","geometry":{"type":"Polygon","coordinates":[[[17.78602406771896,59.38664869900545],[17.78999347810588,59.38664869900545],[17.78999347810588,59.388633404198906],[17.78800877291242,59.388633404198906],[17.78800877291242,59.39061810939236],[17.78602406771896,59.39061810939236],[17.78602406771896,59.38664869900545]]]},"properties":{"id":"fb-Stockholm-205","municipality":"Stockholm","type":"flerbostadshus","view":"current","height":429}},{"type":"Feature","geometry":{"type":"Polygon","coordinates":[[[18.113526058557287,59.32078619096814],[18.11749546894421,59.32078619096814],[18.11749546894421,59.318801485774685],[18.11617233214857,59.318801485774685],[18.11617233214857,59.31681678058123],[18.114849195352928,59.31681678058123],[18.114849195352928,59.318801485774685],[18.113526058557287,59.318801485774685],[18.113526058557287,59.32078619096814]]]},"properties":{"id":"fb-Stockholm-206","municipality":"Stockholm","type":"flerbostadshus","view":"current","height":396}},{"type":"Feature","geometry":{"type":"Polygon","coordinates":[[[17.929966461902104,59.35688791224496],[17.933935872289027,59.35688791224496],[17.933935872289027,59.36085732263187],[17.929966461902104,59.36085732263187],[17.929966461902104,59.35688791224496]]]},"properties":{"id":"fb-Stockholm-207","municipality":"Stockholm","type":"flerbostadshus","view":"current","height":362}},{"type":"Feature","geometry":{"type":"Polygon","coordinates":[[[17.875412702999295,59.37636772752652],[17.879382113386217,59.37636772752652],[17.879382113386217,59.37835243271998],[17.877397408192756,59.37835243271998],[17.877397408192756,59.380337137913436],[17.875412702999295,59.380337137913436],[17.875412702999295,59.37636772752652]]]},"properties":{"id":"fb-Stockholm-208","municipality":"Stockholm","type":"flerbostadshus","view":"current","height":495}},{"type":"Feature","geometry":{"type":"Polygon","coordinates":[[[17.815897180935387,59.38567592869158],[17.81986659132231,59.38567592869158],[17.81986659132231,59.383691223498126],[17.81854345452667,59.383691223498126],[17.81854345452667,59.38170651830467],[17.817220317731028,59.38170651830467],[17.817220317731028,59.383691223498126],[17.815897180935387,59.383691223498126],[17.815897180935387,59.38567592869158]]]},"properties":{"id":"fb-Stockholm-209","municipality":"Stockholm","type":"flerbostadshus","view":"current","height":462}},{"type":"Feature","geometry":{"type":"Polygon","coordinates":[[[17.885387496623856,59.37141575586175],[17.88935690701078,59.37141575586175],[17.88935690701078,59.37538516624866],[17.885387496623856,59.37538516624866],[17.885387496623856,59.37141575586175]]]},"properties":{"id":"fb-Stockholm-210","municipality":"Stockholm","type":"flerbostadshus","view":"current","height":428}},{"type":"Feature","geometry":{"type":"Polygon","coordinates":[[[18.054113071807905,59.262633998015836],[18.058082482194827,59.262633998015836],[18.058082482194827,59.264618703209294],[18.056097777001366,59.264618703209294],[18.056097777001366,59.26660340840275],[18.054113071807905,59.26660340840275],[18.054113071807905,59.262633998015836]]]},"properties":{"id":"fb-Stockholm-211","municipality":"Stockholm","type":"flerbostadshus","view":"current","height":394}},{"type":"Feature","geometry":{"type":"Polygon","coordinates":[[[17.89536229024842,59.29104498666797],[17.899331700635344,59.29104498666797],[17.899331700635344,59.28906028147451],[17.898008563839703,59.28906028147451],[17.898008563839703,59.287075576281055],[17.896685427044062,59.287075576281055],[17.896685427044062,59.28906028147451],[17.89536229024842,59.28906028147451],[17.89536229024842,59.29104498666797]]]},"properties":{"id":"fb-Stockholm-212","municipality":"Stockholm","type":"flerbostadshus","view":"current","height":361}},{"type":"Feature","geometry":{"type":"Polygon","coordinates":[[[17.78126737536435,59.381726100764986],[17.785236785751273,59.381726100764986],[17.785236785751273,59.3856955111519],[17.78126737536435,59.3856955111519],[17.78126737536435,59.381726100764986]]]},"properties":{"id":"fb-Stockholm-213","municipality":"Stockholm","type":"flerbostadshus","view":"current","height":494}},{"type":"Feature","geometry":{"type":"Polygon","coordinates":[[[18.064113499349823,59.2523530265369],[18.068082909736745,59.2523530265369],[18.068082909736745,59.25433773173036],[18.066098204543284,59.25433773173036],[18.066098204543284,59.25632243692382],[18.064113499349823,59.25632243692382],[18.064113499349823,59.2523530265369]]]},"properties":{"id":"fb-Stockholm-214","municipality":"Stockholm","type":"flerbostadshus","view":"current","height":460}},{"type":"Feature","geometry":{"type":"Polygon","coordinates":[[[17.920248006563845,59.37007574907227],[17.924217416950768,59.37007574907227],[17.924217416950768,59.36809104387881],[17.922894280155127,59.36809104387881],[17.922894280155127,59.366106338685356],[17.921571143359486,59.366106338685356],[17.921571143359486,59.36809104387881],[17.920248006563845,59.36809104387881],[17.920248006563845,59.37007574907227]]]},"properties":{"id":"fb-Stockholm-215","municipality":"Stockholm","type":"flerbostadshus","view":"current","height":427}},{"type":"Feature","geometry":{"type":"Polygon","coordinates":[[[18.133629448778198,59.2622863438231],[18.13759885916512,59.2622863438231],[18.13759885916512,59.266255754210015],[18.133629448778198,59.266255754210015],[18.133629448778198,59.2622863438231]]]},"properties":{"id":"fb-Stockholm-216","municipality":"Stockholm","type":"flerbostadshus","view":"current","height":393}},{"type":"Feature","geometry":{"type":"Polygon","coordinates":[[[18.14854037146906,59.32642202595755],[18.152509781855983,59.32642202595755],[18.152509781855983,59.328406731151006],[18.15052507666252,59.328406731151006],[18.15052507666252,59.33039143634446],[18.14854037146906,59.33039143634446],[18.14854037146906,59.32642202595755]]]},"properties":{"id":"fb-Stockholm-217","municipality":"Stockholm","type":"flerbostadshus","view":"current","height":359}},{"type":"Feature","geometry":{"type":"Polygon","coordinates":[[[18.09398661256625,59.25138025640048],[18.097956022953174,59.25138025640048],[18.097956022953174,59.24939555120702],[18.096632886157533,59.24939555120702],[18.096632886157533,59.247410846013565],[18.095309749361892,59.247410846013565],[18.095309749361892,59.24939555120702],[18.09398661256625,59.24939555120702],[18.09398661256625,59.25138025640048]]]},"properties":{"id":"fb-Stockholm-218","municipality":"Stockholm","type":"flerbostadshus","view":"current","height":493}},{"type":"Feature","geometry":{"type":"Polygon","coordinates":[[[17.889835699528913,59.336355343066295],[17.893805109915835,59.336355343066295],[17.893805109915835,59.34032475345321],[17.889835699528913,59.34032475345321],[17.889835699528913,59.336355343066295]]]},"properties":{"id":"fb-Stockholm-219","municipality":"Stockholm","type":"flerbostadshus","view":"current","height":459}},{"type":"Feature","geometry":{"type":"Polygon","coordinates":[[[18.058561274890405,59.37146471174637],[18.062530685277327,59.37146471174637],[18.062530685277327,59.37344941693983],[18.060545980083866,59.37344941693983],[18.060545980083866,59.375434122133285],[18.058561274890405,59.375434122133285],[18.058561274890405,59.37146471174637]]]},"properties":{"id":"fb-Stockholm-220","municipality":"Stockholm","type":"flerbostadshus","view":"current","height":425}},{"type":"Feature","geometry":{"type":"Polygon","coordinates":[[[17.879963441218873,59.3502580707394],[17.883932851605795,59.3502580707394],[17.883932851605795,59.34827336554594],[17.882609714810155,59.34827336554594],[17.882609714810155,59.346288660352485],[17.881286578014514,59.346288660352485],[17.881286578014514,59.34827336554594],[17.879963441218873,59.34827336554594],[17.879963441218873,59.3502580707394]]]},"properties":{"id":"fb-Stockholm-221","municipality":"Stockholm","type":"flerbostadshus","view":"current","height":392}},{"type":"Feature","geometry":{"type":"Polygon","coordinates":[[[17.89983612707083,59.36155097709794],[17.903805537457753,59.36155097709794],[17.903805537457753,59.36552038748486],[17.89983612707083,59.36552038748486],[17.89983612707083,59.36155097709794]]]},"properties":{"id":"fb-Stockholm-222","municipality":"Stockholm","type":"flerbostadshus","view":"current","height":358}},{"type":"Feature","geometry":{"type":"Polygon","coordinates":[[[17.899861760810737,59.381030792379505],[17.90383117119766,59.381030792379505],[17.90383117119766,59.38301549757296],[17.901846466004198,59.38301549757296],[17.901846466004198,59.38500020276642],[17.899861760810737,59.38500020276642],[17.899861760810737,59.381030792379505]]]},"properties":{"id":"fb-Stockholm-223","municipality":"Stockholm","type":"flerbostadshus","view":"current","height":491}},{"type":"Feature","geometry":{"type":"Polygon","coordinates":[[[17.929657972629997,59.41514780846284],[17.93362738301692,59.41514780846284],[17.93362738301692,59.41316310326938],[17.93230424622128,59.41316310326938],[17.93230424622128,59.411178398075926],[17.930981109425637,59.411178398075926],[17.930981109425637,59.41316310326938],[17.929657972629997,59.41316310326938],[17.929657972629997,59.41514780846284]]]},"properties":{"id":"fb-Stockholm-224","municipality":"Stockholm","type":"flerbostadshus","view":"current","height":458}},{"type":"Feature","geometry":{"type":"Polygon","coordinates":[[[17.86518068758244,59.34630824263536],[17.869150097969364,59.34630824263536],[17.869150097969364,59.350277653022275],[17.86518068758244,59.350277653022275],[17.86518068758244,59.34630824263536]]]},"properties":{"id":"fb-Stockholm-225","municipality":"Stockholm","type":"flerbostadshus","view":"current","height":424}},{"type":"Feature","geometry":{"type":"Polygon","coordinates":[[[18.028944499960282,59.282182351819785],[18.032913910347204,59.282182351819785],[18.032913910347204,59.28416705701324],[18.030929205153743,59.28416705701324],[18.030929205153743,59.2861517622067],[18.028944499960282,59.2861517622067],[18.028944499960282,59.282182351819785]]]},"properties":{"id":"fb-Stockholm-226","municipality":"Stockholm","type":"flerbostadshus","view":"current","height":390}},{"type":"Feature","geometry":{"type":"Polygon","coordinates":[[[17.89996429612526,59.41479036312867],[17.90393370651218,59.41479036312867],[17.90393370651218,59.41280565793521],[17.90261056971654,59.41280565793521],[17.90261056971654,59.41082095274175],[17.9012874329209,59.41082095274175],[17.9012874329209,59.41280565793521],[17.89996429612526,59.41280565793521],[17.89996429612526,59.41479036312867]]]},"properties":{"id":"fb-Stockholm-227","municipality":"Stockholm","type":"flerbostadshus","view":"current","height":357}},{"type":"Feature","geometry":{"type":"Polygon","coordinates":[[[18.118307501323265,59.34173329876508],[18.122276911710188,59.34173329876508],[18.122276911710188,59.34570270915199],[18.118307501323265,59.34570270915199],[18.118307501323265,59.34173329876508]]]},"properties":{"id":"fb-Stockholm-228","municipality":"Stockholm","type":"flerbostadshus","view":"current","height":490}},{"type":"Feature","geometry":{"type":"Polygon","coordinates":[[[17.93474790466808,59.291748432275476],[17.938717315055,59.291748432275476],[17.938717315055,59.293733137468934],[17.93673260986154,59.293733137468934],[17.93673260986154,59.29571784266239],[17.93474790466808,59.29571784266239],[17.93474790466808,59.291748432275476]]]},"properties":{"id":"fb-Stockholm-229","municipality":"Stockholm","type":"flerbostadshus","view":"current","height":456}},{"type":"Feature","geometry":{"type":"Polygon","coordinates":[[[17.914926486650828,59.306018396424186],[17.91889589703775,59.306018396424186],[17.91889589703775,59.30403369123073],[17.91757276024211,59.30403369123073],[17.91757276024211,59.30204898603727],[17.91624962344647,59.30204898603727],[17.91624962344647,59.30403369123073],[17.914926486650828,59.30403369123073],[17.914926486650828,59.306018396424186]]]},"properties":{"id":"fb-Stockholm-230","municipality":"Stockholm","type":"flerbostadshus","view":"current","height":423}},{"type":"Feature","geometry":{"type":"Polygon","coordinates":[[[18.113422639736783,59.237178830774155],[18.117392050123705,59.237178830774155],[18.117392050123705,59.24114824116107],[18.113422639736783,59.24114824116107],[18.113422639736783,59.237178830774155]]]},"properties":{"id":"fb-Stockholm-231","municipality":"Stockholm","type":"flerbostadshus","view":"current","height":389}},{"type":"Feature","geometry":{"type":"Polygon","coordinates":[[[17.979480673095555,59.30205877735616],[17.983450083482477,59.30205877735616],[17.983450083482477,59.306028187743074],[17.979480673095555,59.306028187743074],[17.979480673095555,59.30205877735616]]]},"properties":{"id":"fb-Stockholm-232","municipality":"Stockholm","type":"flerbostadshus","view":"current","height":355}},{"type":"Feature","geometry":{"type":"Polygon","coordinates":[[[17.989429832802763,59.28581389915539],[17.993399243189685,59.28581389915539],[17.993399243189685,59.283829193961935],[17.992076106394045,59.283829193961935],[17.992076106394045,59.28184448876848],[17.990752969598404,59.28184448876848],[17.990752969598404,59.283829193961935],[17.989429832802763,59.283829193961935],[17.989429832802763,59.28581389915539]]]},"properties":{"id":"fb-Stockholm-233","municipality":"Stockholm","type":"flerbostadshus","view":"current","height":489}},{"type":"Feature","geometry":{"type":"Polygon","coordinates":[[[17.984493703736465,59.26237446462835],[17.988463114123387,59.26237446462835],[17.988463114123387,59.26634387501527],[17.984493703736465,59.26634387501527],[17.984493703736465,59.26237446462835]]]},"properties":{"id":"fb-Stockholm-234","municipality":"Stockholm","type":"flerbostadshus","view":"current","height":455}},{"type":"Feature","geometry":{"type":"Polygon","coordinates":[[[17.92497818167256,59.40589835450128],[17.928947592059483,59.40589835450128],[17.928947592059483,59.4098677648882],[17.92497818167256,59.4098677648882],[17.92497818167256,59.40589835450128]]]},"properties":{"id":"fb-Stockholm-235","municipality":"Stockholm","type":"flerbostadshus","view":"current","height":421}},{"type":"Feature","geometry":{"type":"Polygon","coordinates":[[[17.805921503982287,59.36161951544288],[17.80989091436921,59.36161951544288],[17.80989091436921,59.36360422063634],[17.807906209175748,59.36360422063634],[17.807906209175748,59.3655889258298],[17.805921503982287,59.3655889258298],[17.805921503982287,59.36161951544288]]]},"properties":{"id":"fb-Stockholm-236","municipality":"Stockholm","type":"flerbostadshus","view":"current","height":388}},{"type":"Feature","geometry":{"type":"Polygon","coordinates":[[[18.14334702061047,59.24713173034321],[18.147316430997392,59.24713173034321],[18.147316430997392,59.25110114073013],[18.14334702061047,59.25110114073013],[18.14334702061047,59.24713173034321]]]},"properties":{"id":"fb-Stockholm-237","municipality":"Stockholm","type":"flerbostadshus","view":"current","height":354}},{"type":"Feature","geometry":{"type":"Polygon","coordinates":[[[17.999481528001944,59.30208815095791],[18.003450938388866,59.30208815095791],[18.003450938388866,59.30605756134482],[17.999481528001944,59.30605756134482],[17.999481528001944,59.30208815095791]]]},"properties":{"id":"fb-Stockholm-238","municipality":"Stockholm","type":"flerbostadshus","view":"current","height":487}},{"type":"Feature","geometry":{"type":"Polygon","coordinates":[[[17.925080716987082,59.2967591513212],[17.929050127374005,59.2967591513212],[17.929050127374005,59.298743856514655],[17.927065422180544,59.298743856514655],[17.927065422180544,59.30072856170811],[17.925080716987082,59.30072856170811],[17.925080716987082,59.2967591513212]]]},"properties":{"id":"fb-Stockholm-239","municipality":"Stockholm","type":"flerbostadshus","view":"current","height":454}},{"type":"Feature","geometry":{"type":"Polygon","coordinates":[[[18.103729818315877,59.227671497344524],[18.1076992287028,59.227671497344524],[18.1076992287028,59.23164090773144],[18.103729818315877,59.23164090773144],[18.103729818315877,59.227671497344524]]]},"properties":{"id":"fb-Stockholm-240","municipality":"Stockholm","type":"flerbostadshus","view":"current","height":420}},{"type":"Feature","geometry":{"type":"Polygon","coordinates":[[[17.94497903657895,59.35631009826649],[17.948948446965872,59.35631009826649],[17.948948446965872,59.360279508653406],[17.94497903657895,59.360279508653406],[17.94497903657895,59.35631009826649]]]},"properties":{"id":"fb-Stockholm-241","municipality":"Stockholm","type":"flerbostadshus","view":"current","height":386}},{"type":"Feature","geometry":{"type":"Polygon","coordinates":[[[18.029354641218372,59.25249010358168],[18.033324051605295,59.25249010358168],[18.033324051605295,59.254474808775136],[18.031339346411833,59.254474808775136],[18.031339346411833,59.25645951396859],[18.029354641218372,59.25645951396859],[18.029354641218372,59.25249010358168]]]},"properties":{"id":"fb-Stockholm-242","municipality":"Stockholm","type":"flerbostadshus","view":"current","height":353}},{"type":"Feature","geometry":{"type":"Polygon","coordinates":[[[18.04426556390923,59.32059519610305],[18.048234974296154,59.32059519610305],[18.048234974296154,59.31861049090959],[18.046911837500513,59.31861049090959],[18.046911837500513,59.316625785716134],[18.045588700704872,59.316625785716134],[18.045588700704872,59.31861049090959],[18.04426556390923,59.31861049090959],[18.04426556390923,59.32059519610305]]]},"properties":{"id":"fb-Stockholm-243","municipality":"Stockholm","type":"flerbostadshus","view":"current","height":486}},{"type":"Feature","geometry":{"type":"Polygon","coordinates":[[[17.80116481162768,59.37158220633083],[17.8051342220146,59.37158220633083],[17.8051342220146,59.37555161671774],[17.80116481162768,59.37555161671774],[17.80116481162768,59.37158220633083]]]},"properties":{"id":"fb-Stockholm-244","municipality":"Stockholm","type":"flerbostadshus","view":"current","height":452}},{"type":"Feature","geometry":{"type":"Polygon","coordinates":[[[17.865693364155053,59.38113849564508],[17.869662774541975,59.38113849564508],[17.869662774541975,59.38312320083854],[17.867678069348514,59.38312320083854],[17.867678069348514,59.385107906032],[17.865693364155053,59.385107906032],[17.865693364155053,59.38113849564508]]]},"properties":{"id":"fb-Stockholm-245","municipality":"Stockholm","type":"flerbostadshus","view":"current","height":418}},{"type":"Feature","geometry":{"type":"Polygon","coordinates":[[[17.999686598630987,59.296173200120705],[18.00365600901791,59.296173200120705],[18.00365600901791,59.29418849492725],[18.00233287222227,59.29418849492725],[18.00233287222227,59.29220378973379],[18.001009735426628,59.29220378973379],[18.001009735426628,59.29418849492725],[17.999686598630987,59.29418849492725],[17.999686598630987,59.296173200120705]]]},"properties":{"id":"fb-Stockholm-246","municipality":"Stockholm","type":"flerbostadshus","view":"current","height":385}},{"type":"Feature","geometry":{"type":"Polygon","coordinates":[[[17.960018128501684,59.32160713116011],[17.963987538888606,59.32160713116011],[17.963987538888606,59.32557654154702],[17.960018128501684,59.32557654154702],[17.960018128501684,59.32160713116011]]]},"properties":{"id":"fb-Stockholm-247","municipality":"Stockholm","type":"flerbostadshus","view":"current","height":351}},{"type":"Feature","geometry":{"type":"Polygon","coordinates":[[[18.013878890791652,59.317022395970945],[18.017848301178574,59.317022395970945],[18.017848301178574,59.3190071011644],[18.015863595985113,59.3190071011644],[18.015863595985113,59.32099180635786],[18.013878890791652,59.32099180635786],[18.013878890791652,59.317022395970945]]]},"properties":{"id":"fb-Stockholm-248","municipality":"Stockholm","type":"flerbostadshus","view":"current","height":484}},{"type":"Feature","geometry":{"type":"Polygon","coordinates":[[[18.113139784204584,59.35535691059038],[18.117109194591507,59.35535691059038],[18.117109194591507,59.35337220539692],[18.115786057795866,59.35337220539692],[18.115786057795866,59.351387500203465],[18.114462921000225,59.351387500203465],[18.114462921000225,59.35337220539692],[18.113139784204584,59.35337220539692],[18.113139784204584,59.35535691059038]]]},"properties":{"id":"fb-Stockholm-249","municipality":"Stockholm","type":"flerbostadshus","view":"current","height":451}},{"type":"Feature","geometry":{"type":"Polygon","coordinates":[[[17.875000794906683,59.371611579932576],[17.878970205293605,59.371611579932576],[17.878970205293605,59.37558099031949],[17.875000794906683,59.37558099031949],[17.875000794906683,59.371611579932576]]]},"properties":{"id":"fb-Stockholm-250","municipality":"Stockholm","type":"flerbostadshus","view":"current","height":417}},{"type":"Feature","geometry":{"type":"Polygon","coordinates":[[[17.914720532515798,59.36628258029587],[17.91868994290272,59.36628258029587],[17.91868994290272,59.368267285489324],[17.91670523770926,59.368267285489324],[17.91670523770926,59.37025199068278],[17.914720532515798,59.37025199068278],[17.914720532515798,59.36628258029587]]]},"properties":{"id":"fb-Stockholm-251","municipality":"Stockholm","type":"flerbostadshus","view":"current","height":383}},{"type":"Feature","geometry":{"type":"Polygon","coordinates":[[[18.02886671505713,59.30612609968976],[18.032836125444053,59.30612609968976],[18.032836125444053,59.304141394496305],[18.031512988648412,59.304141394496305],[18.031512988648412,59.30215668930285],[18.03018985185277,59.30215668930285],[18.03018985185277,59.304141394496305],[18.02886671505713,59.304141394496305],[18.02886671505713,59.30612609968976]]]},"properties":{"id":"fb-Stockholm-252","municipality":"Stockholm","type":"flerbostadshus","view":"current","height":350}},{"type":"Feature","geometry":{"type":"Polygon","coordinates":[[[17.860192407352898,59.386139423549366],[17.86416181773982,59.386139423549366],[17.86416181773982,59.39010883393628],[17.860192407352898,59.39010883393628],[17.860192407352898,59.386139423549366]]]},"properties":{"id":"fb-Stockholm-253","municipality":"Stockholm","type":"flerbostadshus","view":"current","height":483}},{"type":"Feature","geometry":{"type":"Polygon","coordinates":[[[17.835409226351995,59.351784110458276],[17.839378636738918,59.351784110458276],[17.839378636738918,59.35376881565173],[17.837393931545456,59.35376881565173],[17.837393931545456,59.35575352084519],[17.835409226351995,59.35575352084519],[17.835409226351995,59.351784110458276]]]},"properties":{"id":"fb-Stockholm-254","municipality":"Stockholm","type":"flerbostadshus","view":"current","height":449}},{"type":"Feature","geometry":{"type":"Polygon","coordinates":[[[17.830473097108253,59.365309810159445],[17.834442507495176,59.365309810159445],[17.834442507495176,59.36332510496599],[17.833119370699535,59.36332510496599],[17.833119370699535,59.36134039977253],[17.831796233903894,59.36134039977253],[17.831796233903894,59.36332510496599],[17.830473097108253,59.36332510496599],[17.830473097108253,59.365309810159445]]]},"properties":{"id":"fb-Stockholm-255","municipality":"Stockholm","type":"flerbostadshus","view":"current","height":416}},{"type":"Feature","geometry":{"type":"Polygon","coordinates":[[[17.949581042633234,59.29721450877951],[17.953550453020156,59.29721450877951],[17.953550453020156,59.30118391916643],[17.949581042633234,59.30118391916643],[17.949581042633234,59.29721450877951]]]},"properties":{"id":"fb-Stockholm-256","municipality":"Stockholm","type":"flerbostadshus","view":"current","height":382}},{"type":"Feature","geometry":{"type":"Polygon","coordinates":[[[18.08357427693172,59.25715316825722],[18.087543687318643,59.25715316825722],[18.087543687318643,59.259137873450676],[18.085558982125182,59.259137873450676],[18.085558982125182,59.261122578644134],[18.08357427693172,59.261122578644134],[18.08357427693172,59.25715316825722]]]},"properties":{"id":"fb-Stockholm-257","municipality":"Stockholm","type":"flerbostadshus","view":"current","height":348}},{"type":"Feature","geometry":{"type":"Polygon","coordinates":[[[18.15802635560384,59.266461369599725],[18.161995765990763,59.266461369599725],[18.161995765990763,59.26447666440627],[18.160672629195123,59.26447666440627],[18.160672629195123,59.26249195921281],[18.159349492399482,59.26249195921281],[18.159349492399482,59.26447666440627],[18.15802635560384,59.26447666440627],[18.15802635560384,59.266461369599725]]]},"properties":{"id":"fb-Stockholm-258","municipality":"Stockholm","type":"flerbostadshus","view":"current","height":482}},{"type":"Feature","geometry":{"type":"Polygon","coordinates":[[[18.078663781605332,59.35143645626554],[18.082633191992254,59.35143645626554],[18.082633191992254,59.355405866652454],[18.078663781605332,59.355405866652454],[18.078663781605332,59.35143645626554]]]},"properties":{"id":"fb-Stockholm-259","municipality":"Stockholm","type":"flerbostadshus","view":"current","height":448}},{"type":"Feature","geometry":{"type":"Polygon","coordinates":[[[18.05884236358808,59.30715761720714],[18.062811773975003,59.30715761720714],[18.062811773975003,59.3091423224006],[18.060827068781542,59.3091423224006],[18.060827068781542,59.311127027594054],[18.05884236358808,59.311127027594054],[18.05884236358808,59.30715761720714]]]},"properties":{"id":"fb-Stockholm-260","municipality":"Stockholm","type":"flerbostadshus","view":"current","height":414}},{"type":"Feature","geometry":{"type":"Polygon","coordinates":[[[18.088638575229893,59.2561803981208],[18.092607985616816,59.2561803981208],[18.092607985616816,59.25419569292734],[18.091284848821175,59.25419569292734],[18.091284848821175,59.25221098773388],[18.089961712025534,59.25221098773388],[18.089961712025534,59.25419569292734],[18.088638575229893,59.25419569292734],[18.088638575229893,59.2561803981208]]]},"properties":{"id":"fb-Stockholm-261","municipality":"Stockholm","type":"flerbostadshus","view":"current","height":381}},{"type":"Feature","geometry":{"type":"Polygon","coordinates":[[[18.053931868261692,59.27739683044665],[18.057901278648615,59.27739683044665],[18.057901278648615,59.28136624083356],[18.053931868261692,59.28136624083356],[18.053931868261692,59.27739683044665]]]},"properties":{"id":"fb-Stockholm-262","municipality":"Stockholm","type":"flerbostadshus","view":"current","height":347}},{"type":"Feature","geometry":{"type":"Polygon","coordinates":[[[17.89518108652476,59.371303090660476],[17.899150496911684,59.371303090660476],[17.899150496911684,59.37328779585393],[17.897165791718223,59.37328779585393],[17.897165791718223,59.37527250104739],[17.89518108652476,59.37527250104739],[17.89518108652476,59.371303090660476]]]},"properties":{"id":"fb-Stockholm-263","municipality":"Stockholm","type":"flerbostadshus","view":"current","height":480}},{"type":"Feature","geometry":{"type":"Polygon","coordinates":[[[18.08871547680451,59.24168192828321],[18.09268488719143,59.24168192828321],[18.09268488719143,59.23969722308975],[18.09136175039579,59.23969722308975],[18.09136175039579,59.23771251789629],[18.09003861360015,59.23771251789629],[18.09003861360015,59.23969722308975],[18.08871547680451,59.23969722308975],[18.08871547680451,59.24168192828321]]]},"properties":{"id":"fb-Stockholm-264","municipality":"Stockholm","type":"flerbostadshus","view":"current","height":447}},{"type":"Feature","geometry":{"type":"Polygon","coordinates":[[[17.885308828214722,59.277039385112474],[17.889278238601644,59.277039385112474],[17.889278238601644,59.28100879549939],[17.885308828214722,59.28100879549939],[17.885308828214722,59.277039385112474]]]},"properties":{"id":"fb-Stockholm-265","municipality":"Stockholm","type":"flerbostadshus","view":"current","height":413}},{"type":"Feature","geometry":{"type":"Polygon","coordinates":[[[18.03418735164161,59.336957568710815],[18.03815676202853,59.336957568710815],[18.03815676202853,59.33894227390427],[18.03617205683507,59.33894227390427],[18.03617205683507,59.34092697909773],[18.03418735164161,59.34092697909773],[18.03418735164161,59.336957568710815]]]},"properties":{"id":"fb-Stockholm-266","municipality":"Stockholm","type":"flerbostadshus","view":"current","height":379}},{"type":"Feature","geometry":{"type":"Polygon","coordinates":[[[18.10367766715263,59.350483268411985],[18.107647077539553,59.350483268411985],[18.107647077539553,59.34849856321853],[18.106323940743913,59.34849856321853],[18.106323940743913,59.34651385802507],[18.105000803948272,59.34651385802507],[18.105000803948272,59.34849856321853],[18.10367766715263,59.34849856321853],[18.10367766715263,59.350483268411985]]]},"properties":{"id":"fb-Stockholm-267","municipality":"Stockholm","type":"flerbostadshus","view":"current","height":346}},{"type":"Feature","geometry":{"type":"Polygon","coordinates":[[[18.093779775102682,59.2823879672095],[18.097749185489604,59.2823879672095],[18.097749185489604,59.28635737759642],[18.093779775102682,59.28635737759642],[18.093779775102682,59.2823879672095]]]},"properties":{"id":"fb-Stockholm-268","municipality":"Stockholm","type":"flerbostadshus","view":"current","height":479}},{"type":"Feature","geometry":{"type":"Polygon","coordinates":[[[18.118614223760847,59.28202073055644],[18.12258363414777,59.28202073055644],[18.12258363414777,59.2840054357499],[18.12059892895431,59.2840054357499],[18.12059892895431,59.285990140943355],[18.118614223760847,59.285990140943355],[18.118614223760847,59.28202073055644]]]},"properties":{"id":"fb-Stockholm-269","municipality":"Stockholm","type":"flerbostadshus","view":"current","height":445}},{"type":"Feature","geometry":{"type":"Polygon","coordinates":[[[18.133525146629154,59.3459083245417],[18.137494557016076,59.3459083245417],[18.137494557016076,59.343923619348246],[18.136171420220435,59.343923619348246],[18.136171420220435,59.34193891415479],[18.134848283424795,59.34193891415479],[18.134848283424795,59.343923619348246],[18.133525146629154,59.343923619348246],[18.133525146629154,59.3459083245417]]]},"properties":{"id":"fb-Stockholm-270","municipality":"Stockholm","type":"flerbostadshus","view":"current","height":412}},{"type":"Feature","geometry":{"type":"Polygon","coordinates":[[[17.92019497207206,59.396151070321935],[17.924164382458983,59.396151070321935],[17.924164382458983,59.40012048070885],[17.92019497207206,59.40012048070885],[17.92019497207206,59.396151070321935]]]},"properties":{"id":"fb-Stockholm-271","municipality":"Stockholm","type":"flerbostadshus","view":"current","height":378}},{"type":"Feature","geometry":{"type":"Polygon","coordinates":[[[17.920220605989417,59.361795757230844],[17.92419001637634,59.361795757230844],[17.92419001637634,59.3637804624243],[17.92220531118288,59.3637804624243],[17.92220531118288,59.36576516761776],[17.920220605989417,59.36576516761776],[17.920220605989417,59.361795757230844]]]},"properties":{"id":"fb-Stockholm-272","municipality":"Stockholm","type":"flerbostadshus","view":"current","height":344}},{"type":"Feature","geometry":{"type":"Polygon","coordinates":[[[17.86070508392551,59.38028321991567],[17.864674494312432,59.38028321991567],[17.864674494312432,59.37829851472221],[17.86335135751679,59.37829851472221],[17.86335135751679,59.37631380952875],[17.86202822072115,59.37631380952875],[17.86202822072115,59.37829851472221],[17.86070508392551,59.37829851472221],[17.86070508392551,59.38028321991567]]]},"properties":{"id":"fb-Stockholm-273","municipality":"Stockholm","type":"flerbostadshus","view":"current","height":478}},{"type":"Feature","geometry":{"type":"Polygon","coordinates":[[[18.10881886702542,59.32707320766414],[18.112788277412342,59.32707320766414],[18.112788277412342,59.33104261805106],[18.10881886702542,59.33104261805106],[18.10881886702542,59.32707320766414]]]},"properties":{"id":"fb-Stockholm-274","municipality":"Stockholm","type":"flerbostadshus","view":"current","height":444}},{"type":"Feature","geometry":{"type":"Polygon","coordinates":[[[18.059226870928818,59.25227952625627],[18.06319628131574,59.25227952625627],[18.06319628131574,59.254264231449724],[18.06121157612228,59.254264231449724],[18.06121157612228,59.25624893664318],[18.059226870928818,59.25624893664318],[18.059226870928818,59.25227952625627]]]},"properties":{"id":"fb-Stockholm-275","municipality":"Stockholm","type":"flerbostadshus","view":"current","height":410}},{"type":"Feature","geometry":{"type":"Polygon","coordinates":[[[18.064214267829822,59.29632006830691],[18.068183678216744,59.29632006830691],[18.068183678216744,59.294335363113454],[18.066860541421104,59.294335363113454],[18.066860541421104,59.29235065792],[18.065537404625463,59.29235065792],[18.065537404625463,59.294335363113454],[18.064214267829822,59.294335363113454],[18.064214267829822,59.29632006830691]]]},"properties":{"id":"fb-Stockholm-276","municipality":"Stockholm","type":"flerbostadshus","view":"current","height":377}},{"type":"Feature","geometry":{"type":"Polygon","coordinates":[[[17.949375088498204,59.326715762152524],[17.953344498885127,59.326715762152524],[17.953344498885127,59.33068517253944],[17.949375088498204,59.33068517253944],[17.949375088498204,59.326715762152524]]]},"properties":{"id":"fb-Stockholm-277","municipality":"Stockholm","type":"flerbostadshus","view":"current","height":343}},{"type":"Feature","geometry":{"type":"Polygon","coordinates":[[[18.083368322974138,59.356863367848945],[18.08733773336106,59.356863367848945],[18.08733773336106,59.3588480730424],[18.0853530281676,59.3588480730424],[18.0853530281676,59.36083277823586],[18.083368322974138,59.36083277823586],[18.083368322974138,59.356863367848945]]]},"properties":{"id":"fb-Stockholm-278","municipality":"Stockholm","type":"flerbostadshus","view":"current","height":476}},{"type":"Feature","geometry":{"type":"Polygon","coordinates":[[[17.894846963335304,59.35054201579294],[17.898816373722227,59.35054201579294],[17.898816373722227,59.34855731059948],[17.897493236926586,59.34855731059948],[17.897493236926586,59.346572605406024],[17.896170100130945,59.346572605406024],[17.896170100130945,59.34855731059948],[17.894846963335304,59.34855731059948],[17.894846963335304,59.35054201579294]]]},"properties":{"id":"fb-Stockholm-279","municipality":"Stockholm","type":"flerbostadshus","view":"current","height":443}},{"type":"Feature","geometry":{"type":"Polygon","coordinates":[[[18.142960746435215,59.25267613651108],[18.146930156822137,59.25267613651108],[18.146930156822137,59.25664554689799],[18.142960746435215,59.25664554689799],[18.142960746435215,59.25267613651108]]]},"properties":{"id":"fb-Stockholm-280","municipality":"Stockholm","type":"flerbostadshus","view":"current","height":409}},{"type":"Feature","geometry":{"type":"Polygon","coordinates":[[[18.04871288348575,59.26223242582533],[18.05268229387267,59.26223242582533],[18.05268229387267,59.26620183621225],[18.04871288348575,59.26620183621225],[18.04871288348575,59.26223242582533]]]},"properties":{"id":"fb-Stockholm-281","municipality":"Stockholm","type":"flerbostadshus","view":"current","height":375}},{"type":"Feature","geometry":{"type":"Polygon","coordinates":[[[17.979273835631986,59.34100530876155],[17.983243246018908,59.34100530876155],[17.983243246018908,59.339020603568095],[17.981920109223267,59.339020603568095],[17.981920109223267,59.33703589837464],[17.980596972427627,59.33703589837464],[17.980596972427627,59.339020603568095],[17.979273835631986,59.339020603568095],[17.979273835631986,59.34100530876155]]]},"properties":{"id":"fb-Stockholm-282","municipality":"Stockholm","type":"flerbostadshus","view":"current","height":342}},{"type":"Feature","geometry":{"type":"Polygon","coordinates":[[[17.880064209698872,59.36643923962351],[17.884033620085795,59.36643923962351],[17.884033620085795,59.370408650010425],[17.880064209698872,59.370408650010425],[17.880064209698872,59.36643923962351]]]},"properties":{"id":"fb-Stockholm-283","municipality":"Stockholm","type":"flerbostadshus","view":"current","height":475}},{"type":"Feature","geometry":{"type":"Polygon","coordinates":[[[17.89497513256718,59.411472134448346],[17.8989445429541,59.411472134448346],[17.8989445429541,59.41544154483526],[17.89497513256718,59.41544154483526],[17.89497513256718,59.411472134448346]]]},"properties":{"id":"fb-Stockholm-284","municipality":"Stockholm","type":"flerbostadshus","view":"current","height":441}},{"type":"Feature","geometry":{"type":"Polygon","coordinates":[[[18.113318337587735,59.3217931640895],[18.117287747974657,59.3217931640895],[18.117287747974657,59.32377786928296],[18.115303042781196,59.32377786928296],[18.115303042781196,59.325762574476414],[18.113318337587735,59.325762574476414],[18.113318337587735,59.3217931640895]]]},"properties":{"id":"fb-Stockholm-285","municipality":"Stockholm","type":"flerbostadshus","view":"current","height":408}},{"type":"Feature","geometry":{"type":"Polygon","coordinates":[[[17.914873452159046,59.28743785099841],[17.91884286254597,59.28743785099841],[17.91884286254597,59.291407261385324],[17.914873452159046,59.291407261385324],[17.914873452159046,59.28743785099841]]]},"properties":{"id":"fb-Stockholm-286","municipality":"Stockholm","type":"flerbostadshus","view":"current","height":374}},{"type":"Feature","geometry":{"type":"Polygon","coordinates":[[[17.95459318976816,59.31684119224728],[17.958562600155084,59.31684119224728],[17.958562600155084,59.3208106026342],[17.95459318976816,59.3208106026342],[17.95459318976816,59.31684119224728]]]},"properties":{"id":"fb-Stockholm-287","municipality":"Stockholm","type":"flerbostadshus","view":"current","height":340}},{"type":"Feature","geometry":{"type":"Polygon","coordinates":[[[18.053854083358537,59.34202703496005],[18.05782349374546,59.34202703496005],[18.05782349374546,59.344011740153505],[18.055838788552,59.344011740153505],[18.055838788552,59.34599644534696],[18.053854083358537,59.34599644534696],[18.053854083358537,59.34202703496005]]]},"properties":{"id":"fb-Stockholm-288","municipality":"Stockholm","type":"flerbostadshus","view":"current","height":474}},{"type":"Feature","geometry":{"type":"Polygon","coordinates":[[[18.093573820967656,59.35059097167756],[18.097543231354578,59.35059097167756],[18.097543231354578,59.348606266484104],[18.096220094558937,59.348606266484104],[18.096220094558937,59.34662156129065],[18.094896957763297,59.34662156129065],[18.094896957763297,59.348606266484104],[18.093573820967656,59.348606266484104],[18.093573820967656,59.35059097167756]]]},"properties":{"id":"fb-Stockholm-289","municipality":"Stockholm","type":"flerbostadshus","view":"current","height":440}},{"type":"Feature","geometry":{"type":"Polygon","coordinates":[[[18.128331795770567,59.34129256183138],[18.13230120615749,59.34129256183138],[18.13230120615749,59.345261972218296],[18.128331795770567,59.345261972218296],[18.128331795770567,59.34129256183138]]]},"properties":{"id":"fb-Stockholm-290","municipality":"Stockholm","type":"flerbostadshus","view":"current","height":406}},{"type":"Feature","geometry":{"type":"Polygon","coordinates":[[[17.93981043613173,59.321822537691254],[17.94377984651865,59.321822537691254],[17.94377984651865,59.32380724288471],[17.94179514132519,59.32380724288471],[17.94179514132519,59.32579194807817],[17.93981043613173,59.32579194807817],[17.93981043613173,59.321822537691254]]]},"properties":{"id":"fb-Stockholm-291","municipality":"Stockholm","type":"flerbostadshus","view":"current","height":373}},{"type":"Feature","geometry":{"type":"Polygon","coordinates":[[[17.96960664795099,59.28076884457222],[17.973576058337912,59.28076884457222],[17.973576058337912,59.278784139378764],[17.97225292154227,59.278784139378764],[17.97225292154227,59.27679943418531],[17.97092978474663,59.27679943418531],[17.97092978474663,59.278784139378764],[17.96960664795099,59.278784139378764],[17.96960664795099,59.28076884457222]]]},"properties":{"id":"fb-Stockholm-292","municipality":"Stockholm","type":"flerbostadshus","view":"current","height":339}},{"type":"Feature","geometry":{"type":"Polygon","coordinates":[[[17.92497641483804,59.36152643270193],[17.92894582522496,59.36152643270193],[17.92894582522496,59.365495843088844],[17.92497641483804,59.365495843088844],[17.92497641483804,59.36152643270193]]]},"properties":{"id":"fb-Stockholm-293","municipality":"Stockholm","type":"flerbostadshus","view":"current","height":472}},{"type":"Feature","geometry":{"type":"Polygon","coordinates":[[[17.850575604000625,59.361159196048874],[17.854545014387547,59.361159196048874],[17.854545014387547,59.36314390124233],[17.852560309194086,59.36314390124233],[17.852560309194086,59.36512860643579],[17.850575604000625,59.36512860643579],[17.850575604000625,59.361159196048874]]]},"properties":{"id":"fb-Stockholm-294","municipality":"Stockholm","type":"flerbostadshus","view":"current","height":439}},{"type":"Feature","geometry":{"type":"Polygon","coordinates":[[[17.870448289675135,59.36054387142407],[17.874417700062057,59.36054387142407],[17.874417700062057,59.35855916623061],[17.873094563266417,59.35855916623061],[17.873094563266417,59.356574461037155],[17.871771426470776,59.356574461037155],[17.871771426470776,59.35855916623061],[17.870448289675135,59.35855916623061],[17.870448289675135,59.36054387142407]]]},"properties":{"id":"fb-Stockholm-295","municipality":"Stockholm","type":"flerbostadshus","view":"current","height":405}},{"type":"Feature","geometry":{"type":"Polygon","coordinates":[[[17.99451799818377,59.3016278315639],[17.998487408570693,59.3016278315639],[17.998487408570693,59.305597241950814],[17.99451799818377,59.305597241950814],[17.99451799818377,59.3016278315639]]]},"properties":{"id":"fb-Stockholm-296","municipality":"Stockholm","type":"flerbostadshus","view":"current","height":371}},{"type":"Feature","geometry":{"type":"Polygon","coordinates":[[[17.979658342972723,59.32185191129301],[17.983627753359645,59.32185191129301],[17.983627753359645,59.32383661648647],[17.981643048166184,59.32383661648647],[17.981643048166184,59.325821321679925],[17.979658342972723,59.325821321679925],[17.979658342972723,59.32185191129301]]]},"properties":{"id":"fb-Stockholm-297","municipality":"Stockholm","type":"flerbostadshus","view":"current","height":338}},{"type":"Feature","geometry":{"type":"Polygon","coordinates":[[[18.0789192365631,59.25102764027204],[18.08288864695002,59.25102764027204],[18.08288864695002,59.249042935078585],[18.08156551015438,59.249042935078585],[18.08156551015438,59.24705822988513],[18.08024237335874,59.24705822988513],[18.08024237335874,59.249042935078585],[18.0789192365631,59.249042935078585],[18.0789192365631,59.25102764027204]]]},"properties":{"id":"fb-Stockholm-298","municipality":"Stockholm","type":"flerbostadshus","view":"current","height":471}},{"type":"Feature","geometry":{"type":"Polygon","coordinates":[[[18.009480188531892,59.25735878364693],[18.013449598918815,59.25735878364693],[18.013449598918815,59.261328194033844],[18.009480188531892,59.261328194033844],[18.009480188531892,59.25735878364693]]]},"properties":{"id":"fb-Stockholm-299","municipality":"Stockholm","type":"flerbostadshus","view":"current","height":437}},{"type":"Feature","geometry":{"type":"Polygon","coordinates":[[[18.128588134056873,59.26195331015498],[18.132557544443795,59.26195331015498],[18.132557544443795,59.26393801534844],[18.130572839250334,59.26393801534844],[18.130572839250334,59.265922720541894],[18.128588134056873,59.265922720541894],[18.128588134056873,59.26195331015498]]]},"properties":{"id":"fb-Stockholm-300","municipality":"Stockholm","type":"flerbostadshus","view":"current","height":404}},{"type":"Feature","geometry":{"type":"Polygon","coordinates":[[[18.069072611992965,59.29607032623831],[18.073042022379887,59.29607032623831],[18.073042022379887,59.29408562104485],[18.071718885584247,59.29408562104485],[18.071718885584247,59.29210091585139],[18.070395748788606,59.29210091585139],[18.070395748788606,59.29408562104485],[18.069072611992965,59.29408562104485],[18.069072611992965,59.29607032623831]]]},"properties":{"id":"fb-Stockholm-301","municipality":"Stockholm","type":"flerbostadshus","view":"current","height":370}},{"type":"Feature","geometry":{"type":"Polygon","coordinates":[[[18.15840997961604,59.237154286378136],[18.16237939000296,59.237154286378136],[18.16237939000296,59.24112369676505],[18.15840997961604,59.24112369676505],[18.15840997961604,59.237154286378136]]]},"properties":{"id":"fb-Stockholm-302","municipality":"Stockholm","type":"flerbostadshus","view":"current","height":336}},{"type":"Feature","geometry":{"type":"Polygon","coordinates":[[[18.004620960862763,59.33676657384572],[18.008590371249685,59.33676657384572],[18.008590371249685,59.33875127903918],[18.006605666056224,59.33875127903918],[18.006605666056224,59.34073598423264],[18.004620960862763,59.34073598423264],[18.004620960862763,59.33676657384572]]]},"properties":{"id":"fb-Stockholm-303","municipality":"Stockholm","type":"flerbostadshus","view":"current","height":470}},{"type":"Feature","geometry":{"type":"Polygon","coordinates":[[[18.10884361743679,59.26098053984111],[18.112813027823712,59.26098053984111],[18.112813027823712,59.25899583464765],[18.11148989102807,59.25899583464765],[18.11148989102807,59.25701112945419],[18.11016675423243,59.25701112945419],[18.11016675423243,59.25899583464765],[18.10884361743679,59.25899583464765],[18.10884361743679,59.26098053984111]]]},"properties":{"id":"fb-Stockholm-304","municipality":"Stockholm","type":"flerbostadshus","view":"current","height":436}},{"type":"Feature","geometry":{"type":"Polygon","coordinates":[[[18.019557517470975,59.28219697216696],[18.023526927857898,59.28219697216696],[18.023526927857898,59.28616638255387],[18.019557517470975,59.28616638255387],[18.019557517470975,59.28219697216696]]]},"properties":{"id":"fb-Stockholm-305","municipality":"Stockholm","type":"flerbostadshus","view":"current","height":402}},{"type":"Feature","geometry":{"type":"Polygon","coordinates":[[[17.944412442186014,59.33640912851155],[17.948381852572936,59.33640912851155],[17.948381852572936,59.338393833705005],[17.946397147379475,59.338393833705005],[17.946397147379475,59.34037853889846],[17.944412442186014,59.34037853889846],[17.944412442186014,59.33640912851155]]]},"properties":{"id":"fb-Stockholm-306","municipality":"Stockholm","type":"flerbostadshus","view":"current","height":369}},{"type":"Feature","geometry":{"type":"Polygon","coordinates":[[[18.10321449140276,59.246482070003516],[18.107183901789682,59.246482070003516],[18.107183901789682,59.24449736481006],[18.10586076499404,59.24449736481006],[18.10586076499404,59.2425126596166],[18.1045376281984,59.2425126596166],[18.1045376281984,59.24449736481006],[18.10321449140276,59.24449736481006],[18.10321449140276,59.246482070003516]]]},"properties":{"id":"fb-Stockholm-307","municipality":"Stockholm","type":"flerbostadshus","view":"current","height":335}},{"type":"Feature","geometry":{"type":"Polygon","coordinates":[[[18.013928391614392,59.29176305280009],[18.017897802001315,59.29176305280009],[18.017897802001315,59.29573246318701],[18.013928391614392,59.29573246318701],[18.013928391614392,59.29176305280009]]]},"properties":{"id":"fb-Stockholm-308","municipality":"Stockholm","type":"flerbostadshus","view":"current","height":468}},{"type":"Feature","geometry":{"type":"Polygon","coordinates":[[[17.909757002697624,59.292140080594585],[17.913726413084547,59.292140080594585],[17.913726413084547,59.29412478578804],[17.911741707891085,59.29412478578804],[17.911741707891085,59.2961094909815],[17.909757002697624,59.2961094909815],[17.909757002697624,59.292140080594585]]]},"properties":{"id":"fb-Stockholm-309","municipality":"Stockholm","type":"flerbostadshus","view":"current","height":435}},{"type":"Feature","geometry":{"type":"Polygon","coordinates":[[[18.133061970879282,59.27093343941017],[18.137031381266205,59.27093343941017],[18.137031381266205,59.268948734216714],[18.135708244470564,59.268948734216714],[18.135708244470564,59.266964029023256],[18.134385107674923,59.266964029023256],[18.134385107674923,59.268948734216714],[18.133061970879282,59.268948734216714],[18.133061970879282,59.27093343941017]]]},"properties":{"id":"fb-Stockholm-310","municipality":"Stockholm","type":"flerbostadshus","view":"current","height":401}},{"type":"Feature","geometry":{"type":"Polygon","coordinates":[[[18.063622922848072,59.2772645829625],[18.067592333234995,59.2772645829625],[18.067592333234995,59.28123399334942],[18.063622922848072,59.28123399334942],[18.063622922848072,59.2772645829625]]]},"properties":{"id":"fb-Stockholm-311","municipality":"Stockholm","type":"flerbostadshus","view":"current","height":367}},{"type":"Feature","geometry":{"type":"Polygon","coordinates":[[[18.192654394340355,59.242165005423864],[18.196623804727277,59.242165005423864],[18.196623804727277,59.24414971061732],[18.194639099533816,59.24414971061732],[18.194639099533816,59.24613441581078],[18.192654394340355,59.24613441581078],[18.192654394340355,59.242165005423864]]]},"properties":{"id":"fb-Stockholm-312","municipality":"Stockholm","type":"flerbostadshus","view":"current","height":501}},{"type":"Feature","geometry":{"type":"Polygon","coordinates":[[[18.019018323652475,59.335823177311056],[18.022987734039397,59.335823177311056],[18.022987734039397,59.3338384721176],[18.021664597243756,59.3338384721176],[18.021664597243756,59.33185376692414],[18.020341460448115,59.33185376692414],[18.020341460448115,59.3338384721176],[18.019018323652475,59.3338384721176],[18.019018323652475,59.335823177311056]]]},"properties":{"id":"fb-Stockholm-313","municipality":"Stockholm","type":"flerbostadshus","view":"current","height":467}},{"type":"Feature","geometry":{"type":"Polygon","coordinates":[[[18.019043957569828,59.326524767287424],[18.02301336795675,59.326524767287424],[18.02301336795675,59.33049417767434],[18.019043957569828,59.33049417767434],[18.019043957569828,59.326524767287424]]]},"properties":{"id":"fb-Stockholm-314","municipality":"Stockholm","type":"flerbostadshus","view":"current","height":433}},{"type":"Feature","geometry":{"type":"Polygon","coordinates":[[[18.04884016921164,59.32194003209826],[18.052809579598563,59.32194003209826],[18.052809579598563,59.32392473729172],[18.0508248744051,59.32392473729172],[18.0508248744051,59.32590944248518],[18.04884016921164,59.32590944248518],[18.04884016921164,59.32194003209826]]]},"properties":{"id":"fb-Stockholm-315","municipality":"Stockholm","type":"flerbostadshus","view":"current","height":399}},{"type":"Feature","geometry":{"type":"Polygon","coordinates":[[[18.12329224788376,59.285848102140335],[18.127261658270683,59.285848102140335],[18.127261658270683,59.28386339694688],[18.125938521475042,59.28386339694688],[18.125938521475042,59.28187869175342],[18.1246153846794,59.28187869175342],[18.1246153846794,59.28386339694688],[18.12329224788376,59.28386339694688],[18.12329224788376,59.285848102140335]]]},"properties":{"id":"fb-Stockholm-316","municipality":"Stockholm","type":"flerbostadshus","view":"current","height":366}},{"type":"Feature","geometry":{"type":"Polygon","coordinates":[[[18.11835611864002,59.24752337866232],[18.12232552902694,59.24752337866232],[18.12232552902694,59.25149278904924],[18.11835611864002,59.25149278904924],[18.11835611864002,59.24752337866232]]]},"properties":{"id":"fb-Stockholm-317","municipality":"Stockholm","type":"flerbostadshus","view":"current","height":499}},{"type":"Feature","geometry":{"type":"Polygon","coordinates":[[[17.914949470227675,59.296773771845814],[17.918918880614598,59.296773771845814],[17.918918880614598,59.29875847703927],[17.916934175421137,59.29875847703927],[17.916934175421137,59.30074318223273],[17.914949470227675,59.30074318223273],[17.914949470227675,59.296773771845814]]]},"properties":{"id":"fb-Stockholm-318","municipality":"Stockholm","type":"flerbostadshus","view":"current","height":465}},{"type":"Feature","geometry":{"type":"Polygon","coordinates":[[[18.009248600656953,59.27134963212529],[18.013218011043875,59.27134963212529],[18.013218011043875,59.269364926931836],[18.011894874248235,59.269364926931836],[18.011894874248235,59.26738022173838],[18.010571737452594,59.26738022173838],[18.010571737452594,59.269364926931836],[18.009248600656953,59.269364926931836],[18.009248600656953,59.27134963212529]]]},"properties":{"id":"fb-Stockholm-319","municipality":"Stockholm","type":"flerbostadshus","view":"current","height":432}},{"type":"Feature","geometry":{"type":"Polygon","coordinates":[[[18.029121286508914,59.34143942984014],[18.033090696895837,59.34143942984014],[18.033090696895837,59.34540884022706],[18.029121286508914,59.34540884022706],[18.029121286508914,59.34143942984014]]]},"properties":{"id":"fb-Stockholm-320","municipality":"Stockholm","type":"flerbostadshus","view":"current","height":398}},{"type":"Feature","geometry":{"type":"Polygon","coordinates":[[[17.94479694952675,59.39639585045484],[17.948766359913673,59.39639585045484],[17.948766359913673,59.398380555648295],[17.946781654720212,59.398380555648295],[17.946781654720212,59.40036526084175],[17.94479694952675,59.40036526084175],[17.94479694952675,59.39639585045484]]]},"properties":{"id":"fb-Stockholm-321","municipality":"Stockholm","type":"flerbostadshus","view":"current","height":364}},{"type":"Feature","geometry":{"type":"Polygon","coordinates":[[[17.96466963537871,59.33549510557863],[17.96863904576563,59.33549510557863],[17.96863904576563,59.33351040038517],[17.96731590896999,59.33351040038517],[17.96731590896999,59.331525695191715],[17.96599277217435,59.331525695191715],[17.96599277217435,59.33351040038517],[17.96466963537871,59.33351040038517],[17.96466963537871,59.33549510557863]]]},"properties":{"id":"fb-Stockholm-322","municipality":"Stockholm","type":"flerbostadshus","view":"current","height":498}},{"type":"Feature","geometry":{"type":"Polygon","coordinates":[[[18.113548158628152,59.307093908067934],[18.117517569015074,59.307093908067934],[18.117517569015074,59.31106331845485],[18.113548158628152,59.31106331845485],[18.113548158628152,59.307093908067934]]]},"properties":{"id":"fb-Stockholm-323","municipality":"Stockholm","type":"flerbostadshus","view":"current","height":464}},{"type":"Feature","geometry":{"type":"Polygon","coordinates":[[[18.113573792545505,59.26703256754564],[18.117543202932428,59.26703256754564],[18.117543202932428,59.2690172727391],[18.115558497738967,59.2690172727391],[18.115558497738967,59.271001977932556],[18.113573792545505,59.271001977932556],[18.113573792545505,59.26703256754564]]]},"properties":{"id":"fb-Stockholm-324","municipality":"Stockholm","type":"flerbostadshus","view":"current","height":430}},{"type":"Feature","geometry":{"type":"Polygon","coordinates":[[[17.989555351694133,59.28130253169436],[17.993524762081055,59.28130253169436],[17.993524762081055,59.2793178265009],[17.992201625285414,59.2793178265009],[17.992201625285414,59.27733312130744],[17.990878488489773,59.27733312130744],[17.990878488489773,59.2793178265009],[17.989555351694133,59.2793178265009],[17.989555351694133,59.28130253169436]]]},"properties":{"id":"fb-Stockholm-325","municipality":"Stockholm","type":"flerbostadshus","view":"current","height":397}},{"type":"Feature","geometry":{"type":"Polygon","coordinates":[[[18.13843387512102,59.242233543768805],[18.142403285507942,59.242233543768805],[18.142403285507942,59.24620295415572],[18.13843387512102,59.24620295415572],[18.13843387512102,59.242233543768805]]]},"properties":{"id":"fb-Stockholm-326","municipality":"Stockholm","type":"flerbostadshus","view":"current","height":363}},{"type":"Feature","geometry":{"type":"Polygon","coordinates":[[[18.044186012171558,59.34680759439749],[18.04815542255848,59.34680759439749],[18.04815542255848,59.350777004784405],[18.044186012171558,59.350777004784405],[18.044186012171558,59.34680759439749]]]},"properties":{"id":"fb-Stockholm-327","municipality":"Stockholm","type":"flerbostadshus","view":"current","height":496}},{"type":"Feature","geometry":{"type":"Polygon","coordinates":[[[18.07894398697447,59.26605979740922],[18.08291339736139,59.26605979740922],[18.08291339736139,59.26407509221576],[18.08159026056575,59.26407509221576],[18.08159026056575,59.262090387022305],[18.08026712377011,59.262090387022305],[18.08026712377011,59.26407509221576],[18.07894398697447,59.26407509221576],[18.07894398697447,59.26605979740922]]]},"properties":{"id":"fb-Stockholm-328","municipality":"Stockholm","type":"flerbostadshus","view":"current","height":463}},{"type":"Feature","geometry":{"type":"Polygon","coordinates":[[[17.900346153302934,59.41628206731009],[17.904315563689856,59.41628206731009],[17.904315563689856,59.42025147769701],[17.900346153302934,59.42025147769701],[17.900346153302934,59.41628206731009]]]},"properties":{"id":"fb-Stockholm-329","municipality":"Stockholm","type":"flerbostadshus","view":"current","height":429}},{"type":"Feature","geometry":{"type":"Polygon","coordinates":[[[18.059148202697124,59.361335437836836],[18.063117613084046,59.361335437836836],[18.063117613084046,59.36530484822375],[18.059148202697124,59.36530484822375],[18.059148202697124,59.361335437836836]]]},"properties":{"id":"fb-Stockholm-330","municipality":"Stockholm","type":"flerbostadshus","view":"current","height":395}},{"type":"Feature","geometry":{"type":"Polygon","coordinates":[[[18.064135599420684,59.24759191700726],[18.068105009807606,59.24759191700726],[18.068105009807606,59.24957662220072],[18.066120304614145,59.24957662220072],[18.066120304614145,59.25156132739418],[18.064135599420684,59.25156132739418],[18.064135599420684,59.24759191700726]]]},"properties":{"id":"fb-Stockholm-331","municipality":"Stockholm","type":"flerbostadshus","view":"current","height":362}},{"type":"Feature","geometry":{"type":"Polygon","coordinates":[[[18.103855337207246,59.31172759931917],[18.10782474759417,59.31172759931917],[18.10782474759417,59.315697009706085],[18.103855337207246,59.315697009706085],[18.103855337207246,59.31172759931917]]]},"properties":{"id":"fb-Stockholm-332","municipality":"Stockholm","type":"flerbostadshus","view":"current","height":495}},{"type":"Feature","geometry":{"type":"Polygon","coordinates":[[[17.974875133372226,59.30714286413001],[17.97884454375915,59.30714286413001],[17.97884454375915,59.31111227451692],[17.974875133372226,59.31111227451692],[17.974875133372226,59.30714286413001]]]},"properties":{"id":"fb-Stockholm-333","municipality":"Stockholm","type":"flerbostadshus","view":"current","height":461}},{"type":"Feature","geometry":{"type":"Polygon","coordinates":[[[17.915359611485766,59.34150796836253],[17.919329021872688,59.34150796836253],[17.919329021872688,59.343492673555986],[17.917344316679227,59.343492673555986],[17.917344316679227,59.34547737874944],[17.915359611485766,59.34547737874944],[17.915359611485766,59.34150796836253]]]},"properties":{"id":"fb-Stockholm-334","municipality":"Stockholm","type":"flerbostadshus","view":"current","height":428}},{"type":"Feature","geometry":{"type":"Polygon","coordinates":[[[18.103187974156867,59.29623677670739],[18.10715738454379,59.29623677670739],[18.10715738454379,59.29425207151393],[18.10583424774815,59.29425207151393],[18.10583424774815,59.29226736632047],[18.104511110952508,59.29226736632047],[18.104511110952508,59.29425207151393],[18.103187974156867,59.29425207151393],[18.103187974156867,59.29623677670739]]]},"properties":{"id":"fb-Stockholm-335","municipality":"Stockholm","type":"flerbostadshus","view":"current","height":394}},{"type":"Feature","geometry":{"type":"Polygon","coordinates":[[[17.96924600751564,59.30678541861838],[17.973215417902562,59.30678541861838],[17.973215417902562,59.3107548290053],[17.96924600751564,59.3107548290053],[17.96924600751564,59.30678541861838]]]},"properties":{"id":"fb-Stockholm-336","municipality":"Stockholm","type":"flerbostadshus","view":"current","height":360}},{"type":"Feature","geometry":{"type":"Polygon","coordinates":[[[17.87995990754983,59.36174183941052],[17.88392931793675,59.36174183941052],[17.88392931793675,59.36372654460398],[17.88194461274329,59.36372654460398],[17.88194461274329,59.365711249797435],[17.87995990754983,59.365711249797435],[17.87995990754983,59.36174183941052]]]},"properties":{"id":"fb-Stockholm-337","municipality":"Stockholm","type":"flerbostadshus","view":"current","height":494}},{"type":"Feature","geometry":{"type":"Polygon","coordinates":[[[17.86510025251623,59.360382250160725],[17.86906966290315,59.360382250160725],[17.86906966290315,59.35839754496727],[17.86774652610751,59.35839754496727],[17.86774652610751,59.35641283977381],[17.86642338931187,59.35641283977381],[17.86642338931187,59.35839754496727],[17.86510025251623,59.35839754496727],[17.86510025251623,59.360382250160725]]]},"properties":{"id":"fb-Stockholm-338","municipality":"Stockholm","type":"flerbostadshus","view":"current","height":460}},{"type":"Feature","geometry":{"type":"Polygon","coordinates":[[[17.959399382945506,59.29228694878079],[17.963368793332428,59.29228694878079],[17.963368793332428,59.29625635916771],[17.959399382945506,59.29625635916771],[17.959399382945506,59.29228694878079]]]},"properties":{"id":"fb-Stockholm-339","municipality":"Stockholm","type":"flerbostadshus","view":"current","height":426}},{"type":"Feature","geometry":{"type":"Polygon","coordinates":[[[18.01400440968302,59.32665205301332],[18.017973820069944,59.32665205301332],[18.017973820069944,59.32863675820678],[18.015989114876483,59.32863675820678],[18.015989114876483,59.330621463400234],[18.01400440968302,59.330621463400234],[18.01400440968302,59.32665205301332]]]},"properties":{"id":"fb-Stockholm-340","municipality":"Stockholm","type":"flerbostadshus","view":"current","height":393}},{"type":"Feature","geometry":{"type":"Polygon","coordinates":[[[17.96937417657007,59.33099849119473],[17.973343586956993,59.33099849119473],[17.973343586956993,59.32901378600127],[17.972020450161352,59.32901378600127],[17.972020450161352,59.32702908080781],[17.97069731336571,59.32702908080781],[17.97069731336571,59.32901378600127],[17.96937417657007,59.32901378600127],[17.96937417657007,59.33099849119473]]]},"properties":{"id":"fb-Stockholm-341","municipality":"Stockholm","type":"flerbostadshus","view":"current","height":359}},{"type":"Feature","geometry":{"type":"Polygon","coordinates":[[[17.924743943634564,59.37131771100765],[17.928713354021486,59.37131771100765],[17.928713354021486,59.375287121394564],[17.924743943634564,59.375287121394564],[17.924743943634564,59.37131771100765]]]},"properties":{"id":"fb-Stockholm-342","municipality":"Stockholm","type":"flerbostadshus","view":"current","height":492}},{"type":"Feature","geometry":{"type":"Polygon","coordinates":[[[17.92973134035812,59.381618264946894],[17.933700750745043,59.381618264946894],[17.933700750745043,59.38360297014035],[17.931716045551582,59.38360297014035],[17.931716045551582,59.38558767533381],[17.92973134035812,59.38558767533381],[17.92973134035812,59.381618264946894]]]},"properties":{"id":"fb-Stockholm-343","municipality":"Stockholm","type":"flerbostadshus","view":"current","height":459}},{"type":"Feature","geometry":{"type":"Polygon","coordinates":[[[17.959527552177384,59.35048809779517],[17.963496962564307,59.35048809779517],[17.963496962564307,59.348503392601714],[17.962173825768666,59.348503392601714],[17.962173825768666,59.346518687408256],[17.960850688973025,59.346518687408256],[17.960850688973025,59.348503392601714],[17.959527552177384,59.348503392601714],[17.959527552177384,59.35048809779517]]]},"properties":{"id":"fb-Stockholm-344","municipality":"Stockholm","type":"flerbostadshus","view":"current","height":425}},{"type":"Feature","geometry":{"type":"Polygon","coordinates":[[[17.96451494890094,59.29231632238255],[17.968484359287864,59.29231632238255],[17.968484359287864,59.29628573276946],[17.96451494890094,59.29628573276946],[17.96451494890094,59.29231632238255]]]},"properties":{"id":"fb-Stockholm-345","municipality":"Stockholm","type":"flerbostadshus","view":"current","height":391}},{"type":"Feature","geometry":{"type":"Polygon","coordinates":[[[18.083622894425922,59.28202555976218],[18.087592304812844,59.28202555976218],[18.087592304812844,59.28401026495564],[18.085607599619383,59.28401026495564],[18.085607599619383,59.2859949701491],[18.083622894425922,59.2859949701491],[18.083622894425922,59.28202555976218]]]},"properties":{"id":"fb-Stockholm-346","municipality":"Stockholm","type":"flerbostadshus","view":"current","height":358}},{"type":"Feature","geometry":{"type":"Polygon","coordinates":[[[17.825636853015972,59.38560725761668],[17.829606263402894,59.38560725761668],[17.829606263402894,59.38362255242322],[17.828283126607253,59.38362255242322],[17.828283126607253,59.38163784722976],[17.826959989811613,59.38163784722976],[17.826959989811613,59.38362255242322],[17.825636853015972,59.38362255242322],[17.825636853015972,59.38560725761668]]]},"properties":{"id":"fb-Stockholm-347","municipality":"Stockholm","type":"flerbostadshus","view":"current","height":491}},{"type":"Feature","geometry":{"type":"Polygon","coordinates":[[[17.865356590802534,59.35150003285223],[17.869326001189457,59.35150003285223],[17.869326001189457,59.355469443239144],[17.865356590802534,59.355469443239144],[17.865356590802534,59.35150003285223]]]},"properties":{"id":"fb-Stockholm-348","municipality":"Stockholm","type":"flerbostadshus","view":"current","height":457}},{"type":"Feature","geometry":{"type":"Polygon","coordinates":[[[17.939808669297207,59.30722119379383],[17.94377807968413,59.30722119379383],[17.94377807968413,59.30920589898729],[17.94179337449067,59.30920589898729],[17.94179337449067,59.311190604180744],[17.939808669297207,59.311190604180744],[17.939808669297207,59.30722119379383]]]},"properties":{"id":"fb-Stockholm-349","municipality":"Stockholm","type":"flerbostadshus","view":"current","height":424}},{"type":"Feature","geometry":{"type":"Polygon","coordinates":[[[18.088687192724095,59.335632182445956],[18.092656603111017,59.335632182445956],[18.092656603111017,59.3336474772525],[18.091333466315376,59.3336474772525],[18.091333466315376,59.33166277205904],[18.090010329519735,59.33166277205904],[18.090010329519735,59.3336474772525],[18.088687192724095,59.3336474772525],[18.088687192724095,59.335632182445956]]]},"properties":{"id":"fb-Stockholm-350","municipality":"Stockholm","type":"flerbostadshus","view":"current","height":390}},{"type":"Feature","geometry":{"type":"Polygon","coordinates":[[[18.103598115414957,59.33700156283719],[18.10756752580188,59.33700156283719],[18.10756752580188,59.3409709732241],[18.103598115414957,59.3409709732241],[18.103598115414957,59.33700156283719]]]},"properties":{"id":"fb-Stockholm-351","municipality":"Stockholm","type":"flerbostadshus","view":"current","height":356}},{"type":"Feature","geometry":{"type":"Polygon","coordinates":[[[17.939885570871823,59.287016696347585],[17.943854981258745,59.287016696347585],[17.943854981258745,59.28900140154104],[17.941870276065284,59.28900140154104],[17.941870276065284,59.2909861067345],[17.939885570871823,59.2909861067345],[17.939885570871823,59.287016696347585]]]},"properties":{"id":"fb-Stockholm-352","municipality":"Stockholm","type":"flerbostadshus","view":"current","height":490}},{"type":"Feature","geometry":{"type":"Polygon","coordinates":[[[17.98952883444824,59.32609547559202],[17.993498244835163,59.32609547559202],[17.993498244835163,59.32411077039856],[17.992175108039522,59.32411077039856],[17.992175108039522,59.322126065205104],[17.99085197124388,59.322126065205104],[17.99085197124388,59.32411077039856],[17.98952883444824,59.32411077039856],[17.98952883444824,59.32609547559202]]]},"properties":{"id":"fb-Stockholm-353","municipality":"Stockholm","type":"flerbostadshus","view":"current","height":456}},{"type":"Feature","geometry":{"type":"Polygon","coordinates":[[[17.9994779943329,59.33168235451936],[18.00344740471982,59.33168235451936],[18.00344740471982,59.335651764906274],[17.9994779943329,59.335651764906274],[17.9994779943329,59.33168235451936]]]},"properties":{"id":"fb-Stockholm-354","municipality":"Stockholm","type":"flerbostadshus","view":"current","height":422}},{"type":"Feature","geometry":{"type":"Polygon","coordinates":[[[18.01935068000741,59.252671174575376],[18.023320090394332,59.252671174575376],[18.023320090394332,59.25465587976883],[18.02133538520087,59.25465587976883],[18.02133538520087,59.25664058496229],[18.01935068000741,59.25664058496229],[18.01935068000741,59.252671174575376]]]},"properties":{"id":"fb-Stockholm-355","municipality":"Stockholm","type":"flerbostadshus","view":"current","height":389}},{"type":"Feature","geometry":{"type":"Polygon","coordinates":[[[18.00449102497381,59.266196874276545],[18.008460435360732,59.266196874276545],[18.008460435360732,59.26421216908309],[18.00713729856509,59.26421216908309],[18.00713729856509,59.26222746388963],[18.00581416176945,59.26222746388963],[18.00581416176945,59.26421216908309],[18.00449102497381,59.26421216908309],[18.00449102497381,59.266196874276545]]]},"properties":{"id":"fb-Stockholm-356","municipality":"Stockholm","type":"flerbostadshus","view":"current","height":355}},{"type":"Feature","geometry":{"type":"Polygon","coordinates":[[[17.989631369762765,59.31222212152067],[17.993600780149688,59.31222212152067],[17.993600780149688,59.316191531907585],[17.989631369762765,59.316191531907585],[17.989631369762765,59.31222212152067]]]},"properties":{"id":"fb-Stockholm-357","municipality":"Stockholm","type":"flerbostadshus","view":"current","height":488}},{"type":"Feature","geometry":{"type":"Polygon","coordinates":[[[18.093854026336793,59.32674017381858],[18.097823436723715,59.32674017381858],[18.097823436723715,59.328724879012036],[18.095838731530254,59.328724879012036],[18.095838731530254,59.33070958420549],[18.093854026336793,59.33070958420549],[18.093854026336793,59.32674017381858]]]},"properties":{"id":"fb-Stockholm-358","municipality":"Stockholm","type":"flerbostadshus","view":"current","height":455}},{"type":"Feature","geometry":{"type":"Polygon","coordinates":[[[17.92021795564891,59.3558954270957],[17.92418736603583,59.3558954270957],[17.92418736603583,59.353910721902245],[17.92286422924019,59.353910721902245],[17.92286422924019,59.35192601670879],[17.92154109244455,59.35192601670879],[17.92154109244455,59.353910721902245],[17.92021795564891,59.353910721902245],[17.92021795564891,59.3558954270957]]]},"properties":{"id":"fb-Stockholm-359","municipality":"Stockholm","type":"flerbostadshus","view":"current","height":421}},{"type":"Feature","geometry":{"type":"Polygon","coordinates":[[[18.108790582945005,59.292017624251876],[18.112759993331927,59.292017624251876],[18.112759993331927,59.29598703463879],[18.108790582945005,59.29598703463879],[18.108790582945005,59.292017624251876]]]},"properties":{"id":"fb-Stockholm-360","municipality":"Stockholm","type":"flerbostadshus","view":"current","height":387}},{"type":"Feature","geometry":{"type":"Polygon","coordinates":[[[18.118739742652217,59.26262407414444],[18.12270915303914,59.26262407414444],[18.12270915303914,59.2646087793379],[18.120724447845678,59.2646087793379],[18.120724447845678,59.266593484531356],[18.118739742652217,59.266593484531356],[18.118739742652217,59.26262407414444]]]},"properties":{"id":"fb-Stockholm-361","municipality":"Stockholm","type":"flerbostadshus","view":"current","height":354}},{"type":"Feature","geometry":{"type":"Polygon","coordinates":[[[18.059224220765756,59.27614977384561],[18.06319363115268,59.27614977384561],[18.06319363115268,59.27416506865215],[18.061870494357038,59.27416506865215],[18.061870494357038,59.272180363458695],[18.060547357561397,59.272180363458695],[18.060547357561397,59.27416506865215],[18.059224220765756,59.27416506865215],[18.059224220765756,59.27614977384561]]]},"properties":{"id":"fb-Stockholm-362","municipality":"Stockholm","type":"flerbostadshus","view":"current","height":487}},{"type":"Feature","geometry":{"type":"Polygon","coordinates":[[[18.103905721358522,59.35690736197531],[18.107875131745445,59.35690736197531],[18.107875131745445,59.360876772362225],[18.103905721358522,59.360876772362225],[18.103905721358522,59.35690736197531]]]},"properties":{"id":"fb-Stockholm-363","municipality":"Stockholm","type":"flerbostadshus","view":"current","height":453}},{"type":"Feature","geometry":{"type":"Polygon","coordinates":[[[18.078378275910072,59.292037206712195],[18.082347686296995,59.292037206712195],[18.082347686296995,59.29402191190565],[18.080362981103534,59.29402191190565],[18.080362981103534,59.29600661709911],[18.078378275910072,59.29600661709911],[18.078378275910072,59.292037206712195]]]},"properties":{"id":"fb-Stockholm-364","municipality":"Stockholm","type":"flerbostadshus","view":"current","height":420}},{"type":"Feature","geometry":{"type":"Polygon","coordinates":[[[17.795583419581867,59.37081008964842],[17.79955282996879,59.37081008964842],[17.79955282996879,59.368825384454965],[17.79822969317315,59.368825384454965],[17.79822969317315,59.36684067926151],[17.796906556377508,59.36684067926151],[17.796906556377508,59.368825384454965],[17.795583419581867,59.368825384454965],[17.795583419581867,59.37081008964842]]]},"properties":{"id":"fb-Stockholm-365","municipality":"Stockholm","type":"flerbostadshus","view":"current","height":386}},{"type":"Feature","geometry":{"type":"Polygon","coordinates":[[[17.87499726106019,59.366473442608445],[17.878966671447113,59.366473442608445],[17.878966671447113,59.37044285299536],[17.87499726106019,59.37044285299536],[17.87499726106019,59.366473442608445]]]},"properties":{"id":"fb-Stockholm-366","municipality":"Stockholm","type":"flerbostadshus","view":"current","height":352}},{"type":"Feature","geometry":{"type":"Polygon","coordinates":[[[17.974258154650567,59.33137386506981],[17.97822756503749,59.33137386506981],[17.97822756503749,59.333358570263265],[17.976242859844028,59.333358570263265],[17.976242859844028,59.33534327545672],[17.974258154650567,59.33534327545672],[17.974258154650567,59.33137386506981]]]},"properties":{"id":"fb-Stockholm-367","municipality":"Stockholm","type":"flerbostadshus","view":"current","height":486}},{"type":"Feature","geometry":{"type":"Polygon","coordinates":[[[18.16779254475287,59.23648504357812],[18.171761955139793,59.23648504357812],[18.171761955139793,59.23450033838466],[18.170438818344152,59.23450033838466],[18.170438818344152,59.232515633191205],[18.16911568154851,59.232515633191205],[18.16911568154851,59.23450033838466],[18.16779254475287,59.23450033838466],[18.16779254475287,59.23648504357812]]]},"properties":{"id":"fb-Stockholm-368","municipality":"Stockholm","type":"flerbostadshus","view":"current","height":452}},{"type":"Feature","geometry":{"type":"Polygon","coordinates":[[[18.14797112673562,59.24703368566656],[18.15194053712254,59.24703368566656],[18.15194053712254,59.25100309605347],[18.14797112673562,59.25100309605347],[18.14797112673562,59.24703368566656]]]},"properties":{"id":"fb-Stockholm-369","municipality":"Stockholm","type":"flerbostadshus","view":"current","height":418}},{"type":"Feature","geometry":{"type":"Polygon","coordinates":[[[18.053723263786154,59.30199010628125],[18.057692674173076,59.30199010628125],[18.057692674173076,59.30397481147471],[18.055707968979615,59.30397481147471],[18.055707968979615,59.30595951666817],[18.053723263786154,59.30595951666817],[18.053723263786154,59.30199010628125]]]},"properties":{"id":"fb-Stockholm-370","municipality":"Stockholm","type":"flerbostadshus","view":"current","height":385}},{"type":"Feature","geometry":{"type":"Polygon","coordinates":[[[18.148022394392882,59.27085993912953],[18.151991804779804,59.27085993912953],[18.151991804779804,59.26887523393607],[18.150668667984164,59.26887523393607],[18.150668667984164,59.266890528742614],[18.149345531188523,59.266890528742614],[18.149345531188523,59.26887523393607],[18.148022394392882,59.26887523393607],[18.148022394392882,59.27085993912953]]]},"properties":{"id":"fb-Stockholm-371","municipality":"Stockholm","type":"flerbostadshus","view":"current","height":351}},{"type":"Feature","geometry":{"type":"Polygon","coordinates":[[[18.15300979111644,59.33177047532462],[18.15697920150336,59.33177047532462],[18.15697920150336,59.33573988571153],[18.15300979111644,59.33573988571153],[18.15300979111644,59.33177047532462]]]},"properties":{"id":"fb-Stockholm-372","municipality":"Stockholm","type":"flerbostadshus","view":"current","height":484}},{"type":"Feature","geometry":{"type":"Polygon","coordinates":[[[18.172882476968397,59.23712974198212],[18.17685188735532,59.23712974198212],[18.17685188735532,59.24109915236904],[18.172882476968397,59.24109915236904],[18.172882476968397,59.23712974198212]]]},"properties":{"id":"fb-Stockholm-373","municipality":"Stockholm","type":"flerbostadshus","view":"current","height":451}},{"type":"Feature","geometry":{"type":"Polygon","coordinates":[[[18.068711088051632,59.256361469114495],[18.072680498438555,59.256361469114495],[18.072680498438555,59.25437676392104],[18.071357361642914,59.25437676392104],[18.071357361642914,59.25239205872758],[18.070034224847273,59.25239205872758],[18.070034224847273,59.25437676392104],[18.068711088051632,59.25437676392104],[18.068711088051632,59.256361469114495]]]},"properties":{"id":"fb-Stockholm-374","municipality":"Stockholm","type":"flerbostadshus","view":"current","height":417}},{"type":"Feature","geometry":{"type":"Polygon","coordinates":[[[18.073698484952637,59.26194834821928],[18.07766789533956,59.26194834821928],[18.07766789533956,59.26591775860619],[18.073698484952637,59.26591775860619],[18.073698484952637,59.26194834821928]]]},"properties":{"id":"fb-Stockholm-375","municipality":"Stockholm","type":"flerbostadshus","view":"current","height":383}},{"type":"Feature","geometry":{"type":"Polygon","coordinates":[[[17.900062414264752,59.341713583752245],[17.904031824651675,59.341713583752245],[17.904031824651675,59.34568299413916],[17.900062414264752,59.34568299413916],[17.900062414264752,59.341713583752245]]]},"properties":{"id":"fb-Stockholm-376","municipality":"Stockholm","type":"flerbostadshus","view":"current","height":350}},{"type":"Feature","geometry":{"type":"Polygon","coordinates":[[[17.949705678018617,59.281805191295334],[17.95367508840554,59.281805191295334],[17.95367508840554,59.28378989648879],[17.951690383212078,59.28378989648879],[17.951690383212078,59.28577460168225],[17.949705678018617,59.28577460168225],[17.949705678018617,59.281805191295334]]]},"properties":{"id":"fb-Stockholm-377","municipality":"Stockholm","type":"flerbostadshus","view":"current","height":483}},{"type":"Feature","geometry":{"type":"Polygon","coordinates":[[[18.09362243828441,59.34172337489368],[18.097591848671332,59.34172337489368],[18.097591848671332,59.3456927852806],[18.09362243828441,59.3456927852806],[18.09362243828441,59.34172337489368]]]},"properties":{"id":"fb-Stockholm-378","municipality":"Stockholm","type":"flerbostadshus","view":"current","height":449}},{"type":"Feature","geometry":{"type":"Polygon","coordinates":[[[17.790980530199043,59.38601200509351],[17.794949940585965,59.38601200509351],[17.794949940585965,59.38998141548043],[17.790980530199043,59.38998141548043],[17.790980530199043,59.38601200509351]]]},"properties":{"id":"fb-Stockholm-379","municipality":"Stockholm","type":"flerbostadshus","view":"current","height":416}},{"type":"Feature","geometry":{"type":"Polygon","coordinates":[[[17.989476683284995,59.26730672145774],[17.993446093671917,59.26730672145774],[17.993446093671917,59.2692914266512],[17.991461388478456,59.2692914266512],[17.991461388478456,59.27127613184466],[17.989476683284995,59.27127613184466],[17.989476683284995,59.26730672145774]]]},"properties":{"id":"fb-Stockholm-380","municipality":"Stockholm","type":"flerbostadshus","view":"current","height":382}},{"type":"Feature","geometry":{"type":"Polygon","coordinates":[[[18.093699339859025,59.36617474447778],[18.097668750245948,59.36617474447778],[18.097668750245948,59.3701441548647],[18.093699339859025,59.3701441548647],[18.093699339859025,59.36617474447778]]]},"properties":{"id":"fb-Stockholm-381","municipality":"Stockholm","type":"flerbostadshus","view":"current","height":348}},{"type":"Feature","geometry":{"type":"Polygon","coordinates":[[[18.078839684647978,59.28220180155014],[18.0828090950349,59.28220180155014],[18.0828090950349,59.28617121193705],[18.078839684647978,59.28617121193705],[18.078839684647978,59.28220180155014]]]},"properties":{"id":"fb-Stockholm-382","municipality":"Stockholm","type":"flerbostadshus","view":"current","height":481}},{"type":"Feature","geometry":{"type":"Polygon","coordinates":[[[17.98459182187596,59.33641395771728],[17.98856123226288,59.33641395771728],[17.98856123226288,59.33839866291074],[17.98657652706942,59.33839866291074],[17.98657652706942,59.3403833681042],[17.98459182187596,59.3403833681042],[17.98459182187596,59.33641395771728]]]},"properties":{"id":"fb-Stockholm-383","municipality":"Stockholm","type":"flerbostadshus","view":"current","height":448}},{"type":"Feature","geometry":{"type":"Polygon","coordinates":[[[18.02927332246873,59.291142766062144],[18.03324273285565,59.291142766062144],[18.03324273285565,59.28915806086869],[18.03191959606001,59.28915806086869],[18.03191959606001,59.28717335567523],[18.03059645926437,59.28717335567523],[18.03059645926437,59.28915806086869],[18.02927332246873,59.28915806086869],[18.02927332246873,59.291142766062144]]]},"properties":{"id":"fb-Stockholm-384","municipality":"Stockholm","type":"flerbostadshus","view":"current","height":414}},{"type":"Feature","geometry":{"type":"Polygon","coordinates":[[[17.959834274614966,59.326500223068855],[17.96380368500189,59.326500223068855],[17.96380368500189,59.33046963345577],[17.959834274614966,59.33046963345577],[17.959834274614966,59.326500223068855]]]},"properties":{"id":"fb-Stockholm-385","municipality":"Stockholm","type":"flerbostadshus","view":"current","height":380}},{"type":"Feature","geometry":{"type":"Polygon","coordinates":[[[17.95489814537122,59.33680077683066],[17.958867555758143,59.33680077683066],[17.958867555758143,59.338785482024115],[17.956882850564682,59.338785482024115],[17.956882850564682,59.34077018721757],[17.95489814537122,59.34077018721757],[17.95489814537122,59.33680077683066]]]},"properties":{"id":"fb-Stockholm-386","municipality":"Stockholm","type":"flerbostadshus","view":"current","height":347}},{"type":"Feature","geometry":{"type":"Polygon","coordinates":[[[17.905306149452063,59.33544118758086],[17.909275559838985,59.33544118758086],[17.909275559838985,59.333456482387405],[17.907952423043344,59.333456482387405],[17.907952423043344,59.33147177719395],[17.906629286247703,59.33147177719395],[17.906629286247703,59.333456482387405],[17.905306149452063,59.333456482387405],[17.905306149452063,59.33544118758086]]]},"properties":{"id":"fb-Stockholm-387","municipality":"Stockholm","type":"flerbostadshus","view":"current","height":480}},{"type":"Feature","geometry":{"type":"Polygon","coordinates":[[[18.19311403624374,59.24749883426631],[18.19708344663066,59.24749883426631],[18.19708344663066,59.251468244653225],[18.19311403624374,59.251468244653225],[18.19311403624374,59.24749883426631]]]},"properties":{"id":"fb-Stockholm-388","municipality":"Stockholm","type":"flerbostadshus","view":"current","height":446}},{"type":"Feature","geometry":{"type":"Polygon","coordinates":[[[17.910319180092976,59.331481568335384],[17.9142885904799,59.331481568335384],[17.9142885904799,59.33346627352884],[17.912303885286438,59.33346627352884],[17.912303885286438,59.3354509787223],[17.910319180092976,59.3354509787223],[17.910319180092976,59.331481568335384]]]},"properties":{"id":"fb-Stockholm-389","municipality":"Stockholm","type":"flerbostadshus","view":"current","height":413}},{"type":"Feature","geometry":{"type":"Polygon","coordinates":[[[18.11377709616258,59.350713295467756],[18.1177465065495,59.350713295467756],[18.1177465065495,59.3487285902743],[18.11642336975386,59.3487285902743],[18.11642336975386,59.34674388508084],[18.11510023295822,59.34674388508084],[18.11510023295822,59.3487285902743],[18.11377709616258,59.3487285902743],[18.11377709616258,59.350713295467756]]]},"properties":{"id":"fb-Stockholm-390","municipality":"Stockholm","type":"flerbostadshus","view":"current","height":379}},{"type":"Feature","geometry":{"type":"Polygon","coordinates":[[[17.964949840570398,59.30668254473599],[17.96891925095732,59.30668254473599],[17.96891925095732,59.31065195512291],[17.964949840570398,59.31065195512291],[17.964949840570398,59.30668254473599]]]},"properties":{"id":"fb-Stockholm-391","municipality":"Stockholm","type":"flerbostadshus","view":"current","height":345}},{"type":"Feature","geometry":{"type":"Polygon","coordinates":[[[18.06421073398333,59.24255665374297],[18.068180144370253,59.24255665374297],[18.068180144370253,59.24454135893643],[18.06619543917679,59.24454135893643],[18.06619543917679,59.24652606412989],[18.06421073398333,59.24652606412989],[18.06421073398333,59.24255665374297]]]},"properties":{"id":"fb-Stockholm-392","municipality":"Stockholm","type":"flerbostadshus","view":"current","height":479}},{"type":"Feature","geometry":{"type":"Polygon","coordinates":[[[18.12303325925695,59.25608235344414],[18.127002669643872,59.25608235344414],[18.127002669643872,59.254097648250685],[18.12567953284823,59.254097648250685],[18.12567953284823,59.25211294305723],[18.12435639605259,59.25211294305723],[18.12435639605259,59.254097648250685],[18.12303325925695,59.254097648250685],[18.12303325925695,59.25608235344414]]]},"properties":{"id":"fb-Stockholm-393","municipality":"Stockholm","type":"flerbostadshus","view":"current","height":445}},{"type":"Feature","geometry":{"type":"Polygon","coordinates":[[[18.068479500176693,59.33683994157385],[18.072448910563615,59.33683994157385],[18.072448910563615,59.340809351960765],[18.068479500176693,59.340809351960765],[18.068479500176693,59.33683994157385]]]},"properties":{"id":"fb-Stockholm-394","municipality":"Stockholm","type":"flerbostadshus","view":"current","height":411}},{"type":"Feature","geometry":{"type":"Polygon","coordinates":[[[18.088352186028654,59.316625652986176],[18.092321596415577,59.316625652986176],[18.092321596415577,59.31861035817963],[18.090336891222115,59.31861035817963],[18.090336891222115,59.32059506337309],[18.088352186028654,59.32059506337309],[18.088352186028654,59.316625652986176]]]},"properties":{"id":"fb-Stockholm-395","municipality":"Stockholm","type":"flerbostadshus","view":"current","height":378}},{"type":"Feature","geometry":{"type":"Polygon","coordinates":[[[17.929601404291724,59.32593385432868],[17.933570814678646,59.32593385432868],[17.933570814678646,59.323949149135224],[17.932247677883005,59.323949149135224],[17.932247677883005,59.321964443941766],[17.930924541087364,59.321964443941766],[17.930924541087364,59.323949149135224],[17.929601404291724,59.323949149135224],[17.929601404291724,59.32593385432868]]]},"properties":{"id":"fb-Stockholm-396","municipality":"Stockholm","type":"flerbostadshus","view":"current","height":344}},{"type":"Feature","geometry":{"type":"Polygon","coordinates":[[[18.02390053489845,59.32159720728871],[18.02786994528537,59.32159720728871],[18.02786994528537,59.325566617675626],[18.02390053489845,59.325566617675626],[18.02390053489845,59.32159720728871]]]},"properties":{"id":"fb-Stockholm-397","municipality":"Stockholm","type":"flerbostadshus","view":"current","height":477}},{"type":"Feature","geometry":{"type":"Polygon","coordinates":[[[17.86514975316152,59.39143891685437],[17.869119163548444,59.39143891685437],[17.869119163548444,59.39342362204783],[17.867134458354982,59.39342362204783],[17.867134458354982,59.395408327241284],[17.86514975316152,59.395408327241284],[17.86514975316152,59.39143891685437]]]},"properties":{"id":"fb-Stockholm-398","municipality":"Stockholm","type":"flerbostadshus","view":"current","height":444}},{"type":"Feature","geometry":{"type":"Polygon","coordinates":[[[17.84532833514427,59.3751940386536],[17.849297745531192,59.3751940386536],[17.849297745531192,59.373209333460146],[17.84797460873555,59.373209333460146],[17.84797460873555,59.37122462826669],[17.84665147193991,59.37122462826669],[17.84665147193991,59.373209333460146],[17.84532833514427,59.373209333460146],[17.84532833514427,59.3751940386536]]]},"properties":{"id":"fb-Stockholm-399","municipality":"Stockholm","type":"flerbostadshus","view":"current","height":410}},{"type":"Feature","geometry":{"type":"Polygon","coordinates":[[[18.014053910328315,59.27732815937174],[18.018023320715237,59.27732815937174],[18.018023320715237,59.28129756975866],[18.014053910328315,59.28129756975866],[18.014053910328315,59.27732815937174]]]},"properties":{"id":"fb-Stockholm-400","municipality":"Stockholm","type":"flerbostadshus","view":"current","height":376}},{"type":"Feature","geometry":{"type":"Polygon","coordinates":[[[18.048811885131226,59.32657855273268],[18.052781295518148,59.32657855273268],[18.052781295518148,59.328563257926135],[18.050796590324687,59.328563257926135],[18.050796590324687,59.33054796311959],[18.048811885131226,59.33054796311959],[18.048811885131226,59.32657855273268]]]},"properties":{"id":"fb-Stockholm-401","municipality":"Stockholm","type":"flerbostadshus","view":"current","height":343}},{"type":"Feature","geometry":{"type":"Polygon","coordinates":[[[18.123263963625902,59.25153678317561],[18.127233374012825,59.25153678317561],[18.127233374012825,59.24955207798215],[18.125910237217184,59.24955207798215],[18.125910237217184,59.247567372788694],[18.124587100421543,59.247567372788694],[18.124587100421543,59.24955207798215],[18.123263963625902,59.24955207798215],[18.123263963625902,59.25153678317561]]]},"properties":{"id":"fb-Stockholm-402","municipality":"Stockholm","type":"flerbostadshus","view":"current","height":476}},{"type":"Feature","geometry":{"type":"Polygon","coordinates":[[[18.167945464396116,59.25712366210295],[18.171914874783038,59.25712366210295],[18.171914874783038,59.261093072489864],[18.167945464396116,59.261093072489864],[18.167945464396116,59.25712366210295]]]},"properties":{"id":"fb-Stockholm-403","municipality":"Stockholm","type":"flerbostadshus","view":"current","height":442}},{"type":"Feature","geometry":{"type":"Polygon","coordinates":[[[18.138200520234115,59.32696537166861],[18.142169930621037,59.32696537166861],[18.142169930621037,59.328950076862064],[18.140185225427576,59.328950076862064],[18.140185225427576,59.33093478205552],[18.138200520234115,59.33093478205552],[18.138200520234115,59.32696537166861]]]},"properties":{"id":"fb-Stockholm-404","municipality":"Stockholm","type":"flerbostadshus","view":"current","height":409}},{"type":"Feature","geometry":{"type":"Polygon","coordinates":[[[17.805788034246845,59.39507046418998],[17.809757444633767,59.39507046418998],[17.809757444633767,59.39308575899652],[17.808434307838127,59.39308575899652],[17.808434307838127,59.39110105380306],[17.807111171042486,59.39110105380306],[17.807111171042486,59.39308575899652],[17.805788034246845,59.39308575899652],[17.805788034246845,59.39507046418998]]]},"properties":{"id":"fb-Stockholm-405","municipality":"Stockholm","type":"flerbostadshus","view":"current","height":375}},{"type":"Feature","geometry":{"type":"Polygon","coordinates":[[[18.10351944700582,59.2376634292817],[18.10748885739274,59.2376634292817],[18.10748885739274,59.24163283966862],[18.10351944700582,59.24163283966862],[18.10351944700582,59.2376634292817]]]},"properties":{"id":"fb-Stockholm-406","municipality":"Stockholm","type":"flerbostadshus","view":"current","height":341}},{"type":"Feature","geometry":{"type":"Polygon","coordinates":[[[18.058889214070312,59.31668440036712],[18.062858624457235,59.31668440036712],[18.062858624457235,59.31866910556058],[18.060873919263774,59.31866910556058],[18.060873919263774,59.32065381075404],[18.058889214070312,59.32065381075404],[18.058889214070312,59.31668440036712]]]},"properties":{"id":"fb-Stockholm-407","municipality":"Stockholm","type":"flerbostadshus","view":"current","height":475}},{"type":"Feature","geometry":{"type":"Polygon","coordinates":[[[18.113494240630384,59.30614554959757],[18.117463651017307,59.30614554959757],[18.117463651017307,59.30416084440411],[18.116140514221666,59.30416084440411],[18.116140514221666,59.30217613921065],[18.114817377426025,59.30217613921065],[18.114817377426025,59.30416084440411],[18.113494240630384,59.30416084440411],[18.113494240630384,59.30614554959757]]]},"properties":{"id":"fb-Stockholm-408","municipality":"Stockholm","type":"flerbostadshus","view":"current","height":441}},{"type":"Feature","geometry":{"type":"Polygon","coordinates":[[[18.08374929664583,59.27203832465567],[18.087718707032753,59.27203832465567],[18.087718707032753,59.27600773504258],[18.08374929664583,59.27600773504258],[18.08374929664583,59.27203832465567]]]},"properties":{"id":"fb-Stockholm-409","municipality":"Stockholm","type":"flerbostadshus","view":"current","height":407}},{"type":"Feature","geometry":{"type":"Polygon","coordinates":[[[17.895227937006993,59.40142119002518],[17.899197347393915,59.40142119002518],[17.899197347393915,59.40340589521864],[17.897212642200454,59.40340589521864],[17.897212642200454,59.4053906004121],[17.895227937006993,59.4053906004121],[17.895227937006993,59.40142119002518]]]},"properties":{"id":"fb-Stockholm-410","municipality":"Stockholm","type":"flerbostadshus","view":"current","height":374}},{"type":"Feature","geometry":{"type":"Polygon","coordinates":[[[18.098685853254043,59.24624694828209],[18.102655263640965,59.24624694828209],[18.102655263640965,59.244262243088635],[18.101332126845325,59.244262243088635],[18.101332126845325,59.24227753789518],[18.100008990049684,59.24227753789518],[18.100008990049684,59.244262243088635],[18.098685853254043,59.244262243088635],[18.098685853254043,59.24624694828209]]]},"properties":{"id":"fb-Stockholm-411","municipality":"Stockholm","type":"flerbostadshus","view":"current","height":340}},{"type":"Feature","geometry":{"type":"Polygon","coordinates":[[[18.078864435059348,59.36669864045848],[18.08283384544627,59.36669864045848],[18.08283384544627,59.370668050845396],[18.078864435059348,59.370668050845396],[18.078864435059348,59.36669864045848]]]},"properties":{"id":"fb-Stockholm-412","municipality":"Stockholm","type":"flerbostadshus","view":"current","height":473}},{"type":"Feature","geometry":{"type":"Polygon","coordinates":[[[18.088813594944003,59.34648435187081],[18.092783005330926,59.34648435187081],[18.092783005330926,59.348469057064264],[18.090798300137465,59.348469057064264],[18.090798300137465,59.35045376225772],[18.088813594944003,59.35045376225772],[18.088813594944003,59.34648435187081]]]},"properties":{"id":"fb-Stockholm-413","municipality":"Stockholm","type":"flerbostadshus","view":"current","height":440}},{"type":"Feature","geometry":{"type":"Polygon","coordinates":[[[18.024336309896444,59.29625139723201],[18.028305720283367,59.29625139723201],[18.028305720283367,59.294266692038555],[18.026982583487726,59.294266692038555],[18.026982583487726,59.2922819868451],[18.025659446692085,59.2922819868451],[18.025659446692085,59.294266692038555],[18.024336309896444,59.294266692038555],[18.024336309896444,59.29625139723201]]]},"properties":{"id":"fb-Stockholm-414","municipality":"Stockholm","type":"flerbostadshus","view":"current","height":406}},{"type":"Feature","geometry":{"type":"Polygon","coordinates":[[[18.054132521715708,59.366341194946855],[18.05810193210263,59.366341194946855],[18.05810193210263,59.37031060533377],[18.054132521715708,59.37031060533377],[18.054132521715708,59.366341194946855]]]},"properties":{"id":"fb-Stockholm-415","municipality":"Stockholm","type":"flerbostadshus","view":"current","height":372}},{"type":"Feature","geometry":{"type":"Polygon","coordinates":[[[18.049196392471963,59.247635911133635],[18.053165802858885,59.247635911133635],[18.053165802858885,59.24962061632709],[18.051181097665424,59.24962061632709],[18.051181097665424,59.25160532152055],[18.049196392471963,59.25160532152055],[18.049196392471963,59.247635911133635]]]},"properties":{"id":"fb-Stockholm-416","municipality":"Stockholm","type":"flerbostadshus","view":"current","height":339}},{"type":"Feature","geometry":{"type":"Polygon","coordinates":[[[18.10380141920948,59.261161611012255],[18.1077708295964,59.261161611012255],[18.1077708295964,59.2591769058188],[18.10644769280076,59.2591769058188],[18.10644769280076,59.25719220062534],[18.10512455600512,59.25719220062534],[18.10512455600512,59.2591769058188],[18.10380141920948,59.2591769058188],[18.10380141920948,59.261161611012255]]]},"properties":{"id":"fb-Stockholm-417","municipality":"Stockholm","type":"flerbostadshus","view":"current","height":472}},{"type":"Feature","geometry":{"type":"Polygon","coordinates":[[[18.143521156818597,59.267492754387135],[18.14749056720552,59.267492754387135],[18.14749056720552,59.27146216477405],[18.143521156818597,59.27146216477405],[18.143521156818597,59.267492754387135]]]},"properties":{"id":"fb-Stockholm-418","municipality":"Stockholm","type":"flerbostadshus","view":"current","height":438}},{"type":"Feature","geometry":{"type":"Polygon","coordinates":[[[18.079043871948485,59.33162843652159],[18.083013282335408,59.33162843652159],[18.083013282335408,59.33361314171505],[18.081028577141947,59.33361314171505],[18.081028577141947,59.335597846908506],[18.079043871948485,59.335597846908506],[18.079043871948485,59.33162843652159]]]},"properties":{"id":"fb-Stockholm-419","municipality":"Stockholm","type":"flerbostadshus","view":"current","height":405}},{"type":"Feature","geometry":{"type":"Polygon","coordinates":[[[18.07906950568839,59.321089585752034],[18.083038916075314,59.321089585752034],[18.083038916075314,59.31910488055858],[18.081715779279673,59.31910488055858],[18.081715779279673,59.31712017536512],[18.080392642484032,59.31712017536512],[18.080392642484032,59.31910488055858],[18.07906950568839,59.31910488055858],[18.07906950568839,59.321089585752034]]]},"properties":{"id":"fb-Stockholm-420","municipality":"Stockholm","type":"flerbostadshus","view":"current","height":371}},{"type":"Feature","geometry":{"type":"Polygon","coordinates":[[[17.870701094292397,59.37629409451592],[17.87467050467932,59.37629409451592],[17.87467050467932,59.380263504902835],[17.870701094292397,59.380263504902835],[17.870701094292397,59.37629409451592]]]},"properties":{"id":"fb-Stockholm-421","municipality":"Stockholm","type":"flerbostadshus","view":"current","height":337}},{"type":"Feature","geometry":{"type":"Polygon","coordinates":[[[17.944408908339526,59.34193878160227],[17.948378318726448,59.34193878160227],[17.948378318726448,59.34590819198919],[17.944408908339526,59.34590819198919],[17.944408908339526,59.34193878160227]]]},"properties":{"id":"fb-Stockholm-422","municipality":"Stockholm","type":"flerbostadshus","view":"current","height":471}},{"type":"Feature","geometry":{"type":"Polygon","coordinates":[[[18.103210957733715,59.33065566638517],[18.107180368120638,59.33065566638517],[18.107180368120638,59.32867096119171],[18.105857231324997,59.32867096119171],[18.105857231324997,59.326686255998254],[18.104534094529356,59.326686255998254],[18.104534094529356,59.32867096119171],[18.103210957733715,59.32867096119171],[18.103210957733715,59.33065566638517]]]},"properties":{"id":"fb-Stockholm-423","municipality":"Stockholm","type":"flerbostadshus","view":"current","height":437}},{"type":"Feature","geometry":{"type":"Polygon","coordinates":[[[18.0040013318006,59.282407416939854],[18.00797074218752,59.282407416939854],[18.00797074218752,59.28637682732677],[18.0040013318006,59.28637682732677],[18.0040013318006,59.282407416939854]]]},"properties":{"id":"fb-Stockholm-424","municipality":"Stockholm","type":"flerbostadshus","view":"current","height":403}},{"type":"Feature","geometry":{"type":"Polygon","coordinates":[[[17.95635673895524,59.37750642446468],[17.95941243281651,59.37750642446468],[17.95941243281651,59.37597857753404],[17.958393868196087,59.37597857753404],[17.958393868196087,59.37445073060341],[17.957375303575663,59.37445073060341],[17.957375303575663,59.37597857753404],[17.95635673895524,59.37597857753404],[17.95635673895524,59.37750642446468]]]},"properties":{"id":"fb-Sundbyberg-0","municipality":"Sundbyberg","type":"flerbostadshus","view":"current","height":373}},{"type":"Feature","geometry":{"type":"Polygon","coordinates":[[[17.96783532392097,59.386199822407875],[17.97089101778224,59.386199822407875],[17.97089101778224,59.389255516269145],[17.96783532392097,59.389255516269145],[17.96783532392097,59.386199822407875]]]},"properties":{"id":"fb-Sundbyberg-1","municipality":"Sundbyberg","type":"flerbostadshus","view":"current","height":347}},{"type":"Feature","geometry":{"type":"Polygon","coordinates":[[[17.971674674506723,59.393556354559976],[17.974730368367993,59.393556354559976],[17.974730368367993,59.39661204842125],[17.971674674506723,59.39661204842125],[17.971674674506723,59.393556354559976]]]},"properties":{"id":"fb-Sundbyberg-2","municipality":"Sundbyberg","type":"flerbostadshus","view":"current","height":322}},{"type":"Feature","geometry":{"type":"Polygon","coordinates":[[[17.9678747904393,59.38238774267814],[17.97093048430057,59.38238774267814],[17.97093048430057,59.383915589608776],[17.969402637369935,59.383915589608776],[17.969402637369935,59.38544343653941],[17.9678747904393,59.38544343653941],[17.9678747904393,59.38238774267814]]]},"properties":{"id":"fb-Sundbyberg-3","municipality":"Sundbyberg","type":"flerbostadshus","view":"current","height":296}},{"type":"Feature","geometry":{"type":"Polygon","coordinates":[[[17.967894523698465,59.38974427455704],[17.970950217559736,59.38974427455704],[17.970950217559736,59.39279996841831],[17.967894523698465,59.39279996841831],[17.967894523698465,59.38974427455704]]]},"properties":{"id":"fb-Sundbyberg-4","municipality":"Sundbyberg","type":"flerbostadshus","view":"current","height":270}},{"type":"Feature","geometry":{"type":"Polygon","coordinates":[[[17.956455404704666,59.370936428022034],[17.959511098565937,59.370936428022034],[17.959511098565937,59.373992121883305],[17.956455404704666,59.373992121883305],[17.956455404704666,59.370936428022034]]]},"properties":{"id":"fb-Sundbyberg-5","municipality":"Sundbyberg","type":"flerbostadshus","view":"current","height":372}},{"type":"Feature","geometry":{"type":"Polygon","coordinates":[[[17.95647513796383,59.37829295990093],[17.959530831825102,59.37829295990093],[17.959530831825102,59.37982080683157],[17.958002984894467,59.37982080683157],[17.958002984894467,59.3813486537622],[17.95647513796383,59.3813486537622],[17.95647513796383,59.37829295990093]]]},"properties":{"id":"fb-Sundbyberg-6","municipality":"Sundbyberg","type":"flerbostadshus","view":"current","height":346}},{"type":"Feature","geometry":{"type":"Polygon","coordinates":[[[17.937396784590057,59.37399965920695],[17.940452478451327,59.37399965920695],[17.940452478451327,59.372471812276316],[17.939433913830904,59.372471812276316],[17.939433913830904,59.37094396534568],[17.93841534921048,59.37094396534568],[17.93841534921048,59.372471812276316],[17.937396784590057,59.372471812276316],[17.937396784590057,59.37399965920695]]]},"properties":{"id":"fb-Sundbyberg-7","municipality":"Sundbyberg","type":"flerbostadshus","view":"current","height":321}},{"type":"Feature","geometry":{"type":"Polygon","coordinates":[[[17.937416517849222,59.37830049749778],[17.940472211710492,59.37830049749778],[17.940472211710492,59.38135619135905],[17.937416517849222,59.38135619135905],[17.937416517849222,59.37830049749778]]]},"properties":{"id":"fb-Sundbyberg-8","municipality":"Sundbyberg","type":"flerbostadshus","view":"current","height":295}},{"type":"Feature","geometry":{"type":"Polygon","coordinates":[[[17.9336166335086,59.378590737322504],[17.93667232736987,59.378590737322504],[17.93667232736987,59.38011858425314],[17.935144480439234,59.38011858425314],[17.935144480439234,59.381646431183775],[17.9336166335086,59.381646431183775],[17.9336166335086,59.378590737322504]]]},"properties":{"id":"fb-Sundbyberg-9","municipality":"Sundbyberg","type":"flerbostadshus","view":"current","height":269}},{"type":"Feature","geometry":{"type":"Polygon","coordinates":[[[17.956554070727293,59.36990487670295],[17.959609764588564,59.36990487670295],[17.959609764588564,59.36837702977231],[17.95859119996814,59.36837702977231],[17.95859119996814,59.366849182841676],[17.957572635347717,59.366849182841676],[17.957572635347717,59.36837702977231],[17.956554070727293,59.36837702977231],[17.956554070727293,59.36990487670295]]]},"properties":{"id":"fb-Sundbyberg-10","municipality":"Sundbyberg","type":"flerbostadshus","view":"current","height":371}},{"type":"Feature","geometry":{"type":"Polygon","coordinates":[[[17.9756718906194,59.390057126625905],[17.97872758448067,59.390057126625905],[17.97872758448067,59.393112820487175],[17.9756718906194,59.393112820487175],[17.9756718906194,59.390057126625905]]]},"properties":{"id":"fb-Sundbyberg-11","municipality":"Sundbyberg","type":"flerbostadshus","view":"current","height":345}},{"type":"Feature","geometry":{"type":"Polygon","coordinates":[[[17.9642327718988,59.393594041451415],[17.96728846576007,59.393594041451415],[17.96728846576007,59.39512188838205],[17.965760618829435,59.39512188838205],[17.965760618829435,59.396649735312685],[17.9642327718988,59.396649735312685],[17.9642327718988,59.393594041451415]]]},"properties":{"id":"fb-Sundbyberg-12","municipality":"Sundbyberg","type":"flerbostadshus","view":"current","height":319}},{"type":"Feature","geometry":{"type":"Polygon","coordinates":[[[17.956613270231585,59.36256341947134],[17.959668964092856,59.36256341947134],[17.959668964092856,59.36103557254071],[17.958650399472432,59.36103557254071],[17.958650399472432,59.35950772561007],[17.95763183485201,59.35950772561007],[17.95763183485201,59.36103557254071],[17.956613270231585,59.36103557254071],[17.956613270231585,59.36256341947134]]]},"properties":{"id":"fb-Sundbyberg-13","municipality":"Sundbyberg","type":"flerbostadshus","view":"current","height":294}},{"type":"Feature","geometry":{"type":"Polygon","coordinates":[[[17.96045262081734,59.3859623441219],[17.96350831467861,59.3859623441219],[17.96350831467861,59.38901803798317],[17.96045262081734,59.38901803798317],[17.96045262081734,59.3859623441219]]]},"properties":{"id":"fb-Sundbyberg-14","municipality":"Sundbyberg","type":"flerbostadshus","view":"current","height":268}},{"type":"Feature","geometry":{"type":"Polygon","coordinates":[[[17.964291971403092,59.382432966893234],[17.967347665264363,59.382432966893234],[17.967347665264363,59.38396081382387],[17.965819818333728,59.38396081382387],[17.965819818333728,59.385488660754504],[17.964291971403092,59.385488660754504],[17.964291971403092,59.382432966893234]]]},"properties":{"id":"fb-Sundbyberg-15","municipality":"Sundbyberg","type":"flerbostadshus","view":"current","height":370}},{"type":"Feature","geometry":{"type":"Polygon","coordinates":[[[17.944640675430332,59.38520595798023],[17.947696369291602,59.38520595798023],[17.947696369291602,59.3836781110496],[17.94667780467118,59.3836781110496],[17.94667780467118,59.38215026411896],[17.945659240050755,59.38215026411896],[17.945659240050755,59.3836781110496],[17.944640675430332,59.3836781110496],[17.944640675430332,59.38520595798023]]]},"properties":{"id":"fb-Sundbyberg-16","municipality":"Sundbyberg","type":"flerbostadshus","view":"current","height":344}},{"type":"Feature","geometry":{"type":"Polygon","coordinates":[[[17.93702117376312,59.38244050421688],[17.94007686762439,59.38244050421688],[17.94007686762439,59.38549619807815],[17.93702117376312,59.38549619807815],[17.93702117376312,59.38244050421688]]]},"properties":{"id":"fb-Sundbyberg-17","municipality":"Sundbyberg","type":"flerbostadshus","view":"current","height":318}},{"type":"Feature","geometry":{"type":"Polygon","coordinates":[[[17.975237080288167,59.382157801715806],[17.978292774149438,59.382157801715806],[17.978292774149438,59.38368564864644],[17.976764927218802,59.38368564864644],[17.976764927218802,59.38521349557708],[17.975237080288167,59.38521349557708],[17.975237080288167,59.382157801715806]]]},"properties":{"id":"fb-Sundbyberg-18","municipality":"Sundbyberg","type":"flerbostadshus","view":"current","height":292}},{"type":"Feature","geometry":{"type":"Polygon","coordinates":[[[17.956158726914392,59.366405648768875],[17.959214420775663,59.366405648768875],[17.959214420775663,59.36487780183824],[17.95819585615524,59.36487780183824],[17.95819585615524,59.363349954907605],[17.957177291534816,59.363349954907605],[17.957177291534816,59.36487780183824],[17.956158726914392,59.36487780183824],[17.956158726914392,59.366405648768875]]]},"properties":{"id":"fb-Sundbyberg-19","municipality":"Sundbyberg","type":"flerbostadshus","view":"current","height":267}},{"type":"Feature","geometry":{"type":"Polygon","coordinates":[[[17.979096164133082,59.38980457369263],[17.982151857994353,59.38980457369263],[17.982151857994353,59.3928602675539],[17.979096164133082,59.3928602675539],[17.979096164133082,59.38980457369263]]]},"properties":{"id":"fb-Sundbyberg-20","municipality":"Sundbyberg","type":"flerbostadshus","view":"current","height":369}},{"type":"Feature","geometry":{"type":"Polygon","coordinates":[[[17.95619819315952,59.38627519619076],[17.95925388702079,59.38627519619076],[17.95925388702079,59.387803043121394],[17.957726040090154,59.387803043121394],[17.957726040090154,59.38933089005203],[17.95619819315952,59.38933089005203],[17.95619819315952,59.38627519619076]]]},"properties":{"id":"fb-Sundbyberg-21","municipality":"Sundbyberg","type":"flerbostadshus","view":"current","height":343}},{"type":"Feature","geometry":{"type":"Polygon","coordinates":[[[17.956217926418685,59.38522857022438],[17.959273620279955,59.38522857022438],[17.959273620279955,59.38370072329374],[17.95825505565953,59.38370072329374],[17.95825505565953,59.38217287636311],[17.957236491039108,59.38217287636311],[17.957236491039108,59.38370072329374],[17.956217926418685,59.38370072329374],[17.956217926418685,59.38522857022438]]]},"properties":{"id":"fb-Sundbyberg-22","municipality":"Sundbyberg","type":"flerbostadshus","view":"current","height":317}},{"type":"Feature","geometry":{"type":"Polygon","coordinates":[[[17.31421350790907,59.12042926623539],[17.3382307305591,59.12042926623539],[17.3382307305591,59.132437877560406],[17.326222119234085,59.132437877560406],[17.326222119234085,59.14444648888542],[17.31421350790907,59.14444648888542],[17.31421350790907,59.12042926623539]]]},"properties":{"id":"fb-Södertälje-0","municipality":"Södertälje","type":"flerbostadshus","view":"current","height":600}},{"type":"Feature","geometry":{"type":"Polygon","coordinates":[[[17.344390136208872,59.05215991142496],[17.368407358858903,59.05215991142496],[17.368407358858903,59.04015130009994],[17.36040161797556,59.04015130009994],[17.36040161797556,59.02814268877493],[17.352395877092217,59.02814268877493],[17.352395877092217,59.04015130009994],[17.344390136208872,59.04015130009994],[17.344390136208872,59.05215991142496]]]},"properties":{"id":"fb-Södertälje-1","municipality":"Södertälje","type":"flerbostadshus","view":"current","height":600}},{"type":"Feature","geometry":{"type":"Polygon","coordinates":[[[17.674782047634025,59.030423923351634],[17.698799270284056,59.030423923351634],[17.698799270284056,59.054441146001665],[17.674782047634025,59.054441146001665],[17.674782047634025,59.030423923351634]]]},"properties":{"id":"fb-Södertälje-2","municipality":"Södertälje","type":"flerbostadshus","view":"current","height":600}},{"type":"Feature","geometry":{"type":"Polygon","coordinates":[[[17.644915617161452,59.08824498745383],[17.668932839811482,59.08824498745383],[17.668932839811482,59.10025359877884],[17.656924228486467,59.10025359877884],[17.656924228486467,59.11226221010386],[17.644915617161452,59.11226221010386],[17.644915617161452,59.08824498745383]]]},"properties":{"id":"fb-Södertälje-3","municipality":"Södertälje","type":"flerbostadshus","view":"current","height":600}},{"type":"Feature","geometry":{"type":"Polygon","coordinates":[[[17.375122786045484,59.142529562125965],[17.399140008695515,59.142529562125965],[17.399140008695515,59.13052095080095],[17.39113426781217,59.13052095080095],[17.39113426781217,59.118512339475934],[17.38312852692883,59.118512339475934],[17.38312852692883,59.13052095080095],[17.375122786045484,59.13052095080095],[17.375122786045484,59.142529562125965]]]},"properties":{"id":"fb-Södertälje-4","municipality":"Södertälje","type":"flerbostadshus","view":"current","height":600}},{"type":"Feature","geometry":{"type":"Polygon","coordinates":[[[17.675247345448525,59.08830422950766],[17.699264568098556,59.08830422950766],[17.699264568098556,59.112321452157694],[17.675247345448525,59.112321452157694],[17.675247345448525,59.08830422950766]]]},"properties":{"id":"fb-Södertälje-5","municipality":"Södertälje","type":"flerbostadshus","view":"current","height":600}},{"type":"Feature","geometry":{"type":"Polygon","coordinates":[[[17.615359388810724,59.06056393791915],[17.639376611460754,59.06056393791915],[17.639376611460754,59.072572549244164],[17.62736800013574,59.072572549244164],[17.62736800013574,59.08458116056918],[17.615359388810724,59.08458116056918],[17.615359388810724,59.06056393791915]]]},"properties":{"id":"fb-Södertälje-6","municipality":"Södertälje","type":"flerbostadshus","view":"current","height":600}},{"type":"Feature","geometry":{"type":"Polygon","coordinates":[[[17.645536014963223,59.14240222252407],[17.669553237613254,59.14240222252407],[17.669553237613254,59.130393611199054],[17.66154749672991,59.130393611199054],[17.66154749672991,59.11838499987404],[17.653541755846568,59.11838499987404],[17.653541755846568,59.130393611199054],[17.645536014963223,59.130393611199054],[17.645536014963223,59.14240222252407]]]},"properties":{"id":"fb-Södertälje-7","municipality":"Södertälje","type":"flerbostadshus","view":"current","height":600}},{"type":"Feature","geometry":{"type":"Polygon","coordinates":[[[17.495583473387818,59.030601651660454],[17.51960069603785,59.030601651660454],[17.51960069603785,59.054618874310485],[17.495583473387818,59.054618874310485],[17.495583473387818,59.030601651660454]]]},"properties":{"id":"fb-Södertälje-8","municipality":"Södertälje","type":"flerbostadshus","view":"current","height":600}},{"type":"Feature","geometry":{"type":"Polygon","coordinates":[[[17.43569551675002,58.99835813082506],[17.45971273940005,58.99835813082506],[17.45971273940005,59.010366742150076],[17.447704128075035,59.010366742150076],[17.447704128075035,59.02237535347509],[17.43569551675002,59.02237535347509],[17.43569551675002,58.99835813082506]]]},"properties":{"id":"fb-Södertälje-9","municipality":"Södertälje","type":"flerbostadshus","view":"current","height":600}},{"type":"Feature","geometry":{"type":"Polygon","coordinates":[[[17.375807560112218,59.11472117298939],[17.39982478276225,59.11472117298939],[17.39982478276225,59.102712561664376],[17.391819041878904,59.102712561664376],[17.391819041878904,59.09070395033936],[17.383813300995563,59.09070395033936],[17.383813300995563,59.102712561664376],[17.375807560112218,59.102712561664376],[17.375807560112218,59.11472117298939]]]},"properties":{"id":"fb-Södertälje-10","municipality":"Södertälje","type":"flerbostadshus","view":"current","height":600}},{"type":"Feature","geometry":{"type":"Polygon","coordinates":[[[17.61613488445246,59.11850348612902],[17.64015210710249,59.11850348612902],[17.64015210710249,59.14252070877905],[17.61613488445246,59.14252070877905],[17.61613488445246,59.11850348612902]]]},"properties":{"id":"fb-Södertälje-11","municipality":"Södertälje","type":"flerbostadshus","view":"current","height":600}},{"type":"Feature","geometry":{"type":"Polygon","coordinates":[[[17.43616081456452,59.236367604708974],[17.46017803721455,59.236367604708974],[17.46017803721455,59.24837621603399],[17.448169425889535,59.24837621603399],[17.448169425889535,59.260384827359005],[17.43616081456452,59.260384827359005],[17.43616081456452,59.236367604708974]]]},"properties":{"id":"fb-Södertälje-12","municipality":"Södertälje","type":"flerbostadshus","view":"current","height":600}},{"type":"Feature","geometry":{"type":"Polygon","coordinates":[[[17.616445084427,59.262666064083014],[17.64046230707703,59.262666064083014],[17.64046230707703,59.250657452758],[17.632456566193685,59.250657452758],[17.632456566193685,59.23864884143298],[17.624450825310344,59.23864884143298],[17.624450825310344,59.250657452758],[17.616445084427,59.250657452758],[17.616445084427,59.262666064083014]]]},"properties":{"id":"fb-Södertälje-13","municipality":"Södertälje","type":"flerbostadshus","view":"current","height":600}},{"type":"Feature","geometry":{"type":"Polygon","coordinates":[[[17.49651407116413,59.116340735659996],[17.52053129381416,59.116340735659996],[17.52053129381416,59.14035795831003],[17.49651407116413,59.14035795831003],[17.49651407116413,59.116340735659996]]]},"properties":{"id":"fb-Södertälje-14","municipality":"Södertälje","type":"flerbostadshus","view":"current","height":600}},{"type":"Feature","geometry":{"type":"Polygon","coordinates":[[[17.706819867191832,59.148643498549234],[17.730837089841863,59.148643498549234],[17.730837089841863,59.16065210987425],[17.718828478516848,59.16065210987425],[17.718828478516848,59.172660721199264],[17.706819867191832,59.172660721199264],[17.706819867191832,59.148643498549234]]]},"properties":{"id":"fb-Södertälje-15","municipality":"Södertälje","type":"flerbostadshus","view":"current","height":600}},{"type":"Feature","geometry":{"type":"Polygon","coordinates":[[[17.6169103822415,59.200460256988926],[17.64092760489153,59.200460256988926],[17.64092760489153,59.18845164566391],[17.632921864008186,59.18845164566391],[17.632921864008186,59.176443034338895],[17.624916123124844,59.176443034338895],[17.624916123124844,59.18845164566391],[17.6169103822415,59.18845164566391],[17.6169103822415,59.200460256988926]]]},"properties":{"id":"fb-Södertälje-16","municipality":"Södertälje","type":"flerbostadshus","view":"current","height":600}},{"type":"Feature","geometry":{"type":"Polygon","coordinates":[[[17.37689325572849,59.268788853853195],[17.40091047837852,59.268788853853195],[17.40091047837852,59.292806076503226],[17.37689325572849,59.292806076503226],[17.37689325572849,59.268788853853195]]]},"properties":{"id":"fb-Södertälje-17","municipality":"Södertälje","type":"flerbostadshus","view":"current","height":600}},{"type":"Feature","geometry":{"type":"Polygon","coordinates":[[[17.677263638841108,58.996373106517545],[17.70128086149114,58.996373106517545],[17.70128086149114,59.00838171784256],[17.689272250166123,59.00838171784256],[17.689272250166123,59.020390329167576],[17.677263638841108,59.020390329167576],[17.677263638841108,58.996373106517545]]]},"properties":{"id":"fb-Södertälje-18","municipality":"Södertälje","type":"flerbostadshus","view":"current","height":600}},{"type":"Feature","geometry":{"type":"Polygon","coordinates":[[[17.67741873668107,58.87256392432894],[17.7014359593311,58.87256392432894],[17.7014359593311,58.86055531300392],[17.693430218447755,58.86055531300392],[17.693430218447755,58.848546701678906],[17.685424477564414,58.848546701678906],[17.685424477564414,58.86055531300392],[17.67741873668107,58.86055531300392],[17.67741873668107,58.87256392432894]]]},"properties":{"id":"fb-Södertälje-19","municipality":"Södertälje","type":"flerbostadshus","view":"current","height":600}},{"type":"Feature","geometry":{"type":"Polygon","coordinates":[[[17.497444666793132,59.086496933508975],[17.521461889443163,59.086496933508975],[17.521461889443163,59.110514156159006],[17.497444666793132,59.110514156159006],[17.497444666793132,59.086496933508975]]]},"properties":{"id":"fb-Södertälje-20","municipality":"Södertälje","type":"flerbostadshus","view":"current","height":600}},{"type":"Feature","geometry":{"type":"Polygon","coordinates":[[[17.703247235721264,58.938670528670336],[17.727264458371295,58.938670528670336],[17.727264458371295,58.96268775132037],[17.703247235721264,58.96268775132037],[17.703247235721264,58.938670528670336]]]},"properties":{"id":"fb-Södertälje-21","municipality":"Södertälje","type":"flerbostadshus","view":"current","height":600}},{"type":"Feature","geometry":{"type":"Polygon","coordinates":[[[17.55329469414586,59.08055186990032],[17.57731191679589,59.08055186990032],[17.57731191679589,59.0685432585753],[17.569306175912544,59.0685432585753],[17.569306175912544,59.05653464725029],[17.561300435029203,59.05653464725029],[17.561300435029203,59.0685432585753],[17.55329469414586,59.0685432585753],[17.55329469414586,59.08055186990032]]]},"properties":{"id":"fb-Södertälje-22","municipality":"Södertälje","type":"flerbostadshus","view":"current","height":600}},{"type":"Feature","geometry":{"type":"Polygon","coordinates":[[[17.583471320298358,59.238945053849484],[17.60748854294839,59.238945053849484],[17.60748854294839,59.262962276499515],[17.583471320298358,59.262962276499515],[17.583471320298358,59.238945053849484]]]},"properties":{"id":"fb-Södertälje-23","municipality":"Södertälje","type":"flerbostadshus","view":"current","height":600}},{"type":"Feature","geometry":{"type":"Polygon","coordinates":[[[17.643669476910695,58.87646472157625],[17.667686699560726,58.87646472157625],[17.667686699560726,58.90048194422628],[17.643669476910695,58.90048194422628],[17.643669476910695,58.87646472157625]]]},"properties":{"id":"fb-Södertälje-24","municipality":"Södertälje","type":"flerbostadshus","view":"current","height":600}},{"type":"Feature","geometry":{"type":"Polygon","coordinates":[[[17.553759991960362,59.178961239278266],[17.577777214610393,59.178961239278266],[17.577777214610393,59.19096985060328],[17.565768603285377,59.19096985060328],[17.565768603285377,59.202978461928296],[17.553759991960362,59.202978461928296],[17.553759991960362,59.178961239278266]]]},"properties":{"id":"fb-Södertälje-25","municipality":"Södertälje","type":"flerbostadshus","view":"current","height":600}},{"type":"Feature","geometry":{"type":"Polygon","coordinates":[[[17.643979676885234,58.96658854856768],[17.667996899535265,58.96658854856768],[17.667996899535265,58.99060577121771],[17.643979676885234,58.99060577121771],[17.643979676885234,58.96658854856768]]]},"properties":{"id":"fb-Södertälje-26","municipality":"Södertälje","type":"flerbostadshus","view":"current","height":600}},{"type":"Feature","geometry":{"type":"Polygon","coordinates":[[[17.55407018978759,59.02891283976945],[17.578087412437622,59.02891283976945],[17.578087412437622,59.05293006241948],[17.55407018978759,59.05293006241948],[17.55407018978759,59.02891283976945]]]},"properties":{"id":"fb-Södertälje-27","municipality":"Södertälje","type":"flerbostadshus","view":"current","height":600}},{"type":"Feature","geometry":{"type":"Polygon","coordinates":[[[18.38511936887473,59.20762502053229],[18.398836762250053,59.20762502053229],[18.398836762250053,59.200766323844626],[18.39426429779161,59.200766323844626],[18.39426429779161,59.19390762715696],[18.38969183333317,59.19390762715696],[18.38969183333317,59.200766323844626],[18.38511936887473,59.200766323844626],[18.38511936887473,59.20762502053229]]]},"properties":{"id":"fb-Tyresö-0","municipality":"Tyresö","type":"flerbostadshus","view":"current","height":600}},{"type":"Feature","geometry":{"type":"Polygon","coordinates":[[[18.230887278480132,59.212357292501125],[18.244604671855456,59.212357292501125],[18.244604671855456,59.226074685876455],[18.230887278480132,59.226074685876455],[18.230887278480132,59.212357292501125]]]},"properties":{"id":"fb-Tyresö-1","municipality":"Tyresö","type":"flerbostadshus","view":"current","height":600}},{"type":"Feature","geometry":{"type":"Polygon","coordinates":[[[18.26526934638307,59.22823494658742],[18.278986739758395,59.22823494658742],[18.278986739758395,59.235093643275086],[18.272128043070733,59.235093643275086],[18.272128043070733,59.24195233996275],[18.26526934638307,59.24195233996275],[18.26526934638307,59.22823494658742]]]},"properties":{"id":"fb-Tyresö-2","municipality":"Tyresö","type":"flerbostadshus","view":"current","height":600}},{"type":"Feature","geometry":{"type":"Polygon","coordinates":[[[18.436825348652505,59.226108521868596],[18.450542742027828,59.226108521868596],[18.450542742027828,59.21924982518093],[18.445970277569387,59.21924982518093],[18.445970277569387,59.212391128493266],[18.441397813110946,59.212391128493266],[18.441397813110946,59.21924982518093],[18.436825348652505,59.21924982518093],[18.436825348652505,59.226108521868596]]]},"properties":{"id":"fb-Tyresö-3","municipality":"Tyresö","type":"flerbostadshus","view":"current","height":600}},{"type":"Feature","geometry":{"type":"Polygon","coordinates":[[[18.29973999936385,59.24541552429872],[18.313457392739174,59.24541552429872],[18.313457392739174,59.25913291767405],[18.29973999936385,59.25913291767405],[18.29973999936385,59.24541552429872]]]},"properties":{"id":"fb-Tyresö-4","municipality":"Tyresö","type":"flerbostadshus","view":"current","height":600}},{"type":"Feature","geometry":{"type":"Polygon","coordinates":[[[18.179801392407573,59.22957170681779],[18.193518785782896,59.22957170681779],[18.193518785782896,59.23643040350545],[18.186660089095234,59.23643040350545],[18.186660089095234,59.24328910019312],[18.179801392407573,59.24328910019312],[18.179801392407573,59.22957170681779]]]},"properties":{"id":"fb-Tyresö-5","municipality":"Tyresö","type":"flerbostadshus","view":"current","height":600}},{"type":"Feature","geometry":{"type":"Polygon","coordinates":[[[18.317063910625468,59.190579787402775],[18.33078130400079,59.190579787402775],[18.33078130400079,59.18372109071511],[18.32620883954235,59.18372109071511],[18.32620883954235,59.176862394027445],[18.32163637508391,59.176862394027445],[18.32163637508391,59.18372109071511],[18.317063910625468,59.18372109071511],[18.317063910625468,59.190579787402775]]]},"properties":{"id":"fb-Tyresö-6","municipality":"Tyresö","type":"flerbostadshus","view":"current","height":600}},{"type":"Feature","geometry":{"type":"Polygon","coordinates":[[[18.317152495703304,59.21245880109077],[18.330869889078627,59.21245880109077],[18.330869889078627,59.2261761944661],[18.317152495703304,59.2261761944661],[18.317152495703304,59.21245880109077]]]},"properties":{"id":"fb-Tyresö-7","municipality":"Tyresö","type":"flerbostadshus","view":"current","height":600}},{"type":"Feature","geometry":{"type":"Polygon","coordinates":[[[18.31724108016793,59.228336455177065],[18.33095847354325,59.228336455177065],[18.33095847354325,59.23519515186473],[18.32409977685559,59.23519515186473],[18.32409977685559,59.242053848552395],[18.31724108016793,59.242053848552395],[18.31724108016793,59.228336455177065]]]},"properties":{"id":"fb-Tyresö-8","municipality":"Tyresö","type":"flerbostadshus","view":"current","height":600}},{"type":"Feature","geometry":{"type":"Polygon","coordinates":[[[18.21444921493081,59.22621003045824],[18.228166608306132,59.22621003045824],[18.228166608306132,59.219351333770575],[18.22359414384769,59.219351333770575],[18.22359414384769,59.21249263708291],[18.21902167938925,59.21249263708291],[18.21902167938925,59.219351333770575],[18.21444921493081,59.219351333770575],[18.21444921493081,59.22621003045824]]]},"properties":{"id":"fb-Tyresö-9","municipality":"Tyresö","type":"flerbostadshus","view":"current","height":600}},{"type":"Feature","geometry":{"type":"Polygon","coordinates":[[[18.03052524829585,59.4902943837998],[18.02253443273531,59.4902943837998],[18.02253443273531,59.48629897601953],[18.02652984051558,59.48629897601953],[18.02652984051558,59.48230356823927],[18.03052524829585,59.48230356823927],[18.03052524829585,59.4902943837998]]]},"properties":{"id":"fb-Täby-0","municipality":"Täby","type":"flerbostadshus","view":"current","height":600}},{"type":"Feature","geometry":{"type":"Polygon","coordinates":[[[18.06254011396836,59.43311996527991],[18.06254011396836,59.44111078084044],[18.06653552174863,59.44111078084044],[18.06653552174863,59.43844717565359],[18.0705309295289,59.43844717565359],[18.0705309295289,59.435783570466754],[18.06653552174863,59.435783570466754],[18.06653552174863,59.43311996527991],[18.06254011396836,59.43311996527991]]]},"properties":{"id":"fb-Täby-1","municipality":"Täby","type":"flerbostadshus","view":"current","height":600}},{"type":"Feature","geometry":{"type":"Polygon","coordinates":[[[18.122522834102753,59.482323278909675],[18.130513649663293,59.482323278909675],[18.130513649663293,59.49031409447021],[18.122522834102753,59.49031409447021],[18.122522834102753,59.482323278909675]]]},"properties":{"id":"fb-Täby-2","municipality":"Täby","type":"flerbostadshus","view":"current","height":600}},{"type":"Feature","geometry":{"type":"Polygon","coordinates":[[[18.102597398631794,59.44113049151084],[18.102597398631794,59.43313967595031],[18.106592806412063,59.43313967595031],[18.106592806412063,59.437135083730574],[18.110588214192333,59.437135083730574],[18.110588214192333,59.44113049151084],[18.102597398631794,59.44113049151084]]]},"properties":{"id":"fb-Täby-3","municipality":"Täby","type":"flerbostadshus","view":"current","height":600}},{"type":"Feature","geometry":{"type":"Polygon","coordinates":[[[18.01075462311602,59.49233150903075],[18.002763807555482,59.49233150903075],[18.002763807555482,59.496326916811014],[18.00542741274233,59.496326916811014],[18.00542741274233,59.50032232459128],[18.008091017929175,59.50032232459128],[18.008091017929175,59.496326916811014],[18.01075462311602,59.496326916811014],[18.01075462311602,59.49233150903075]]]},"properties":{"id":"fb-Täby-4","municipality":"Täby","type":"flerbostadshus","view":"current","height":600}},{"type":"Feature","geometry":{"type":"Polygon","coordinates":[[[18.13066845995443,59.45313642552206],[18.13066845995443,59.46112724108259],[18.12267764439389,59.46112724108259],[18.12267764439389,59.45313642552206],[18.13066845995443,59.45313642552206]]]},"properties":{"id":"fb-Täby-5","municipality":"Täby","type":"flerbostadshus","view":"current","height":600}},{"type":"Feature","geometry":{"type":"Polygon","coordinates":[[[18.1127407283736,59.482362700250484],[18.120731543934138,59.482362700250484],[18.120731543934138,59.48635810803075],[18.116736136153868,59.48635810803075],[18.116736136153868,59.490353515811016],[18.1127407283736,59.490353515811016],[18.1127407283736,59.482362700250484]]]},"properties":{"id":"fb-Täby-6","municipality":"Täby","type":"flerbostadshus","view":"current","height":600}},{"type":"Feature","geometry":{"type":"Polygon","coordinates":[[[18.020897952857826,59.501101029555684],[18.020897952857826,59.49311021399515],[18.016902545077556,59.49311021399515],[18.016902545077556,59.495773819182],[18.012907137297287,59.495773819182],[18.012907137297287,59.49843742436884],[18.016902545077556,59.49843742436884],[18.016902545077556,59.501101029555684],[18.020897952857826,59.501101029555684]]]},"properties":{"id":"fb-Täby-7","municipality":"Täby","type":"flerbostadshus","view":"current","height":600}},{"type":"Feature","geometry":{"type":"Polygon","coordinates":[[[18.05091511464021,59.47039618758007],[18.04292429907967,59.47039618758007],[18.04292429907967,59.46240537201954],[18.05091511464021,59.46240537201954],[18.05091511464021,59.47039618758007]]]},"properties":{"id":"fb-Täby-8","municipality":"Täby","type":"flerbostadshus","view":"current","height":600}},{"type":"Feature","geometry":{"type":"Polygon","coordinates":[[[18.03098967916925,59.50311844411623],[18.03098967916925,59.511109259676765],[18.02699427138898,59.511109259676765],[18.02699427138898,59.5071138518965],[18.02299886360871,59.5071138518965],[18.02299886360871,59.50311844411623],[18.03098967916925,59.50311844411623]]]},"properties":{"id":"fb-Täby-9","municipality":"Täby","type":"flerbostadshus","view":"current","height":600}},{"type":"Feature","geometry":{"type":"Polygon","coordinates":[[[18.072993064292433,59.43046182044778],[18.080983879852973,59.43046182044778],[18.080983879852973,59.426466412667516],[18.078320274666126,59.426466412667516],[18.078320274666126,59.42247100488725],[18.07565666947928,59.42247100488725],[18.07565666947928,59.426466412667516],[18.072993064292433,59.426466412667516],[18.072993064292433,59.43046182044778]]]},"properties":{"id":"fb-Täby-10","municipality":"Täby","type":"flerbostadshus","view":"current","height":600}},{"type":"Feature","geometry":{"type":"Polygon","coordinates":[[[18.053067628821474,59.50114045089649],[18.053067628821474,59.49314963533596],[18.061058444382013,59.49314963533596],[18.061058444382013,59.50114045089649],[18.053067628821474,59.50114045089649]]]},"properties":{"id":"fb-Täby-11","municipality":"Täby","type":"flerbostadshus","view":"current","height":600}},{"type":"Feature","geometry":{"type":"Polygon","coordinates":[[[18.031144489460385,59.5004011672729],[18.023153673899845,59.5004011672729],[18.023153673899845,59.49640575949263],[18.027149081680115,59.49640575949263],[18.027149081680115,59.492410351712365],[18.031144489460385,59.492410351712365],[18.031144489460385,59.5004011672729]]]},"properties":{"id":"fb-Täby-12","municipality":"Täby","type":"flerbostadshus","view":"current","height":600}},{"type":"Feature","geometry":{"type":"Polygon","coordinates":[[[18.143067510738252,59.46320378765435],[18.143067510738252,59.47119460321488],[18.14706291851852,59.47119460321488],[18.14706291851852,59.46853099802804],[18.15105832629879,59.46853099802804],[18.15105832629879,59.4658673928412],[18.14706291851852,59.4658673928412],[18.14706291851852,59.46320378765435],[18.143067510738252,59.46320378765435]]]},"properties":{"id":"fb-Täby-13","municipality":"Täby","type":"flerbostadshus","view":"current","height":600}},{"type":"Feature","geometry":{"type":"Polygon","coordinates":[[[18.10316503636595,59.452475984580076],[18.11115585192649,59.452475984580076],[18.11115585192649,59.46046680014061],[18.10316503636595,59.46046680014061],[18.10316503636595,59.452475984580076]]]},"properties":{"id":"fb-Täby-14","municipality":"Täby","type":"flerbostadshus","view":"current","height":600}},{"type":"Feature","geometry":{"type":"Polygon","coordinates":[[[18.10321663979633,59.43126023608259],[18.10321663979633,59.42326942052206],[18.1072120475766,59.42326942052206],[18.1072120475766,59.42726482830233],[18.11120745535687,59.42726482830233],[18.11120745535687,59.43126023608259],[18.10321663979633,59.43126023608259]]]},"properties":{"id":"fb-Täby-15","municipality":"Täby","type":"flerbostadshus","view":"current","height":600}},{"type":"Feature","geometry":{"type":"Polygon","coordinates":[[[17.61173810743355,59.565412549848666],[17.64052699474028,59.565412549848666],[17.64052699474028,59.57980699350203],[17.626132551086915,59.57980699350203],[17.626132551086915,59.5942014371554],[17.61173810743355,59.5942014371554],[17.61173810743355,59.565412549848666]]]},"properties":{"id":"fb-Upplands-Bro-0","municipality":"Upplands-Bro","type":"flerbostadshus","view":"current","height":600}},{"type":"Feature","geometry":{"type":"Polygon","coordinates":[[[17.539951801347378,59.596935900090855],[17.56874068865411,59.596935900090855],[17.56874068865411,59.58254145643749],[17.559144392885198,59.58254145643749],[17.559144392885198,59.568147012784124],[17.54954809711629,59.568147012784124],[17.54954809711629,59.58254145643749],[17.539951801347378,59.58254145643749],[17.539951801347378,59.596935900090855]]]},"properties":{"id":"fb-Upplands-Bro-1","municipality":"Upplands-Bro","type":"flerbostadshus","view":"current","height":600}},{"type":"Feature","geometry":{"type":"Polygon","coordinates":[[[17.68408215263562,59.529497452790075],[17.712871039942353,59.529497452790075],[17.712871039942353,59.55828634009681],[17.68408215263562,59.55828634009681],[17.68408215263562,59.529497452790075]]]},"properties":{"id":"fb-Upplands-Bro-2","municipality":"Upplands-Bro","type":"flerbostadshus","view":"current","height":600}},{"type":"Feature","geometry":{"type":"Polygon","coordinates":[[[17.46835141258972,59.49624580916605],[17.49714029989645,59.49624580916605],[17.49714029989645,59.510640252819414],[17.482745856243085,59.510640252819414],[17.482745856243085,59.52503469647278],[17.46835141258972,59.52503469647278],[17.46835141258972,59.49624580916605]]]},"properties":{"id":"fb-Upplands-Bro-3","municipality":"Upplands-Bro","type":"flerbostadshus","view":"current","height":600}},{"type":"Feature","geometry":{"type":"Polygon","coordinates":[[[17.720440091278203,59.522371243038215],[17.749228978584934,59.522371243038215],[17.749228978584934,59.50797679938485],[17.739632682816023,59.50797679938485],[17.739632682816023,59.49358235573148],[17.730036387047114,59.49358235573148],[17.730036387047114,59.50797679938485],[17.720440091278203,59.50797679938485],[17.720440091278203,59.522371243038215]]]},"properties":{"id":"fb-Upplands-Bro-4","municipality":"Upplands-Bro","type":"flerbostadshus","view":"current","height":600}},{"type":"Feature","geometry":{"type":"Polygon","coordinates":[[[17.540695457791788,59.6042751486411],[17.56948434509852,59.6042751486411],[17.56948434509852,59.63306403594783],[17.540695457791788,59.63306403594783],[17.540695457791788,59.6042751486411]]]},"properties":{"id":"fb-Upplands-Bro-5","municipality":"Upplands-Bro","type":"flerbostadshus","view":"current","height":600}},{"type":"Feature","geometry":{"type":"Polygon","coordinates":[[[17.50489526341296,59.4936533678063],[17.53368415071969,59.4936533678063],[17.53368415071969,59.50804781145967],[17.519289707066324,59.50804781145967],[17.519289707066324,59.522442255113035],[17.50489526341296,59.522442255113035],[17.50489526341296,59.4936533678063]]]},"properties":{"id":"fb-Upplands-Bro-6","municipality":"Upplands-Bro","type":"flerbostadshus","view":"current","height":600}},{"type":"Feature","geometry":{"type":"Polygon","coordinates":[[[17.921747034991753,59.52052683907267],[17.93388599324566,59.52052683907267],[17.93388599324566,59.52659631819963],[17.927816514118707,59.52659631819963],[17.927816514118707,59.53266579732659],[17.921747034991753,59.53266579732659],[17.921747034991753,59.52052683907267]]]},"properties":{"id":"fb-Upplands-Väsby-0","municipality":"Upplands-Väsby","type":"flerbostadshus","view":"current","height":600}},{"type":"Feature","geometry":{"type":"Polygon","coordinates":[[[17.876304333296133,59.53154274126379],[17.88844329155004,59.53154274126379],[17.88844329155004,59.525473262136835],[17.88439697213207,59.525473262136835],[17.88439697213207,59.51940378300988],[17.880350652714103,59.51940378300988],[17.880350652714103,59.525473262136835],[17.876304333296133,59.525473262136835],[17.876304333296133,59.53154274126379]]]},"properties":{"id":"fb-Upplands-Väsby-1","municipality":"Upplands-Väsby","type":"flerbostadshus","view":"current","height":600}},{"type":"Feature","geometry":{"type":"Polygon","coordinates":[[[17.906730120144786,59.52055678161969],[17.918869078398693,59.52055678161969],[17.918869078398693,59.5326957398736],[17.906730120144786,59.5326957398736],[17.906730120144786,59.52055678161969]]]},"properties":{"id":"fb-Upplands-Väsby-2","municipality":"Upplands-Väsby","type":"flerbostadshus","view":"current","height":600}},{"type":"Feature","geometry":{"type":"Polygon","coordinates":[[[17.96750330317086,59.504260027739505],[17.979642261424768,59.504260027739505],[17.979642261424768,59.51032950686646],[17.973572782297815,59.51032950686646],[17.973572782297815,59.51639898599342],[17.96750330317086,59.51639898599342],[17.96750330317086,59.504260027739505]]]},"properties":{"id":"fb-Upplands-Väsby-3","municipality":"Upplands-Väsby","type":"flerbostadshus","view":"current","height":600}},{"type":"Feature","geometry":{"type":"Polygon","coordinates":[[[17.95240799656736,59.517551985145886],[17.964546954821266,59.517551985145886],[17.964546954821266,59.51148250601893],[17.960500635403296,59.51148250601893],[17.960500635403296,59.50541302689197],[17.95645431598533,59.50541302689197],[17.95645431598533,59.51148250601893],[17.95240799656736,59.51148250601893],[17.95240799656736,59.517551985145886]]]},"properties":{"id":"fb-Upplands-Väsby-4","municipality":"Upplands-Väsby","type":"flerbostadshus","view":"current","height":600}},{"type":"Feature","geometry":{"type":"Polygon","coordinates":[[[17.952486388323894,59.48911627301179],[17.9646253465778,59.48911627301179],[17.9646253465778,59.5012552312657],[17.952486388323894,59.5012552312657],[17.952486388323894,59.48911627301179]]]},"properties":{"id":"fb-Upplands-Väsby-5","municipality":"Upplands-Väsby","type":"flerbostadshus","view":"current","height":600}},{"type":"Feature","geometry":{"type":"Polygon","coordinates":[[[17.891869988268237,59.4902692716216],[17.904008946522143,59.4902692716216],[17.904008946522143,59.496338750748556],[17.89793946739519,59.496338750748556],[17.89793946739519,59.50240822987551],[17.891869988268237,59.50240822987551],[17.891869988268237,59.4902692716216]]]},"properties":{"id":"fb-Upplands-Väsby-6","municipality":"Upplands-Väsby","type":"flerbostadshus","view":"current","height":600}},{"type":"Feature","geometry":{"type":"Polygon","coordinates":[[[17.982990566929082,59.531632569447495],[17.99512952518299,59.531632569447495],[17.99512952518299,59.52556309032054],[17.99108320576502,59.52556309032054],[17.99108320576502,59.51949361119358],[17.987036886347052,59.51949361119358],[17.987036886347052,59.52556309032054],[17.982990566929082,59.52556309032054],[17.982990566929082,59.531632569447495]]]},"properties":{"id":"fb-Upplands-Väsby-7","municipality":"Upplands-Väsby","type":"flerbostadshus","view":"current","height":600}},{"type":"Feature","geometry":{"type":"Polygon","coordinates":[[[17.952721562508195,59.5206466098034],[17.9648605207621,59.5206466098034],[17.9648605207621,59.532785568057314],[17.952721562508195,59.532785568057314],[17.952721562508195,59.5206466098034]]]},"properties":{"id":"fb-Upplands-Väsby-8","municipality":"Upplands-Väsby","type":"flerbostadshus","view":"current","height":600}},{"type":"Feature","geometry":{"type":"Polygon","coordinates":[[[17.86175776736042,59.53469725210064],[17.873896725614326,59.53469725210064],[17.873896725614326,59.5407667312276],[17.867827246487373,59.5407667312276],[17.867827246487373,59.546836210354556],[17.86175776736042,59.546836210354556],[17.86175776736042,59.53469725210064]]]},"properties":{"id":"fb-Upplands-Väsby-9","municipality":"Upplands-Väsby","type":"flerbostadshus","view":"current","height":600}},{"type":"Feature","geometry":{"type":"Polygon","coordinates":[[[17.816315065122147,59.56088685210915],[17.828454023376054,59.56088685210915],[17.828454023376054,59.55481737298219],[17.824407703958084,59.55481737298219],[17.824407703958084,59.548747893855236],[17.820361384540117,59.548747893855236],[17.820361384540117,59.55481737298219],[17.816315065122147,59.55481737298219],[17.816315065122147,59.56088685210915]]]},"properties":{"id":"fb-Upplands-Väsby-10","municipality":"Upplands-Väsby","type":"flerbostadshus","view":"current","height":600}},{"type":"Feature","geometry":{"type":"Polygon","coordinates":[[[17.861914550330837,59.51955349683027],[17.874053508584744,59.51955349683027],[17.874053508584744,59.53169245508418],[17.861914550330837,59.53169245508418],[17.861914550330837,59.51955349683027]]]},"properties":{"id":"fb-Upplands-Väsby-11","municipality":"Upplands-Väsby","type":"flerbostadshus","view":"current","height":600}},{"type":"Feature","geometry":{"type":"Polygon","coordinates":[[[17.968208826266416,59.518430440767474],[17.980347784520323,59.518430440767474],[17.980347784520323,59.52449991989443],[17.97427830539337,59.52449991989443],[17.97427830539337,59.53056939902139],[17.968208826266416,59.53056939902139],[17.968208826266416,59.518430440767474]]]},"properties":{"id":"fb-Upplands-Väsby-12","municipality":"Upplands-Väsby","type":"flerbostadshus","view":"current","height":600}},{"type":"Feature","geometry":{"type":"Polygon","coordinates":[[[18.152017029473452,59.559423655408125],[18.180141053495245,59.559423655408125],[18.180141053495245,59.58754767942992],[18.152017029473452,59.58754767942992],[18.152017029473452,59.559423655408125]]]},"properties":{"id":"fb-Vallentuna-0","municipality":"Vallentuna","type":"flerbostadshus","view":"current","height":600}},{"type":"Feature","geometry":{"type":"Polygon","coordinates":[[[18.327973800138103,59.562094969019775],[18.356097824159896,59.562094969019775],[18.356097824159896,59.57615698103067],[18.342035812149,59.57615698103067],[18.342035812149,59.59021899304157],[18.327973800138103,59.59021899304157],[18.327973800138103,59.562094969019775]]]},"properties":{"id":"fb-Vallentuna-1","municipality":"Vallentuna","type":"flerbostadshus","view":"current","height":600}},{"type":"Feature","geometry":{"type":"Polygon","coordinates":[[[18.082070210475912,59.62277208201921],[18.110194234497705,59.62277208201921],[18.110194234497705,59.608710070008314],[18.100819559823773,59.608710070008314],[18.100819559823773,59.59464805799742],[18.091444885149844,59.59464805799742],[18.091444885149844,59.608710070008314],[18.082070210475912,59.608710070008314],[18.082070210475912,59.62277208201921]]]},"properties":{"id":"fb-Vallentuna-2","municipality":"Vallentuna","type":"flerbostadshus","view":"current","height":600}},{"type":"Feature","geometry":{"type":"Polygon","coordinates":[[[18.117406861031615,59.52700931155458],[18.145530885053407,59.52700931155458],[18.145530885053407,59.55513333557637],[18.117406861031615,59.55513333557637],[18.117406861031615,59.52700931155458]]]},"properties":{"id":"fb-Vallentuna-3","municipality":"Vallentuna","type":"flerbostadshus","view":"current","height":600}},{"type":"Feature","geometry":{"type":"Polygon","coordinates":[[[18.35938063486829,59.44822856592882],[18.386418116600648,59.44822856592882],[18.386418116600648,59.43470982506264],[18.377405622689864,59.43470982506264],[18.377405622689864,59.42119108419646],[18.368393128779076,59.42119108419646],[18.368393128779076,59.43470982506264],[18.35938063486829,59.43470982506264],[18.35938063486829,59.44822856592882]]]},"properties":{"id":"fb-Vaxholm-0","municipality":"Vaxholm","type":"flerbostadshus","view":"current","height":600}},{"type":"Feature","geometry":{"type":"Polygon","coordinates":[[[18.190570978454456,59.38996234192958],[18.217608460186813,59.38996234192958],[18.217608460186813,59.416999823661946],[18.190570978454456,59.416999823661946],[18.190570978454456,59.38996234192958]]]},"properties":{"id":"fb-Vaxholm-1","municipality":"Vaxholm","type":"flerbostadshus","view":"current","height":600}},{"type":"Feature","geometry":{"type":"Polygon","coordinates":[[[19.285375336218383,59.46859445125878],[19.333375336218385,59.46859445125878],[19.333375336218385,59.44459445125878],[19.317375336218383,59.44459445125878],[19.317375336218383,59.42059445125878],[19.301375336218385,59.42059445125878],[19.301375336218385,59.44459445125878],[19.285375336218383,59.44459445125878],[19.285375336218383,59.46859445125878]]]},"properties":{"id":"fb-Värmdö-0","municipality":"Värmdö","type":"flerbostadshus","view":"current","height":600}},{"type":"Feature","geometry":{"type":"Polygon","coordinates":[[[19.105685311604052,59.305153650830384],[19.153685311604054,59.305153650830384],[19.153685311604054,59.353153650830386],[19.105685311604052,59.353153650830386],[19.105685311604052,59.305153650830384]]]},"properties":{"id":"fb-Värmdö-1","municipality":"Värmdö","type":"flerbostadshus","view":"current","height":600}},{"type":"Feature","geometry":{"type":"Polygon","coordinates":[[[18.625995289135496,59.36071285254776],[18.673995289135497,59.36071285254776],[18.673995289135497,59.408712852547765],[18.625995289135496,59.408712852547765],[18.625995289135496,59.36071285254776]]]},"properties":{"id":"fb-Värmdö-2","municipality":"Värmdö","type":"flerbostadshus","view":"current","height":600}},{"type":"Feature","geometry":{"type":"Polygon","coordinates":[[[19.046305264521152,59.47327205211938],[19.094305264521154,59.47327205211938],[19.094305264521154,59.449272052119376],[19.078305264521152,59.449272052119376],[19.078305264521152,59.425272052119375],[19.062305264521154,59.425272052119375],[19.062305264521154,59.449272052119376],[19.046305264521152,59.449272052119376],[19.046305264521152,59.47327205211938]]]},"properties":{"id":"fb-Värmdö-3","municipality":"Värmdö","type":"flerbostadshus","view":"current","height":600}},{"type":"Feature","geometry":{"type":"Polygon","coordinates":[[[18.566615242052595,59.36083125169098],[18.614615242052597,59.36083125169098],[18.614615242052597,59.408831251690984],[18.566615242052595,59.408831251690984],[18.566615242052595,59.36083125169098]]]},"properties":{"id":"fb-Värmdö-4","municipality":"Värmdö","type":"flerbostadshus","view":"current","height":600}},{"type":"Feature","geometry":{"type":"Polygon","coordinates":[[[18.806925217438256,59.425390451262594],[18.854925217438257,59.425390451262594],[18.854925217438257,59.473390451262595],[18.806925217438256,59.473390451262595],[18.806925217438256,59.425390451262594]]]},"properties":{"id":"fb-Värmdö-5","municipality":"Värmdö","type":"flerbostadshus","view":"current","height":600}},{"type":"Feature","geometry":{"type":"Polygon","coordinates":[[[18.387339930508766,59.47662768161879],[18.417378595463084,59.47662768161879],[18.417378595463084,59.491647014095946],[18.402359262985925,59.491647014095946],[18.402359262985925,59.506666346573105],[18.387339930508766,59.506666346573105],[18.387339930508766,59.47662768161879]]]},"properties":{"id":"fb-Österåker-0","municipality":"Österåker","type":"flerbostadshus","view":"current","height":600}},{"type":"Feature","geometry":{"type":"Polygon","coordinates":[[[18.763017227416505,59.47197118763837],[18.793055892370823,59.47197118763837],[18.793055892370823,59.45695185516121],[18.78304300405272,59.45695185516121],[18.78304300405272,59.44193252268405],[18.77303011573461,59.44193252268405],[18.77303011573461,59.45695185516121],[18.763017227416505,59.45695185516121],[18.763017227416505,59.47197118763837]]]},"properties":{"id":"fb-Österåker-1","municipality":"Österåker","type":"flerbostadshus","view":"current","height":600}},{"type":"Feature","geometry":{"type":"Polygon","coordinates":[[[18.913404537166876,59.514250107649055],[18.943443202121195,59.514250107649055],[18.943443202121195,59.54428877260337],[18.913404537166876,59.54428877260337],[18.913404537166876,59.514250107649055]]]},"properties":{"id":"fb-Österåker-2","municipality":"Österåker","type":"flerbostadshus","view":"current","height":600}},{"type":"Feature","geometry":{"type":"Polygon","coordinates":[[[18.275276891866465,59.47955494938573],[18.305315556820783,59.47955494938573],[18.305315556820783,59.49457428186289],[18.290296224343624,59.49457428186289],[18.290296224343624,59.50959361434005],[18.275276891866465,59.50959361434005],[18.275276891866465,59.47955494938573]]]},"properties":{"id":"fb-Österåker-3","municipality":"Österåker","type":"flerbostadshus","view":"current","height":600}},{"type":"Feature","geometry":{"type":"Polygon","coordinates":[[[18.95134083831736,59.54436286811217],[18.98137950327168,59.54436286811217],[18.98137950327168,59.52934353563501],[18.971366614953574,59.52934353563501],[18.971366614953574,59.51432420315785],[18.961353726635465,59.51432420315785],[18.961353726635465,59.52934353563501],[18.95134083831736,59.52934353563501],[18.95134083831736,59.54436286811217]]]},"properties":{"id":"fb-Österåker-4","municipality":"Österåker","type":"flerbostadshus","view":"current","height":600}}]}