{"type":"FeatureCollection","features":[{"type":"Feature","geometry":{"type":"Polygon","coordinates":[[[17.897838461095258,59.19106319592601],[17.909474299903497,59.19106319592601],[17.909474299903497,59.18524527652189],[17.905595686967416,59.18524527652189],[17.905595686967416,59.17942735711777],[17.90171707403134,59.17942735711777],[17.90171707403134,59.18524527652189],[17.897838461095258,59.18524527652189],[17.897838461095258,59.19106319592601]]]},"properties":{"id":"fb-new-Botkyrka-22","municipality":"Botkyrka","type":"flerbostadshus","view":"planned","height":720}},{"type":"Feature","geometry":{"type":"Polygon","coordinates":[[[17.848027832053432,59.19689204924557],[17.85966367086167,59.19689204924557],[17.85966367086167,59.208527888053816],[17.848027832053432,59.208527888053816],[17.848027832053432,59.19689204924557]]]},"properties":{"id":"fb-new-Botkyrka-23","municipality":"Botkyrka","type":"flerbostadshus","view":"planned","height":720}},{"type":"Feature","geometry":{"type":"Polygon","coordinates":[[[17.914575590697698,59.196071851817564],[17.926211429505937,59.196071851817564],[17.926211429505937,59.20188977122169],[17.920393510101817,59.20188977122169],[17.920393510101817,59.20770769062581],[17.914575590697698,59.20770769062581],[17.914575590697698,59.196071851817564]]]},"properties":{"id":"fb-new-Botkyrka-24","municipality":"Botkyrka","type":"flerbostadshus","view":"planned","height":720}},{"type":"Feature","geometry":{"type":"Polygon","coordinates":[[[17.881387588524788,59.1088139946712],[17.893023427333027,59.1088139946712],[17.893023427333027,59.10299607526708],[17.889144814396946,59.10299607526708],[17.889144814396946,59.097178155862956],[17.88526620146087,59.097178155862956],[17.88526620146087,59.10299607526708],[17.881387588524788,59.10299607526708],[17.881387588524788,59.1088139946712]]]},"properties":{"id":"fb-new-Botkyrka-25","municipality":"Botkyrka","type":"flerbostadshus","view":"planned","height":720}},{"type":"Feature","geometry":{"type":"Polygon","coordinates":[[[17.7817090784799,59.11298058570018],[17.793344917288138,59.11298058570018],[17.793344917288138,59.124616424508424],[17.7817090784799,59.124616424508424],[17.7817090784799,59.11298058570018]]]},"properties":{"id":"fb-new-Botkyrka-26","municipality":"Botkyrka","type":"flerbostadshus","view":"planned","height":720}},{"type":"Feature","geometry":{"type":"Polygon","coordinates":[[[17.69865319570024,59.06395477035232],[17.710289034508477,59.06395477035232],[17.710289034508477,59.06977268975644],[17.704471115104358,59.06977268975644],[17.704471115104358,59.075590609160564],[17.69865319570024,59.075590609160564],[17.69865319570024,59.06395477035232]]]},"properties":{"id":"fb-new-Botkyrka-27","municipality":"Botkyrka","type":"flerbostadshus","view":"planned","height":720}},{"type":"Feature","geometry":{"type":"Polygon","coordinates":[[[17.71533307373776,59.10801566547039],[17.726968912546,59.10801566547039],[17.726968912546,59.10219774606627],[17.723090299609918,59.10219774606627],[17.723090299609918,59.096379826662144],[17.71921168667384,59.096379826662144],[17.71921168667384,59.10219774606627],[17.71533307373776,59.10219774606627],[17.71533307373776,59.10801566547039]]]},"properties":{"id":"fb-new-Botkyrka-28","municipality":"Botkyrka","type":"flerbostadshus","view":"planned","height":720}},{"type":"Feature","geometry":{"type":"Polygon","coordinates":[[[17.83174871338509,59.13046714565886],[17.843384552193328,59.13046714565886],[17.843384552193328,59.14210298446711],[17.83174871338509,59.14210298446711],[17.83174871338509,59.13046714565886]]]},"properties":{"id":"fb-new-Botkyrka-29","municipality":"Botkyrka","type":"flerbostadshus","view":"planned","height":720}},{"type":"Feature","geometry":{"type":"Polygon","coordinates":[[[17.865051218291526,59.19613745570652],[17.876687057099765,59.19613745570652],[17.876687057099765,59.20195537511064],[17.870869137695646,59.20195537511064],[17.870869137695646,59.207773294514766],[17.865051218291526,59.207773294514766],[17.865051218291526,59.19613745570652]]]},"properties":{"id":"fb-new-Botkyrka-30","municipality":"Botkyrka","type":"flerbostadshus","view":"planned","height":720}},{"type":"Feature","geometry":{"type":"Polygon","coordinates":[[[17.865108469856445,59.17537010603582],[17.876744308664684,59.17537010603582],[17.876744308664684,59.1695521866317],[17.872865695728603,59.1695521866317],[17.872865695728603,59.163734267227575],[17.868987082792525,59.163734267227575],[17.868987082792525,59.1695521866317],[17.865108469856445,59.1695521866317],[17.865108469856445,59.17537010603582]]]},"properties":{"id":"fb-new-Botkyrka-31","municipality":"Botkyrka","type":"flerbostadshus","view":"planned","height":720}},{"type":"Feature","geometry":{"type":"Polygon","coordinates":[[[17.798675213549387,59.146291443326966],[17.810311052357626,59.146291443326966],[17.810311052357626,59.15792728213521],[17.798675213549387,59.15792728213521],[17.798675213549387,59.146291443326966]]]},"properties":{"id":"fb-new-Botkyrka-32","municipality":"Botkyrka","type":"flerbostadshus","view":"planned","height":720}},{"type":"Feature","geometry":{"type":"Polygon","coordinates":[[[17.765487211376477,59.16375613545477],[17.777123050184716,59.16375613545477],[17.777123050184716,59.16957405485889],[17.771305130780597,59.16957405485889],[17.771305130780597,59.175391974263015],[17.765487211376477,59.175391974263015],[17.765487211376477,59.16375613545477]]]},"properties":{"id":"fb-new-Botkyrka-33","municipality":"Botkyrka","type":"flerbostadshus","view":"planned","height":720}},{"type":"Feature","geometry":{"type":"Polygon","coordinates":[[[17.89852547749641,59.15794914996609],[17.91016131630465,59.15794914996609],[17.91016131630465,59.15213123056197],[17.906282703368568,59.15213123056197],[17.906282703368568,59.14631331115785],[17.90240409043249,59.14631331115785],[17.90240409043249,59.15213123056197],[17.89852547749641,59.15213123056197],[17.89852547749641,59.15794914996609]]]},"properties":{"id":"fb-new-Botkyrka-34","municipality":"Botkyrka","type":"flerbostadshus","view":"planned","height":720}},{"type":"Feature","geometry":{"type":"Polygon","coordinates":[[[17.84871484845458,59.180400630154566],[17.86035068726282,59.180400630154566],[17.86035068726282,59.19203646896281],[17.84871484845458,59.19203646896281],[17.84871484845458,59.180400630154566]]]},"properties":{"id":"fb-new-Botkyrka-35","municipality":"Botkyrka","type":"flerbostadshus","view":"planned","height":720}},{"type":"Feature","geometry":{"type":"Polygon","coordinates":[[[17.848772099623186,59.14633517898873],[17.860407938431425,59.14633517898873],[17.860407938431425,59.15215309839285],[17.854590019027306,59.15215309839285],[17.854590019027306,59.157971017796974],[17.848772099623186,59.157971017796974],[17.848772099623186,59.14633517898873]]]},"properties":{"id":"fb-new-Botkyrka-36","municipality":"Botkyrka","type":"flerbostadshus","view":"planned","height":720}},{"type":"Feature","geometry":{"type":"Polygon","coordinates":[[[17.798961470581357,59.19205833719001],[17.810597309389596,59.19205833719001],[17.810597309389596,59.18624041778589],[17.806718696453515,59.18624041778589],[17.806718696453515,59.180422498381766],[17.802840083517438,59.180422498381766],[17.802840083517438,59.18624041778589],[17.798961470581357,59.18624041778589],[17.798961470581357,59.19205833719001]]]},"properties":{"id":"fb-new-Botkyrka-37","municipality":"Botkyrka","type":"flerbostadshus","view":"planned","height":720}},{"type":"Feature","geometry":{"type":"Polygon","coordinates":[[[17.882131856094542,59.21284755469159],[17.89376769490278,59.21284755469159],[17.89376769490278,59.22448339349984],[17.882131856094542,59.22448339349984],[17.882131856094542,59.21284755469159]]]},"properties":{"id":"fb-new-Botkyrka-38","municipality":"Botkyrka","type":"flerbostadshus","view":"planned","height":720}},{"type":"Feature","geometry":{"type":"Polygon","coordinates":[[[18.03871312556523,59.40181804502103],[18.046639501531196,59.40181804502103],[18.046639501531196,59.39785485703805],[18.04399737620921,59.39785485703805],[18.04399737620921,59.393891669055066],[18.041355250887218,59.393891669055066],[18.041355250887218,59.39785485703805],[18.03871312556523,59.39785485703805],[18.03871312556523,59.40181804502103]]]},"properties":{"id":"fb-new-Danderyd-6","municipality":"Danderyd","type":"flerbostadshus","view":"planned","height":720}},{"type":"Feature","geometry":{"type":"Polygon","coordinates":[[[18.106692490828273,59.405788681227214],[18.11461886679424,59.405788681227214],[18.11461886679424,59.41371505719318],[18.106692490828273,59.41371505719318],[18.106692490828273,59.405788681227214]]]},"properties":{"id":"fb-new-Danderyd-7","municipality":"Danderyd","type":"flerbostadshus","view":"planned","height":720}},{"type":"Feature","geometry":{"type":"Polygon","coordinates":[[[18.0614379137204,59.405229959873544],[18.069364289686366,59.405229959873544],[18.069364289686366,59.40919314785653],[18.065401101703383,59.40919314785653],[18.065401101703383,59.41315633583951],[18.0614379137204,59.41315633583951],[18.0614379137204,59.405229959873544]]]},"properties":{"id":"fb-new-Danderyd-8","municipality":"Danderyd","type":"flerbostadshus","view":"planned","height":720}},{"type":"Feature","geometry":{"type":"Polygon","coordinates":[[[18.015050997188816,59.436376742248754],[18.02297737315478,59.436376742248754],[18.02297737315478,59.43241355426577],[18.020335247832794,59.43241355426577],[18.020335247832794,59.42845036628279],[18.017693122510803,59.42845036628279],[18.017693122510803,59.43241355426577],[18.015050997188816,59.43241355426577],[18.015050997188816,59.436376742248754]]]},"properties":{"id":"fb-new-Danderyd-9","municipality":"Danderyd","type":"flerbostadshus","view":"planned","height":720}},{"type":"Feature","geometry":{"type":"Polygon","coordinates":[[[17.49972390267955,59.35085170399399],[17.528189301657584,59.35085170399399],[17.528189301657584,59.37931710297202],[17.49972390267955,59.37931710297202],[17.49972390267955,59.35085170399399]]]},"properties":{"id":"fb-new-Ekerö-1","municipality":"Ekerö","type":"flerbostadshus","view":"planned","height":720}},{"type":"Feature","geometry":{"type":"Polygon","coordinates":[[[17.743853093976448,59.34884520963647],[17.772318492954483,59.34884520963647],[17.772318492954483,59.36307790912549],[17.758085793465465,59.36307790912549],[17.758085793465465,59.3773106086145],[17.743853093976448,59.3773106086145],[17.743853093976448,59.34884520963647]]]},"properties":{"id":"fb-new-Ekerö-2","municipality":"Ekerö","type":"flerbostadshus","view":"planned","height":720}},{"type":"Feature","geometry":{"type":"Polygon","coordinates":[[[17.78465800685882,59.31024034519464],[17.813123405836855,59.31024034519464],[17.813123405836855,59.33870574417267],[17.78465800685882,59.33870574417267],[17.78465800685882,59.31024034519464]]]},"properties":{"id":"fb-new-Ekerö-3","municipality":"Ekerö","type":"flerbostadshus","view":"planned","height":720}},{"type":"Feature","geometry":{"type":"Polygon","coordinates":[[[17.70346835269248,59.38956356220294],[17.731933751670514,59.38956356220294],[17.731933751670514,59.418028961180966],[17.70346835269248,59.418028961180966],[17.70346835269248,59.38956356220294]]]},"properties":{"id":"fb-new-Ekerö-4","municipality":"Ekerö","type":"flerbostadshus","view":"planned","height":720}},{"type":"Feature","geometry":{"type":"Polygon","coordinates":[[[17.459619275764215,59.391623553413716],[17.48808467474225,59.391623553413716],[17.48808467474225,59.40585625290273],[17.473851975253233,59.40585625290273],[17.473851975253233,59.420088952391744],[17.459619275764215,59.420088952391744],[17.459619275764215,59.391623553413716]]]},"properties":{"id":"fb-new-Ekerö-5","municipality":"Ekerö","type":"flerbostadshus","view":"planned","height":720}},{"type":"Feature","geometry":{"type":"Polygon","coordinates":[[[18.51347865528725,59.15144402100565],[18.53915246767484,59.15144402100565],[18.53915246767484,59.17711783339325],[18.51347865528725,59.17711783339325],[18.51347865528725,59.15144402100565]]]},"properties":{"id":"fb-new-Haninge-22","municipality":"Haninge","type":"flerbostadshus","view":"planned","height":720}},{"type":"Feature","geometry":{"type":"Polygon","coordinates":[[[18.403574352195943,59.04327136528803],[18.42924816458353,59.04327136528803],[18.42924816458353,59.06894517767562],[18.403574352195943,59.06894517767562],[18.403574352195943,59.04327136528803]]]},"properties":{"id":"fb-new-Haninge-23","municipality":"Haninge","type":"flerbostadshus","view":"planned","height":720}},{"type":"Feature","geometry":{"type":"Polygon","coordinates":[[[18.183639425460846,59.004784771765294],[18.209313237848434,59.004784771765294],[18.209313237848434,59.01762167795909],[18.19647633165464,59.01762167795909],[18.19647633165464,59.03045858415289],[18.183639425460846,59.03045858415289],[18.183639425460846,59.004784771765294]]]},"properties":{"id":"fb-new-Haninge-24","municipality":"Haninge","type":"flerbostadshus","view":"planned","height":720}},{"type":"Feature","geometry":{"type":"Polygon","coordinates":[[[18.477180745603064,59.04331961540533],[18.502854557990652,59.04331961540533],[18.502854557990652,59.068993427792925],[18.477180745603064,59.068993427792925],[18.477180745603064,59.04331961540533]]]},"properties":{"id":"fb-new-Haninge-25","municipality":"Haninge","type":"flerbostadshus","view":"planned","height":720}},{"type":"Feature","geometry":{"type":"Polygon","coordinates":[[[18.33059956854679,58.93147927220377],[18.35627338093438,58.93147927220377],[18.35627338093438,58.95715308459136],[18.33059956854679,58.95715308459136],[18.33059956854679,58.93147927220377]]]},"properties":{"id":"fb-new-Haninge-26","municipality":"Haninge","type":"flerbostadshus","view":"planned","height":720}},{"type":"Feature","geometry":{"type":"Polygon","coordinates":[[[18.110664640937248,59.00669099155766],[18.136338453324836,59.00669099155766],[18.136338453324836,59.01952789775146],[18.123501547131042,59.01952789775146],[18.123501547131042,59.032364803945256],[18.110664640937248,59.032364803945256],[18.110664640937248,59.00669099155766]]]},"properties":{"id":"fb-new-Haninge-27","municipality":"Haninge","type":"flerbostadshus","view":"planned","height":720}},{"type":"Feature","geometry":{"type":"Polygon","coordinates":[[[18.220821587756852,59.10390883494076],[18.24649540014444,59.10390883494076],[18.24649540014444,59.09107192874696],[18.23793746268191,59.09107192874696],[18.23793746268191,59.078235022553166],[18.229379525219382,59.078235022553166],[18.229379525219382,59.09107192874696],[18.220821587756852,59.09107192874696],[18.220821587756852,59.10390883494076]]]},"properties":{"id":"fb-new-Haninge-28","municipality":"Haninge","type":"flerbostadshus","view":"planned","height":720}},{"type":"Feature","geometry":{"type":"Polygon","coordinates":[[[18.25762478402319,59.04341611651437],[18.283298596410777,59.04341611651437],[18.283298596410777,59.06908992890197],[18.25762478402319,59.06908992890197],[18.25762478402319,59.04341611651437]]]},"properties":{"id":"fb-new-Haninge-29","municipality":"Haninge","type":"flerbostadshus","view":"planned","height":720}},{"type":"Feature","geometry":{"type":"Polygon","coordinates":[[[18.294427981163974,58.93157577331281],[18.32010179355156,58.93157577331281],[18.32010179355156,58.944412679506605],[18.307264887357768,58.944412679506605],[18.307264887357768,58.9572495857004],[18.294427981163974,58.9572495857004],[18.294427981163974,58.93157577331281]]]},"properties":{"id":"fb-new-Haninge-30","municipality":"Haninge","type":"flerbostadshus","view":"planned","height":720}},{"type":"Feature","geometry":{"type":"Polygon","coordinates":[[[18.147846803233254,59.105815053858684],[18.17352061562084,59.105815053858684],[18.17352061562084,59.09297814766489],[18.16496267815831,59.09297814766489],[18.16496267815831,59.08014124147109],[18.156404740695784,59.08014124147109],[18.156404740695784,59.09297814766489],[18.147846803233254,59.09297814766489],[18.147846803233254,59.105815053858684]]]},"properties":{"id":"fb-new-Haninge-31","municipality":"Haninge","type":"flerbostadshus","view":"planned","height":720}},{"type":"Feature","geometry":{"type":"Polygon","coordinates":[[[18.147973125534623,58.85827027375127],[18.17364693792221,58.85827027375127],[18.17364693792221,58.88394408613887],[18.147973125534623,58.88394408613887],[18.147973125534623,58.85827027375127]]]},"properties":{"id":"fb-new-Haninge-32","municipality":"Haninge","type":"flerbostadshus","view":"planned","height":720}},{"type":"Feature","geometry":{"type":"Polygon","coordinates":[[[18.148099446961552,59.04351261762341],[18.17377325934914,59.04351261762341],[18.17377325934914,59.05634952381721],[18.160936353155346,59.05634952381721],[18.160936353155346,59.06918643001101],[18.148099446961552,59.06918643001101],[18.148099446961552,59.04351261762341]]]},"properties":{"id":"fb-new-Haninge-33","municipality":"Haninge","type":"flerbostadshus","view":"planned","height":720}},{"type":"Feature","geometry":{"type":"Polygon","coordinates":[[[18.221579518941745,58.957346086809444],[18.247253331329333,58.957346086809444],[18.247253331329333,58.94450918061565],[18.238695393866802,58.94450918061565],[18.238695393866802,58.93167227442185],[18.230137456404275,58.93167227442185],[18.230137456404275,58.94450918061565],[18.221579518941745,58.94450918061565],[18.221579518941745,58.957346086809444]]]},"properties":{"id":"fb-new-Haninge-34","municipality":"Haninge","type":"flerbostadshus","view":"planned","height":720}},{"type":"Feature","geometry":{"type":"Polygon","coordinates":[[[18.148352090689848,59.116914617419546],[18.174025903077435,59.116914617419546],[18.174025903077435,59.14258842980714],[18.148352090689848,59.14258842980714],[18.148352090689848,59.116914617419546]]]},"properties":{"id":"fb-new-Haninge-35","municipality":"Haninge","type":"flerbostadshus","view":"planned","height":720}},{"type":"Feature","geometry":{"type":"Polygon","coordinates":[[[18.441893411706513,59.11510489873623],[18.4675672240941,59.11510489873623],[18.4675672240941,59.127941804930025],[18.454730317900307,59.127941804930025],[18.454730317900307,59.14077871112382],[18.441893411706513,59.14077871112382],[18.441893411706513,59.11510489873623]]]},"properties":{"id":"fb-new-Haninge-36","municipality":"Haninge","type":"flerbostadshus","view":"planned","height":720}},{"type":"Feature","geometry":{"type":"Polygon","coordinates":[[[18.51537348281226,59.10595980508503],[18.54104729519985,59.10595980508503],[18.54104729519985,59.09312289889123],[18.53248935773732,59.09312289889123],[18.53248935773732,59.08028599269743],[18.523931420274792,59.08028599269743],[18.523931420274792,59.09312289889123],[18.51537348281226,59.09312289889123],[18.51537348281226,59.10595980508503]]]},"properties":{"id":"fb-new-Haninge-37","municipality":"Haninge","type":"flerbostadshus","view":"planned","height":720}},{"type":"Feature","geometry":{"type":"Polygon","coordinates":[[[18.03870043220128,59.00512252520972],[18.06437424458887,59.00512252520972],[18.06437424458887,59.030796337597316],[18.03870043220128,59.030796337597316],[18.03870043220128,59.00512252520972]]]},"properties":{"id":"fb-new-Haninge-38","municipality":"Haninge","type":"flerbostadshus","view":"planned","height":720}},{"type":"Feature","geometry":{"type":"Polygon","coordinates":[[[18.11218050330703,59.11334343104465],[18.137854315694618,59.11334343104465],[18.137854315694618,59.126180337238445],[18.125017409500824,59.126180337238445],[18.125017409500824,59.13901724343224],[18.11218050330703,59.13901724343224],[18.11218050330703,59.11334343104465]]]},"properties":{"id":"fb-new-Haninge-39","municipality":"Haninge","type":"flerbostadshus","view":"planned","height":720}},{"type":"Feature","geometry":{"type":"Polygon","coordinates":[[[18.218669762642698,59.140875212232864],[18.244343575030285,59.140875212232864],[18.244343575030285,59.128038306039066],[18.235785637567755,59.128038306039066],[18.235785637567755,59.11520139984527],[18.227227700105228,59.11520139984527],[18.227227700105228,59.128038306039066],[18.218669762642698,59.128038306039066],[18.218669762642698,59.140875212232864]]]},"properties":{"id":"fb-new-Haninge-40","municipality":"Haninge","type":"flerbostadshus","view":"planned","height":720}},{"type":"Feature","geometry":{"type":"Polygon","coordinates":[[[18.255472958909035,59.076714806322535],[18.281146771296623,59.076714806322535],[18.281146771296623,59.10238861871013],[18.255472958909035,59.10238861871013],[18.255472958909035,59.076714806322535]]]},"properties":{"id":"fb-new-Haninge-41","municipality":"Haninge","type":"flerbostadshus","view":"planned","height":720}},{"type":"Feature","geometry":{"type":"Polygon","coordinates":[[[18.0329423382467,59.164298954289656],[18.040614105517683,59.164298954289656],[18.040614105517683,59.16813483792515],[18.03677822188219,59.16813483792515],[18.03677822188219,59.17197072156065],[18.0329423382467,59.17197072156065],[18.0329423382467,59.164298954289656]]]},"properties":{"id":"fb-new-Huddinge-23","municipality":"Huddinge","type":"flerbostadshus","view":"planned","height":720}},{"type":"Feature","geometry":{"type":"Polygon","coordinates":[[[17.934343077576063,59.27116292174589],[17.942014844847048,59.27116292174589],[17.942014844847048,59.267327038110395],[17.939457589090054,59.267327038110395],[17.939457589090054,59.2634911544749],[17.936900333333057,59.2634911544749],[17.936900333333057,59.267327038110395],[17.934343077576063,59.267327038110395],[17.934343077576063,59.27116292174589]]]},"properties":{"id":"fb-new-Huddinge-24","municipality":"Huddinge","type":"flerbostadshus","view":"planned","height":720}},{"type":"Feature","geometry":{"type":"Polygon","coordinates":[[[18.033017832445093,59.1752730398648],[18.040689599716078,59.1752730398648],[18.040689599716078,59.18294480713579],[18.033017832445093,59.18294480713579],[18.033017832445093,59.1752730398648]]]},"properties":{"id":"fb-new-Huddinge-25","municipality":"Huddinge","type":"flerbostadshus","view":"planned","height":720}},{"type":"Feature","geometry":{"type":"Polygon","coordinates":[[[18.0878539171942,59.19774756734017],[18.095525684465184,59.19774756734017],[18.095525684465184,59.20158345097567],[18.09168980082969,59.20158345097567],[18.09168980082969,59.205419334611165],[18.0878539171942,59.205419334611165],[18.0878539171942,59.19774756734017]]]},"properties":{"id":"fb-new-Huddinge-26","municipality":"Huddinge","type":"flerbostadshus","view":"planned","height":720}},{"type":"Feature","geometry":{"type":"Polygon","coordinates":[[[18.13173033441332,59.22679789530088],[18.139402101684304,59.22679789530088],[18.139402101684304,59.22296201166538],[18.13684484592731,59.22296201166538],[18.13684484592731,59.219126128029885],[18.134287590170313,59.219126128029885],[18.134287590170313,59.22296201166538],[18.13173033441332,59.22296201166538],[18.13173033441332,59.22679789530088]]]},"properties":{"id":"fb-new-Huddinge-27","municipality":"Huddinge","type":"flerbostadshus","view":"planned","height":720}},{"type":"Feature","geometry":{"type":"Polygon","coordinates":[[[18.06601007633263,59.2196813204453],[18.073681843603616,59.2196813204453],[18.073681843603616,59.22735308771629],[18.06601007633263,59.22735308771629],[18.06601007633263,59.2196813204453]]]},"properties":{"id":"fb-new-Huddinge-28","municipality":"Huddinge","type":"flerbostadshus","view":"planned","height":720}},{"type":"Feature","geometry":{"type":"Polygon","coordinates":[[[18.022209153311906,59.17530187595512],[18.02988092058289,59.17530187595512],[18.02988092058289,59.17913775959062],[18.026045036947398,59.17913775959062],[18.026045036947398,59.18297364322611],[18.022209153311906,59.18297364322611],[18.022209153311906,59.17530187595512]]]},"properties":{"id":"fb-new-Huddinge-29","municipality":"Huddinge","type":"flerbostadshus","view":"planned","height":720}},{"type":"Feature","geometry":{"type":"Polygon","coordinates":[[[18.09896457308831,59.18352883564152],[18.106636340359294,59.18352883564152],[18.106636340359294,59.17969295200602],[18.1040790846023,59.17969295200602],[18.1040790846023,59.175857068370526],[18.101521828845303,59.175857068370526],[18.101521828845303,59.17969295200602],[18.09896457308831,59.17969295200602],[18.09896457308831,59.18352883564152]]]},"properties":{"id":"fb-new-Huddinge-30","municipality":"Huddinge","type":"flerbostadshus","view":"planned","height":720}},{"type":"Feature","geometry":{"type":"Polygon","coordinates":[[[17.901728304647843,59.24107429918016],[17.909400071918828,59.24107429918016],[17.909400071918828,59.248746066451154],[17.901728304647843,59.248746066451154],[17.901728304647843,59.24107429918016]]]},"properties":{"id":"fb-new-Huddinge-31","municipality":"Huddinge","type":"flerbostadshus","view":"planned","height":720}},{"type":"Feature","geometry":{"type":"Polygon","coordinates":[[[18.077120732226742,59.18683115394567],[18.084792499497727,59.18683115394567],[18.084792499497727,59.190667037581164],[18.080956615862235,59.190667037581164],[18.080956615862235,59.19450292121666],[18.077120732226742,59.19450292121666],[18.077120732226742,59.18683115394567]]]},"properties":{"id":"fb-new-Huddinge-32","municipality":"Huddinge","type":"flerbostadshus","view":"planned","height":720}},{"type":"Feature","geometry":{"type":"Polygon","coordinates":[[[17.934682801436185,59.28163948708626],[17.94235456870717,59.28163948708626],[17.94235456870717,59.277803603450764],[17.939797312950176,59.277803603450764],[17.939797312950176,59.27396771981527],[17.93724005719318,59.27396771981527],[17.93724005719318,59.277803603450764],[17.934682801436185,59.277803603450764],[17.934682801436185,59.28163948708626]]]},"properties":{"id":"fb-new-Huddinge-33","municipality":"Huddinge","type":"flerbostadshus","view":"planned","height":720}},{"type":"Feature","geometry":{"type":"Polygon","coordinates":[[[18.08815589395512,59.17588590446085],[18.095827661226103,59.17588590446085],[18.095827661226103,59.18355767173184],[18.08815589395512,59.18355767173184],[18.08815589395512,59.17588590446085]]]},"properties":{"id":"fb-new-Huddinge-34","municipality":"Huddinge","type":"flerbostadshus","view":"planned","height":720}},{"type":"Feature","geometry":{"type":"Polygon","coordinates":[[[18.02133966912143,59.230143467740504],[18.029011436392416,59.230143467740504],[18.029011436392416,59.233979351376],[18.025175552756924,59.233979351376],[18.025175552756924,59.237815235011496],[18.02133966912143,59.237815235011496],[18.02133966912143,59.230143467740504]]]},"properties":{"id":"fb-new-Huddinge-35","municipality":"Huddinge","type":"flerbostadshus","view":"planned","height":720}},{"type":"Feature","geometry":{"type":"Polygon","coordinates":[[[17.966579078570724,59.26028976248686],[17.97425084584171,59.26028976248686],[17.97425084584171,59.25645387885137],[17.971693590084715,59.25645387885137],[17.971693590084715,59.25261799521587],[17.969136334327718,59.25261799521587],[17.969136334327718,59.25645387885137],[17.966579078570724,59.25645387885137],[17.966579078570724,59.26028976248686]]]},"properties":{"id":"fb-new-Huddinge-36","municipality":"Huddinge","type":"flerbostadshus","view":"planned","height":720}},{"type":"Feature","geometry":{"type":"Polygon","coordinates":[[[18.109092503559676,59.208238550725696],[18.11676427083066,59.208238550725696],[18.11676427083066,59.21591031799669],[18.109092503559676,59.21591031799669],[18.109092503559676,59.208238550725696]]]},"properties":{"id":"fb-new-Huddinge-37","municipality":"Huddinge","type":"flerbostadshus","view":"planned","height":720}},{"type":"Feature","geometry":{"type":"Polygon","coordinates":[[[18.05433191300897,59.175914740551164],[18.062003680279954,59.175914740551164],[18.062003680279954,59.17975062418666],[18.05816779664446,59.17975062418666],[18.05816779664446,59.183586507822156],[18.05433191300897,59.183586507822156],[18.05433191300897,59.175914740551164]]]},"properties":{"id":"fb-new-Huddinge-38","municipality":"Huddinge","type":"flerbostadshus","view":"planned","height":720}},{"type":"Feature","geometry":{"type":"Polygon","coordinates":[[[18.010530989988244,59.19400540098189],[18.01820275725923,59.19400540098189],[18.01820275725923,59.19016951734639],[18.015645501502235,59.19016951734639],[18.015645501502235,59.186333633710895],[18.013088245745237,59.186333633710895],[18.013088245745237,59.19016951734639],[18.010530989988244,59.19016951734639],[18.010530989988244,59.19400540098189]]]},"properties":{"id":"fb-new-Huddinge-39","municipality":"Huddinge","type":"flerbostadshus","view":"planned","height":720}},{"type":"Feature","geometry":{"type":"Polygon","coordinates":[[[17.890012394257646,59.23072749624623],[17.89768416152863,59.23072749624623],[17.89768416152863,59.23839926351722],[17.890012394257646,59.23839926351722],[17.890012394257646,59.23072749624623]]]},"properties":{"id":"fb-new-Huddinge-40","municipality":"Huddinge","type":"flerbostadshus","view":"planned","height":720}},{"type":"Feature","geometry":{"type":"Polygon","coordinates":[[[18.087324156896507,59.219227054346],[18.094995924167492,59.219227054346],[18.094995924167492,59.223062937981496],[18.091160040532,59.223062937981496],[18.091160040532,59.22689882161699],[18.087324156896507,59.22689882161699],[18.087324156896507,59.219227054346]]]},"properties":{"id":"fb-new-Huddinge-41","municipality":"Huddinge","type":"flerbostadshus","view":"planned","height":720}},{"type":"Feature","geometry":{"type":"Polygon","coordinates":[[[18.13120057411563,59.238413681562385],[18.138872341386616,59.238413681562385],[18.138872341386616,59.23457779792689],[18.136315085629622,59.23457779792689],[18.136315085629622,59.23074191429139],[18.133757829872625,59.23074191429139],[18.133757829872625,59.23457779792689],[18.13120057411563,59.23457779792689],[18.13120057411563,59.238413681562385]]]},"properties":{"id":"fb-new-Huddinge-42","municipality":"Huddinge","type":"flerbostadshus","view":"planned","height":720}},{"type":"Feature","geometry":{"type":"Polygon","coordinates":[[[17.97780297579509,59.18636246980122],[17.985474743066074,59.18636246980122],[17.985474743066074,59.19403423707221],[17.97780297579509,59.19403423707221],[17.97780297579509,59.18636246980122]]]},"properties":{"id":"fb-new-Huddinge-43","municipality":"Huddinge","type":"flerbostadshus","view":"planned","height":720}},{"type":"Feature","geometry":{"type":"Polygon","coordinates":[[[17.9120827177144,59.26363533492649],[17.919754484985386,59.26363533492649],[17.919754484985386,59.27130710219748],[17.9120827177144,59.27130710219748],[17.9120827177144,59.26363533492649]]]},"properties":{"id":"fb-new-Huddinge-44","municipality":"Huddinge","type":"flerbostadshus","view":"planned","height":720}},{"type":"Feature","geometry":{"type":"Polygon","coordinates":[[[17.966918802463507,59.23788732523729],[17.97459056973449,59.23788732523729],[17.97459056973449,59.23405144160179],[17.972033313977498,59.23405144160179],[17.972033313977498,59.2302155579663],[17.9694760582205,59.2302155579663],[17.9694760582205,59.23405144160179],[17.966918802463507,59.23405144160179],[17.966918802463507,59.23788732523729]]]},"properties":{"id":"fb-new-Huddinge-45","municipality":"Huddinge","type":"flerbostadshus","view":"planned","height":720}},{"type":"Feature","geometry":{"type":"Polygon","coordinates":[[[17.94503721450274,59.24173041791169],[17.952708981773725,59.24173041791169],[17.952708981773725,59.24940218518268],[17.94503721450274,59.24940218518268],[17.94503721450274,59.24173041791169]]]},"properties":{"id":"fb-new-Huddinge-46","municipality":"Huddinge","type":"flerbostadshus","view":"planned","height":720}},{"type":"Feature","geometry":{"type":"Polygon","coordinates":[[[18.076590971961714,59.17543163836155],[18.0842627392327,59.17543163836155],[18.0842627392327,59.183103405632544],[18.076590971961714,59.183103405632544],[18.076590971961714,59.17543163836155]]]},"properties":{"id":"fb-new-Huddinge-47","municipality":"Huddinge","type":"flerbostadshus","view":"planned","height":720}},{"type":"Feature","geometry":{"type":"Polygon","coordinates":[[[17.988951378821064,59.20886583336691],[17.99662314609205,59.20886583336691],[17.99662314609205,59.2127017170024],[17.992787262456556,59.2127017170024],[17.992787262456556,59.2165376006379],[17.988951378821064,59.2165376006379],[17.988951378821064,59.20886583336691]]]},"properties":{"id":"fb-new-Huddinge-48","municipality":"Huddinge","type":"flerbostadshus","view":"planned","height":720}},{"type":"Feature","geometry":{"type":"Polygon","coordinates":[[[17.99994879345024,59.15352672134675],[18.007620560721225,59.15352672134675],[18.007620560721225,59.16119848861774],[17.99994879345024,59.16119848861774],[17.99994879345024,59.15352672134675]]]},"properties":{"id":"fb-new-Huddinge-49","municipality":"Huddinge","type":"flerbostadshus","view":"planned","height":720}},{"type":"Feature","geometry":{"type":"Polygon","coordinates":[[[17.967107537959496,59.20888025141207],[17.97477930523048,59.20888025141207],[17.97477930523048,59.21655201868306],[17.967107537959496,59.21655201868306],[17.967107537959496,59.20888025141207]]]},"properties":{"id":"fb-new-Huddinge-50","municipality":"Huddinge","type":"flerbostadshus","view":"planned","height":720}},{"type":"Feature","geometry":{"type":"Polygon","coordinates":[[[17.945225949998733,59.274097482221705],[17.952897717269718,59.274097482221705],[17.952897717269718,59.2779333658572],[17.949061833634225,59.2779333658572],[17.949061833634225,59.2817692494927],[17.945225949998733,59.2817692494927],[17.945225949998733,59.274097482221705]]]},"properties":{"id":"fb-new-Huddinge-51","municipality":"Huddinge","type":"flerbostadshus","view":"planned","height":720}},{"type":"Feature","geometry":{"type":"Polygon","coordinates":[[[18.05486037239774,59.20889466945722],[18.062532139668726,59.20889466945722],[18.062532139668726,59.216566436728215],[18.05486037239774,59.216566436728215],[18.05486037239774,59.20889466945722]]]},"properties":{"id":"fb-new-Huddinge-52","municipality":"Huddinge","type":"flerbostadshus","view":"planned","height":720}},{"type":"Feature","geometry":{"type":"Polygon","coordinates":[[[17.95626111172711,59.19739422755699],[17.963932878998094,59.19739422755699],[17.963932878998094,59.20506599482798],[17.95626111172711,59.20506599482798],[17.95626111172711,59.19739422755699]]]},"properties":{"id":"fb-new-Huddinge-53","municipality":"Huddinge","type":"flerbostadshus","view":"planned","height":720}},{"type":"Feature","geometry":{"type":"Polygon","coordinates":[[[18.033016531536177,59.15411074985248],[18.04068829880716,59.15411074985248],[18.04068829880716,59.157946633487974],[18.03685241517167,59.157946633487974],[18.03685241517167,59.16178251712347],[18.033016531536177,59.16178251712347],[18.033016531536177,59.15411074985248]]]},"properties":{"id":"fb-new-Huddinge-54","municipality":"Huddinge","type":"flerbostadshus","view":"planned","height":720}},{"type":"Feature","geometry":{"type":"Polygon","coordinates":[[[17.76477092724215,59.4139035251665],[17.770337994085057,59.4139035251665],[17.770337994085057,59.419470592009404],[17.76477092724215,59.419470592009404],[17.76477092724215,59.4139035251665]]]},"properties":{"id":"fb-new-Järfälla-24","municipality":"Järfälla","type":"flerbostadshus","view":"planned","height":720}},{"type":"Feature","geometry":{"type":"Polygon","coordinates":[[[17.83637489207546,59.43021230949085],[17.84194195891837,59.43021230949085],[17.84194195891837,59.4329958429123],[17.839158425496915,59.4329958429123],[17.839158425496915,59.43577937633375],[17.83637489207546,59.43577937633375],[17.83637489207546,59.43021230949085]]]},"properties":{"id":"fb-new-Järfälla-25","municipality":"Järfälla","type":"flerbostadshus","view":"planned","height":720}},{"type":"Feature","geometry":{"type":"Polygon","coordinates":[[[17.844355236226235,59.451292865015596],[17.849922303069143,59.451292865015596],[17.849922303069143,59.448509331594146],[17.848066614121507,59.448509331594146],[17.848066614121507,59.445725798172695],[17.84621092517387,59.445725798172695],[17.84621092517387,59.448509331594146],[17.844355236226235,59.448509331594146],[17.844355236226235,59.451292865015596]]]},"properties":{"id":"fb-new-Järfälla-26","municipality":"Järfälla","type":"flerbostadshus","view":"planned","height":692}},{"type":"Feature","geometry":{"type":"Polygon","coordinates":[[[17.812570817213402,59.4461286772316],[17.81813788405631,59.4461286772316],[17.81813788405631,59.4516957440745],[17.812570817213402,59.4516957440745],[17.812570817213402,59.4461286772316]]]},"properties":{"id":"fb-new-Järfälla-27","municipality":"Järfälla","type":"flerbostadshus","view":"planned","height":664}},{"type":"Feature","geometry":{"type":"Polygon","coordinates":[[[17.836457066629617,59.413924450496346],[17.842024133472524,59.413924450496346],[17.842024133472524,59.416707983917796],[17.83924060005107,59.416707983917796],[17.83924060005107,59.419491517339246],[17.836457066629617,59.419491517339246],[17.836457066629617,59.413924450496346]]]},"properties":{"id":"fb-new-Järfälla-28","municipality":"Järfälla","type":"flerbostadshus","view":"planned","height":636}},{"type":"Feature","geometry":{"type":"Polygon","coordinates":[[[17.82853150513572,59.49147096971341],[17.83409857197863,59.49147096971341],[17.83409857197863,59.48868743629196],[17.832242883030993,59.48868743629196],[17.832242883030993,59.48590390287051],[17.830387194083357,59.48590390287051],[17.830387194083357,59.48868743629196],[17.82853150513572,59.48868743629196],[17.82853150513572,59.49147096971341]]]},"properties":{"id":"fb-new-Järfälla-29","municipality":"Järfälla","type":"flerbostadshus","view":"planned","height":720}},{"type":"Feature","geometry":{"type":"Polygon","coordinates":[[[17.76493527559201,59.421887865604376],[17.770502342434916,59.421887865604376],[17.770502342434916,59.427454932447276],[17.76493527559201,59.427454932447276],[17.76493527559201,59.421887865604376]]]},"properties":{"id":"fb-new-Järfälla-30","municipality":"Järfälla","type":"flerbostadshus","view":"planned","height":719}},{"type":"Feature","geometry":{"type":"Polygon","coordinates":[[[17.788821525008224,59.42229074428405],[17.79438859185113,59.42229074428405],[17.79438859185113,59.4250742777055],[17.791605058429678,59.4250742777055],[17.791605058429678,59.42785781112695],[17.788821525008224,59.42785781112695],[17.788821525008224,59.42229074428405]]]},"properties":{"id":"fb-new-Järfälla-31","municipality":"Järfälla","type":"flerbostadshus","view":"planned","height":691}},{"type":"Feature","geometry":{"type":"Polygon","coordinates":[[[17.81270777442444,59.443371300188026],[17.818274841267346,59.443371300188026],[17.818274841267346,59.440587766766576],[17.81641915231971,59.440587766766576],[17.81641915231971,59.437804233345126],[17.814563463372075,59.437804233345126],[17.814563463372075,59.440587766766576],[17.81270777442444,59.440587766766576],[17.81270777442444,59.443371300188026]]]},"properties":{"id":"fb-new-Järfälla-32","municipality":"Järfälla","type":"flerbostadshus","view":"planned","height":663}},{"type":"Feature","geometry":{"type":"Polygon","coordinates":[[[17.852499928726868,59.42230120713859],[17.858066995569775,59.42230120713859],[17.858066995569775,59.42786827398149],[17.852499928726868,59.42786827398149],[17.852499928726868,59.42230120713859]]]},"properties":{"id":"fb-new-Järfälla-33","municipality":"Järfälla","type":"flerbostadshus","view":"planned","height":634}},{"type":"Feature","geometry":{"type":"Polygon","coordinates":[[[17.796856651815876,59.39804993265683],[17.802423718658783,59.39804993265683],[17.802423718658783,59.40083346607828],[17.79964018523733,59.40083346607828],[17.79964018523733,59.40361699949973],[17.796856651815876,59.40361699949973],[17.796856651815876,59.39804993265683]]]},"properties":{"id":"fb-new-Järfälla-34","municipality":"Järfälla","type":"flerbostadshus","view":"planned","height":720}},{"type":"Feature","geometry":{"type":"Polygon","coordinates":[[[17.86846061702841,59.41992578382408],[17.87402768387132,59.41992578382408],[17.87402768387132,59.41714225040263],[17.872171994923683,59.41714225040263],[17.872171994923683,59.41435871698118],[17.870316305976047,59.41435871698118],[17.870316305976047,59.41714225040263],[17.86846061702841,59.41714225040263],[17.86846061702841,59.41992578382408]]]},"properties":{"id":"fb-new-Järfälla-35","municipality":"Järfälla","type":"flerbostadshus","view":"planned","height":718}},{"type":"Feature","geometry":{"type":"Polygon","coordinates":[[[17.82872324538286,59.421919253030296],[17.834290312225768,59.421919253030296],[17.834290312225768,59.427486319873196],[17.82872324538286,59.427486319873196],[17.82872324538286,59.421919253030296]]]},"properties":{"id":"fb-new-Järfälla-36","municipality":"Järfälla","type":"flerbostadshus","view":"planned","height":690}},{"type":"Feature","geometry":{"type":"Polygon","coordinates":[[[17.812844731256245,59.47799280051825],[17.818411798099152,59.47799280051825],[17.818411798099152,59.4807763339397],[17.8156282646777,59.4807763339397],[17.8156282646777,59.48355986736115],[17.812844731256245,59.48355986736115],[17.812844731256245,59.47799280051825]]]},"properties":{"id":"fb-new-Järfälla-37","municipality":"Järfälla","type":"flerbostadshus","view":"planned","height":662}},{"type":"Feature","geometry":{"type":"Polygon","coordinates":[[[17.757201454345253,59.403637924450344],[17.76276852118816,59.403637924450344],[17.76276852118816,59.40085439102889],[17.760912832240525,59.40085439102889],[17.760912832240525,59.39807085760744],[17.75905714329289,59.39807085760744],[17.75905714329289,59.40085439102889],[17.757201454345253,59.40085439102889],[17.757201454345253,59.403637924450344]]]},"properties":{"id":"fb-new-Järfälla-38","municipality":"Järfälla","type":"flerbostadshus","view":"planned","height":633}},{"type":"Feature","geometry":{"type":"Polygon","coordinates":[[[17.836758372190513,59.39847373666635],[17.84232543903342,59.39847373666635],[17.84232543903342,59.40404080350925],[17.836758372190513,59.40404080350925],[17.836758372190513,59.39847373666635]]]},"properties":{"id":"fb-new-Järfälla-39","municipality":"Järfälla","type":"flerbostadshus","view":"planned","height":720}},{"type":"Feature","geometry":{"type":"Polygon","coordinates":[[[17.852691668974007,59.413987225727425],[17.858258735816914,59.413987225727425],[17.858258735816914,59.416770759148875],[17.85547520239546,59.416770759148875],[17.85547520239546,59.419554292570325],[17.852691668974007,59.419554292570325],[17.852691668974007,59.413987225727425]]]},"properties":{"id":"fb-new-Järfälla-40","municipality":"Järfälla","type":"flerbostadshus","view":"planned","height":717}},{"type":"Feature","geometry":{"type":"Polygon","coordinates":[[[17.82886020221467,59.44381602914816],[17.834427269057578,59.44381602914816],[17.834427269057578,59.44103249572671],[17.832571580109942,59.44103249572671],[17.832571580109942,59.43824896230526],[17.830715891162306,59.43824896230526],[17.830715891162306,59.44103249572671],[17.82886020221467,59.44103249572671],[17.82886020221467,59.44381602914816]]]},"properties":{"id":"fb-new-Järfälla-41","municipality":"Järfälla","type":"flerbostadshus","view":"planned","height":689}},{"type":"Feature","geometry":{"type":"Polygon","coordinates":[[[17.78912283056912,59.413997688202734],[17.794689897412027,59.413997688202734],[17.794689897412027,59.419564755045634],[17.78912283056912,59.419564755045634],[17.78912283056912,59.413997688202734]]]},"properties":{"id":"fb-new-Järfälla-42","municipality":"Järfälla","type":"flerbostadshus","view":"planned","height":660}},{"type":"Feature","geometry":{"type":"Polygon","coordinates":[[[17.78119726945445,59.42235351951513],[17.786764336297356,59.42235351951513],[17.786764336297356,59.42513705293658],[17.783980802875902,59.42513705293658],[17.783980802875902,59.42792058635803],[17.78119726945445,59.42792058635803],[17.78119726945445,59.42235351951513]]]},"properties":{"id":"fb-new-Järfälla-43","municipality":"Järfälla","type":"flerbostadshus","view":"planned","height":720}},{"type":"Feature","geometry":{"type":"Polygon","coordinates":[[[17.86870713993243,59.4036693122555],[17.874274206775336,59.4036693122555],[17.874274206775336,59.40088577883405],[17.8724185178277,59.40088577883405],[17.8724185178277,59.3981022454126],[17.870562828880065,59.3981022454126],[17.870562828880065,59.40088577883405],[17.86870713993243,59.40088577883405],[17.86870713993243,59.4036693122555]]]},"properties":{"id":"fb-new-Järfälla-44","municipality":"Järfälla","type":"flerbostadshus","view":"planned","height":720}},{"type":"Feature","geometry":{"type":"Polygon","coordinates":[[[17.844875673173092,59.42236398236967],[17.850442740016,59.42236398236967],[17.850442740016,59.42793104921257],[17.844875673173092,59.42793104921257],[17.844875673173092,59.42236398236967]]]},"properties":{"id":"fb-new-Järfälla-45","municipality":"Järfälla","type":"flerbostadshus","view":"planned","height":716}},{"type":"Feature","geometry":{"type":"Polygon","coordinates":[[[17.78127944362938,59.42992451841879],[17.786846510472287,59.42992451841879],[17.786846510472287,59.43270805184024],[17.784062977050834,59.43270805184024],[17.784062977050834,59.43549158526169],[17.78127944362938,59.43549158526169],[17.78127944362938,59.42992451841879]]]},"properties":{"id":"fb-new-Järfälla-46","municipality":"Järfälla","type":"flerbostadshus","view":"planned","height":688}},{"type":"Feature","geometry":{"type":"Polygon","coordinates":[[[17.829024550943757,59.39612970115699],[17.834591617786664,59.39612970115699],[17.834591617786664,59.39334616773554],[17.83273592883903,59.39334616773554],[17.83273592883903,59.39056263431409],[17.830880239891393,59.39056263431409],[17.830880239891393,59.39334616773554],[17.829024550943757,59.39334616773554],[17.829024550943757,59.39612970115699]]]},"properties":{"id":"fb-new-Järfälla-47","municipality":"Järfälla","type":"flerbostadshus","view":"planned","height":659}},{"type":"Feature","geometry":{"type":"Polygon","coordinates":[[[17.797240131930927,59.429934980894096],[17.802807198773834,59.429934980894096],[17.802807198773834,59.435502047736996],[17.797240131930927,59.435502047736996],[17.797240131930927,59.429934980894096]]]},"properties":{"id":"fb-new-Järfälla-48","municipality":"Järfälla","type":"flerbostadshus","view":"planned","height":720}},{"type":"Feature","geometry":{"type":"Polygon","coordinates":[[[17.78136161780431,59.40647900205484],[17.78692868464722,59.40647900205484],[17.78692868464722,59.40926253547629],[17.784145151225765,59.40926253547629],[17.784145151225765,59.41204606889774],[17.78136161780431,59.41204606889774],[17.78136161780431,59.40647900205484]]]},"properties":{"id":"fb-new-Järfälla-49","municipality":"Järfälla","type":"flerbostadshus","view":"planned","height":720}},{"type":"Feature","geometry":{"type":"Polygon","coordinates":[[[17.813200819853243,59.4593713684897],[17.81876788669615,59.4593713684897],[17.81876788669615,59.45658783506825],[17.816912197748515,59.45658783506825],[17.816912197748515,59.4538043016468],[17.81505650880088,59.4538043016468],[17.81505650880088,59.45658783506825],[17.813200819853243,59.45658783506825],[17.813200819853243,59.4593713684897]]]},"properties":{"id":"fb-new-Järfälla-50","municipality":"Järfälla","type":"flerbostadshus","view":"planned","height":715}},{"type":"Feature","geometry":{"type":"Polygon","coordinates":[[[17.813228211371296,59.47011308559191],[17.818795278214203,59.47011308559191],[17.818795278214203,59.47568015243481],[17.813228211371296,59.47568015243481],[17.813228211371296,59.47011308559191]]]},"properties":{"id":"fb-new-Järfälla-51","municipality":"Järfälla","type":"flerbostadshus","view":"planned","height":686}},{"type":"Feature","geometry":{"type":"Polygon","coordinates":[[[18.144481006477612,59.35973540950716],[18.152149261332717,59.35973540950716],[18.152149261332717,59.36356953693471],[18.148315133905164,59.36356953693471],[18.148315133905164,59.367403664362264],[18.144481006477612,59.367403664362264],[18.144481006477612,59.35973540950716]]]},"properties":{"id":"fb-new-Lidingö-13","municipality":"Lidingö","type":"flerbostadshus","view":"planned","height":720}},{"type":"Feature","geometry":{"type":"Polygon","coordinates":[[[18.210246634922278,59.37124499746288],[18.217914889777383,59.37124499746288],[18.217914889777383,59.378913252317986],[18.210246634922278,59.378913252317986],[18.210246634922278,59.37124499746288]]]},"properties":{"id":"fb-new-Lidingö-14","municipality":"Lidingö","type":"flerbostadshus","view":"planned","height":720}},{"type":"Feature","geometry":{"type":"Polygon","coordinates":[[[18.199329715077052,59.37070447064628],[18.206997969932157,59.37070447064628],[18.206997969932157,59.378372725501386],[18.199329715077052,59.378372725501386],[18.199329715077052,59.37070447064628]]]},"properties":{"id":"fb-new-Lidingö-15","municipality":"Lidingö","type":"flerbostadshus","view":"planned","height":720}},{"type":"Feature","geometry":{"type":"Polygon","coordinates":[[[18.155548845591614,59.34935010948414],[18.16321710044672,59.34935010948414],[18.16321710044672,59.353184236911694],[18.159382973019166,59.353184236911694],[18.159382973019166,59.35701836433925],[18.155548845591614,59.35701836433925],[18.155548845591614,59.34935010948414]]]},"properties":{"id":"fb-new-Lidingö-16","municipality":"Lidingö","type":"flerbostadshus","view":"planned","height":720}},{"type":"Feature","geometry":{"type":"Polygon","coordinates":[[[18.122722626160368,59.38934178690169],[18.130390881015472,59.38934178690169],[18.130390881015472,59.385507659474136],[18.12783479606377,59.385507659474136],[18.12783479606377,59.381673532046584],[18.12527871111207,59.381673532046584],[18.12527871111207,59.385507659474136],[18.122722626160368,59.385507659474136],[18.122722626160368,59.38934178690169]]]},"properties":{"id":"fb-new-Lidingö-17","municipality":"Lidingö","type":"flerbostadshus","view":"planned","height":720}},{"type":"Feature","geometry":{"type":"Polygon","coordinates":[[[18.346260659501645,59.26177456285547],[18.353748669225446,59.26177456285547],[18.353748669225446,59.25803055799357],[18.35125266598418,59.25803055799357],[18.35125266598418,59.25428655313167],[18.34875666274291,59.25428655313167],[18.34875666274291,59.25803055799357],[18.346260659501645,59.25803055799357],[18.346260659501645,59.26177456285547]]]},"properties":{"id":"fb-new-Nacka-28","municipality":"Nacka","type":"flerbostadshus","view":"planned","height":720}},{"type":"Feature","geometry":{"type":"Polygon","coordinates":[[[18.260720248479416,59.276222760814555],[18.268208258203217,59.276222760814555],[18.268208258203217,59.283710770538356],[18.260720248479416,59.283710770538356],[18.260720248479416,59.276222760814555]]]},"properties":{"id":"fb-new-Nacka-29","municipality":"Nacka","type":"flerbostadshus","view":"planned","height":720}},{"type":"Feature","geometry":{"type":"Polygon","coordinates":[[[18.314242875184906,59.33987787981575],[18.321730884908707,59.33987787981575],[18.321730884908707,59.34362188467765],[18.317986880046806,59.34362188467765],[18.317986880046806,59.34736588953955],[18.314242875184906,59.34736588953955],[18.314242875184906,59.33987787981575]]]},"properties":{"id":"fb-new-Nacka-30","municipality":"Nacka","type":"flerbostadshus","view":"planned","height":720}},{"type":"Feature","geometry":{"type":"Polygon","coordinates":[[[18.143125210176393,59.30511915673272],[18.150613219900194,59.30511915673272],[18.150613219900194,59.30137515187082],[18.148117216658928,59.30137515187082],[18.148117216658928,59.29763114700892],[18.14562121341766,59.29763114700892],[18.14562121341766,59.30137515187082],[18.143125210176393,59.30137515187082],[18.143125210176393,59.30511915673272]]]},"properties":{"id":"fb-new-Nacka-31","municipality":"Nacka","type":"flerbostadshus","view":"planned","height":720}},{"type":"Feature","geometry":{"type":"Polygon","coordinates":[[[18.292922247616453,59.35058910926183],[18.300410257340253,59.35058910926183],[18.300410257340253,59.35807711898563],[18.292922247616453,59.35807711898563],[18.292922247616453,59.35058910926183]]]},"properties":{"id":"fb-new-Nacka-32","municipality":"Nacka","type":"flerbostadshus","view":"planned","height":720}},{"type":"Feature","geometry":{"type":"Polygon","coordinates":[[[18.260867620327687,59.28694806295842],[18.268355630051488,59.28694806295842],[18.268355630051488,59.29069206782032],[18.264611625189588,59.29069206782032],[18.264611625189588,59.294436072682224],[18.260867620327687,59.294436072682224],[18.260867620327687,59.28694806295842]]]},"properties":{"id":"fb-new-Nacka-33","municipality":"Nacka","type":"flerbostadshus","view":"planned","height":720}},{"type":"Feature","geometry":{"type":"Polygon","coordinates":[[[18.303693090284888,59.34739403493514],[18.31118110000869,59.34739403493514],[18.31118110000869,59.34365003007324],[18.308685096767423,59.34365003007324],[18.308685096767423,59.33990602521134],[18.306189093526154,59.33990602521134],[18.306189093526154,59.34365003007324],[18.303693090284888,59.34365003007324],[18.303693090284888,59.34739403493514]]]},"properties":{"id":"fb-new-Nacka-34","municipality":"Nacka","type":"flerbostadshus","view":"planned","height":720}},{"type":"Feature","geometry":{"type":"Polygon","coordinates":[[[18.335821403493807,59.32975076264936],[18.343309413217607,59.32975076264936],[18.343309413217607,59.33723877237316],[18.335821403493807,59.33723877237316],[18.335821403493807,59.32975076264936]]]},"properties":{"id":"fb-new-Nacka-35","municipality":"Nacka","type":"flerbostadshus","view":"planned","height":720}},{"type":"Feature","geometry":{"type":"Polygon","coordinates":[[[18.30376677621301,59.29713147091599],[18.31125478593681,59.29713147091599],[18.31125478593681,59.30087547577789],[18.30751078107491,59.30087547577789],[18.30751078107491,59.30461948063979],[18.30376677621301,59.30461948063979],[18.30376677621301,59.29713147091599]]]},"properties":{"id":"fb-new-Nacka-36","municipality":"Nacka","type":"flerbostadshus","view":"planned","height":720}},{"type":"Feature","geometry":{"type":"Polygon","coordinates":[[[18.261014992183924,59.33725284507096],[18.268503001907725,59.33725284507096],[18.268503001907725,59.333508840209056],[18.26600699866646,59.333508840209056],[18.26600699866646,59.329764835347156],[18.26351099542519,59.329764835347156],[18.26351099542519,59.333508840209056],[18.261014992183924,59.333508840209056],[18.261014992183924,59.33725284507096]]]},"properties":{"id":"fb-new-Nacka-37","municipality":"Nacka","type":"flerbostadshus","view":"planned","height":720}},{"type":"Feature","geometry":{"type":"Polygon","coordinates":[[[18.239657521651413,59.307842700362066],[18.247145531375214,59.307842700362066],[18.247145531375214,59.31533071008587],[18.239657521651413,59.31533071008587],[18.239657521651413,59.307842700362066]]]},"properties":{"id":"fb-new-Nacka-38","municipality":"Nacka","type":"flerbostadshus","view":"planned","height":720}},{"type":"Feature","geometry":{"type":"Polygon","coordinates":[[[18.164814267377473,59.30838459454838],[18.172302277101274,59.30838459454838],[18.172302277101274,59.31212859941028],[18.168558272239373,59.31212859941028],[18.168558272239373,59.31587260427218],[18.164814267377473,59.31587260427218],[18.164814267377473,59.30838459454838]]]},"properties":{"id":"fb-new-Nacka-39","municipality":"Nacka","type":"flerbostadshus","view":"planned","height":720}},{"type":"Feature","geometry":{"type":"Polygon","coordinates":[[[18.261125521076107,59.358133409776805],[18.268613530799907,59.358133409776805],[18.268613530799907,59.354389404914905],[18.26611752755864,59.354389404914905],[18.26611752755864,59.350645400053004],[18.263621524317372,59.350645400053004],[18.263621524317372,59.354389404914905],[18.261125521076107,59.354389404914905],[18.261125521076107,59.358133409776805]]]},"properties":{"id":"fb-new-Nacka-40","municipality":"Nacka","type":"flerbostadshus","view":"planned","height":720}},{"type":"Feature","geometry":{"type":"Polygon","coordinates":[[[18.282556677536736,59.30839866724617],[18.290044687260536,59.30839866724617],[18.290044687260536,59.315886676969974],[18.282556677536736,59.315886676969974],[18.282556677536736,59.30839866724617]]]},"properties":{"id":"fb-new-Nacka-41","municipality":"Nacka","type":"flerbostadshus","view":"planned","height":720}},{"type":"Feature","geometry":{"type":"Polygon","coordinates":[[[18.368170774487083,59.254385062016226],[18.375658784210884,59.254385062016226],[18.375658784210884,59.258129066878126],[18.371914779348984,59.258129066878126],[18.371914779348984,59.26187307174003],[18.368170774487083,59.26187307174003],[18.368170774487083,59.254385062016226]]]},"properties":{"id":"fb-new-Nacka-42","municipality":"Nacka","type":"flerbostadshus","view":"planned","height":720}},{"type":"Feature","geometry":{"type":"Polygon","coordinates":[[[18.3243492747752,59.347992219912626],[18.331837284499002,59.347992219912626],[18.331837284499002,59.344248215050726],[18.329341281257737,59.344248215050726],[18.329341281257737,59.340504210188826],[18.326845278016467,59.340504210188826],[18.326845278016467,59.344248215050726],[18.3243492747752,59.344248215050726],[18.3243492747752,59.347992219912626]]]},"properties":{"id":"fb-new-Nacka-43","municipality":"Nacka","type":"flerbostadshus","view":"planned","height":720}},{"type":"Feature","geometry":{"type":"Polygon","coordinates":[[[18.22811170700469,59.28649060495888],[18.23559971672849,59.28649060495888],[18.23559971672849,59.29397861468268],[18.22811170700469,59.29397861468268],[18.22811170700469,59.28649060495888]]]},"properties":{"id":"fb-new-Nacka-44","municipality":"Nacka","type":"flerbostadshus","view":"planned","height":720}},{"type":"Feature","geometry":{"type":"Polygon","coordinates":[[[18.281634333710176,59.276335342396905],[18.289122343433977,59.276335342396905],[18.289122343433977,59.280079347258805],[18.285378338572077,59.280079347258805],[18.285378338572077,59.283823352120706],[18.281634333710176,59.283823352120706],[18.281634333710176,59.276335342396905]]]},"properties":{"id":"fb-new-Nacka-45","municipality":"Nacka","type":"flerbostadshus","view":"planned","height":720}},{"type":"Feature","geometry":{"type":"Polygon","coordinates":[[[18.131910982198235,59.315387000877045],[18.139398991922036,59.315387000877045],[18.139398991922036,59.311642996015145],[18.13690298868077,59.311642996015145],[18.13690298868077,59.307898991153245],[18.1344069854395,59.307898991153245],[18.1344069854395,59.311642996015145],[18.131910982198235,59.311642996015145],[18.131910982198235,59.315387000877045]]]},"properties":{"id":"fb-new-Nacka-46","municipality":"Nacka","type":"flerbostadshus","view":"planned","height":720}},{"type":"Feature","geometry":{"type":"Polygon","coordinates":[[[18.19613076565201,59.265652258354386],[18.203618775375812,59.265652258354386],[18.203618775375812,59.27314026807819],[18.19613076565201,59.27314026807819],[18.19613076565201,59.265652258354386]]]},"properties":{"id":"fb-new-Nacka-47","municipality":"Nacka","type":"flerbostadshus","view":"planned","height":720}},{"type":"Feature","geometry":{"type":"Polygon","coordinates":[[[18.29244201935064,59.34000453410387],[18.299930029074442,59.34000453410387],[18.299930029074442,59.34374853896577],[18.296186024212542,59.34374853896577],[18.296186024212542,59.34749254382767],[18.29244201935064,59.34749254382767],[18.29244201935064,59.34000453410387]]]},"properties":{"id":"fb-new-Nacka-48","municipality":"Nacka","type":"flerbostadshus","view":"planned","height":720}},{"type":"Feature","geometry":{"type":"Polygon","coordinates":[[[18.164112981335272,59.30524581102084],[18.171600991059073,59.30524581102084],[18.171600991059073,59.30150180615894],[18.169104987817807,59.30150180615894],[18.169104987817807,59.29775780129704],[18.166608984576538,59.29775780129704],[18.166608984576538,59.30150180615894],[18.164112981335272,59.30150180615894],[18.164112981335272,59.30524581102084]]]},"properties":{"id":"fb-new-Nacka-49","municipality":"Nacka","type":"flerbostadshus","view":"planned","height":720}},{"type":"Feature","geometry":{"type":"Polygon","coordinates":[[[18.164149824299333,59.286532823060234],[18.171637834023134,59.286532823060234],[18.171637834023134,59.294020832784035],[18.164149824299333,59.294020832784035],[18.164149824299333,59.286532823060234]]]},"properties":{"id":"fb-new-Nacka-50","municipality":"Nacka","type":"flerbostadshus","view":"planned","height":720}},{"type":"Feature","geometry":{"type":"Polygon","coordinates":[[[18.196278137508248,59.319166187491405],[18.20376614723205,59.319166187491405],[18.20376614723205,59.326654197215205],[18.196278137508248,59.326654197215205],[18.196278137508248,59.319166187491405]]]},"properties":{"id":"fb-new-Nacka-51","municipality":"Nacka","type":"flerbostadshus","view":"planned","height":720}},{"type":"Feature","geometry":{"type":"Polygon","coordinates":[[[18.249800764213738,59.27264059198526],[18.25728877393754,59.27264059198526],[18.25728877393754,59.26889658712336],[18.254792770696273,59.26889658712336],[18.254792770696273,59.26515258226146],[18.252296767455004,59.26515258226146],[18.252296767455004,59.26889658712336],[18.249800764213738,59.26889658712336],[18.249800764213738,59.27264059198526]]]},"properties":{"id":"fb-new-Nacka-52","municipality":"Nacka","type":"flerbostadshus","view":"planned","height":720}},{"type":"Feature","geometry":{"type":"Polygon","coordinates":[[[18.174957509939798,59.276391633196056],[18.1824455196636,59.276391633196056],[18.1824455196636,59.28387964291986],[18.174957509939798,59.28387964291986],[18.174957509939798,59.276391633196056]]]},"properties":{"id":"fb-new-Nacka-53","municipality":"Nacka","type":"flerbostadshus","view":"planned","height":720}},{"type":"Feature","geometry":{"type":"Polygon","coordinates":[[[18.211279157753705,59.819265577017944],[18.253279157753706,59.819265577017944],[18.253279157753706,59.79826557701794],[18.239279157753707,59.79826557701794],[18.239279157753707,59.77726557701794],[18.225279157753704,59.77726557701794],[18.225279157753704,59.79826557701794],[18.211279157753705,59.79826557701794],[18.211279157753705,59.819265577017944]]]},"properties":{"id":"fb-new-Norrtälje-12","municipality":"Norrtälje","type":"flerbostadshus","view":"planned","height":720}},{"type":"Feature","geometry":{"type":"Polygon","coordinates":[[[19.231485808010795,59.72030504339901],[19.273485808010797,59.72030504339901],[19.273485808010797,59.76230504339901],[19.231485808010795,59.76230504339901],[19.231485808010795,59.72030504339901]]]},"properties":{"id":"fb-new-Norrtälje-13","municipality":"Norrtälje","type":"flerbostadshus","view":"planned","height":720}},{"type":"Feature","geometry":{"type":"Polygon","coordinates":[[[18.751692459698425,59.7773445112106],[18.793692459698427,59.7773445112106],[18.793692459698427,59.7983445112106],[18.772692459698426,59.7983445112106],[18.772692459698426,59.8193445112106],[18.751692459698425,59.8193445112106],[18.751692459698425,59.7773445112106]]]},"properties":{"id":"fb-new-Norrtälje-14","municipality":"Norrtälje","type":"flerbostadshus","view":"planned","height":720}},{"type":"Feature","geometry":{"type":"Polygon","coordinates":[[[18.751899109955538,60.06238397759168],[18.79389910995554,60.06238397759168],[18.79389910995554,60.04138397759168],[18.77989910995554,60.04138397759168],[18.77989910995554,60.02038397759168],[18.765899109955537,60.02038397759168],[18.765899109955537,60.04138397759168],[18.751899109955538,60.04138397759168],[18.751899109955538,60.06238397759168]]]},"properties":{"id":"fb-new-Norrtälje-15","municipality":"Norrtälje","type":"flerbostadshus","view":"planned","height":720}},{"type":"Feature","geometry":{"type":"Polygon","coordinates":[[[18.932105761643157,59.837423443972746],[18.97410576164316,59.837423443972746],[18.97410576164316,59.87942344397275],[18.932105761643157,59.87942344397275],[18.932105761643157,59.837423443972746]]]},"properties":{"id":"fb-new-Norrtälje-16","municipality":"Norrtälje","type":"flerbostadshus","view":"planned","height":720}},{"type":"Feature","geometry":{"type":"Polygon","coordinates":[[[18.632312411900273,59.660462910353814],[18.674312411900274,59.660462910353814],[18.674312411900274,59.702462910353816],[18.632312411900273,59.702462910353816],[18.632312411900273,59.660462910353814]]]},"properties":{"id":"fb-new-Norrtälje-17","municipality":"Norrtälje","type":"flerbostadshus","view":"planned","height":720}},{"type":"Feature","geometry":{"type":"Polygon","coordinates":[[[19.112519063587886,59.699502376734884],[19.154519063587887,59.699502376734884],[19.154519063587887,59.67850237673488],[19.140519063587888,59.67850237673488],[19.140519063587888,59.65750237673488],[19.126519063587885,59.65750237673488],[19.126519063587885,59.67850237673488],[19.112519063587886,59.67850237673488],[19.112519063587886,59.699502376734884]]]},"properties":{"id":"fb-new-Norrtälje-18","municipality":"Norrtälje","type":"flerbostadshus","view":"planned","height":720}},{"type":"Feature","geometry":{"type":"Polygon","coordinates":[[[19.532725713844986,59.54054184454647],[19.574725713844987,59.54054184454647],[19.574725713844987,59.58254184454647],[19.532725713844986,59.58254184454647],[19.532725713844986,59.54054184454647]]]},"properties":{"id":"fb-new-Norrtälje-19","municipality":"Norrtälje","type":"flerbostadshus","view":"planned","height":720}},{"type":"Feature","geometry":{"type":"Polygon","coordinates":[[[18.212932365532637,59.71758131092754],[18.25493236553264,59.71758131092754],[18.25493236553264,59.759581310927544],[18.212932365532637,59.759581310927544],[18.212932365532637,59.71758131092754]]]},"properties":{"id":"fb-new-Norrtälje-20","municipality":"Norrtälje","type":"flerbostadshus","view":"planned","height":720}},{"type":"Feature","geometry":{"type":"Polygon","coordinates":[[[18.57313901578974,59.96062077730863],[18.61513901578974,59.96062077730863],[18.61513901578974,59.98162077730863],[18.59413901578974,59.98162077730863],[18.59413901578974,60.00262077730863],[18.57313901578974,60.00262077730863],[18.57313901578974,59.96062077730863]]]},"properties":{"id":"fb-new-Norrtälje-21","municipality":"Norrtälje","type":"flerbostadshus","view":"planned","height":720}},{"type":"Feature","geometry":{"type":"Polygon","coordinates":[[[18.753345667477358,59.8976602436897],[18.79534566747736,59.8976602436897],[18.79534566747736,59.9396602436897],[18.753345667477358,59.9396602436897],[18.753345667477358,59.8976602436897]]]},"properties":{"id":"fb-new-Norrtälje-22","municipality":"Norrtälje","type":"flerbostadshus","view":"planned","height":720}},{"type":"Feature","geometry":{"type":"Polygon","coordinates":[[[18.57355231773447,59.78069971007077],[18.615552317734473,59.78069971007077],[18.615552317734473,59.82269971007077],[18.57355231773447,59.82269971007077],[18.57355231773447,59.78069971007077]]]},"properties":{"id":"fb-new-Norrtälje-23","municipality":"Norrtälje","type":"flerbostadshus","view":"planned","height":720}},{"type":"Feature","geometry":{"type":"Polygon","coordinates":[[[18.693758969422092,59.597739177882346],[18.735758969422093,59.597739177882346],[18.735758969422093,59.61873917788235],[18.714758969422093,59.61873917788235],[18.714758969422093,59.63973917788235],[18.693758969422092,59.63973917788235],[18.693758969422092,59.597739177882346]]]},"properties":{"id":"fb-new-Norrtälje-24","municipality":"Norrtälje","type":"flerbostadshus","view":"planned","height":720}},{"type":"Feature","geometry":{"type":"Polygon","coordinates":[[[18.8139656196792,60.06277864426343],[18.8559656196792,60.06277864426343],[18.8559656196792,60.04177864426343],[18.8419656196792,60.04177864426343],[18.8419656196792,60.02077864426343],[18.827965619679198,60.02077864426343],[18.827965619679198,60.04177864426343],[18.8139656196792,60.04177864426343],[18.8139656196792,60.06277864426343]]]},"properties":{"id":"fb-new-Norrtälje-25","municipality":"Norrtälje","type":"flerbostadshus","view":"planned","height":720}},{"type":"Feature","geometry":{"type":"Polygon","coordinates":[[[19.41417227136681,59.59781811064449],[19.45617227136681,59.59781811064449],[19.45617227136681,59.63981811064449],[19.41417227136681,59.63981811064449],[19.41417227136681,59.59781811064449]]]},"properties":{"id":"fb-new-Norrtälje-26","municipality":"Norrtälje","type":"flerbostadshus","view":"planned","height":720}},{"type":"Feature","geometry":{"type":"Polygon","coordinates":[[[18.99437892162393,59.72085757702557],[19.036378921623932,59.72085757702557],[19.036378921623932,59.74185757702557],[19.01537892162393,59.74185757702557],[19.01537892162393,59.76285757702557],[18.99437892162393,59.76285757702557],[18.99437892162393,59.72085757702557]]]},"properties":{"id":"fb-new-Norrtälje-27","municipality":"Norrtälje","type":"flerbostadshus","view":"planned","height":720}},{"type":"Feature","geometry":{"type":"Polygon","coordinates":[[[18.51458557331156,59.93989704340665],[18.556585573311562,59.93989704340665],[18.556585573311562,59.91889704340665],[18.542585573311563,59.91889704340665],[18.542585573311563,59.89789704340665],[18.52858557331156,59.89789704340665],[18.52858557331156,59.91889704340665],[18.51458557331156,59.91889704340665],[18.51458557331156,59.93989704340665]]]},"properties":{"id":"fb-new-Norrtälje-28","municipality":"Norrtälje","type":"flerbostadshus","view":"planned","height":720}},{"type":"Feature","geometry":{"type":"Polygon","coordinates":[[[17.453098901434153,59.19722271392872],[17.481126188113137,59.19722271392872],[17.481126188113137,59.18320907058923],[17.47178375922014,59.18320907058923],[17.47178375922014,59.16919542724974],[17.46244133032715,59.16919542724974],[17.46244133032715,59.18320907058923],[17.453098901434153,59.18320907058923],[17.453098901434153,59.19722271392872]]]},"properties":{"id":"fb-new-Nykvarn-1","municipality":"Nykvarn","type":"flerbostadshus","view":"planned","height":720}},{"type":"Feature","geometry":{"type":"Polygon","coordinates":[[[17.293080877694848,59.17122371190498],[17.321108164373832,59.17122371190498],[17.321108164373832,59.199250998583956],[17.293080877694848,59.199250998583956],[17.293080877694848,59.17122371190498]]]},"properties":{"id":"fb-new-Nykvarn-2","municipality":"Nykvarn","type":"flerbostadshus","view":"planned","height":720}},{"type":"Feature","geometry":{"type":"Polygon","coordinates":[[[17.3732967416846,59.2092870813424],[17.401324028363586,59.2092870813424],[17.401324028363586,59.23731436802138],[17.3732967416846,59.23731436802138],[17.3732967416846,59.2092870813424]]]},"properties":{"id":"fb-new-Nykvarn-3","municipality":"Nykvarn","type":"flerbostadshus","view":"planned","height":720}},{"type":"Feature","geometry":{"type":"Polygon","coordinates":[[[17.97114534876326,58.983728655887134],[18.00663088486805,58.983728655887134],[18.00663088486805,59.01921419199192],[17.97114534876326,59.01921419199192],[17.97114534876326,58.983728655887134]]]},"properties":{"id":"fb-new-Nynäshamn-7","municipality":"Nynäshamn","type":"flerbostadshus","view":"planned","height":720}},{"type":"Feature","geometry":{"type":"Polygon","coordinates":[[[17.76854545544835,58.981227319634186],[17.804030991553137,58.981227319634186],[17.804030991553137,59.01671285573897],[17.76854545544835,59.01671285573897],[17.76854545544835,58.981227319634186]]]},"properties":{"id":"fb-new-Nynäshamn-8","municipality":"Nynäshamn","type":"flerbostadshus","view":"planned","height":720}},{"type":"Feature","geometry":{"type":"Polygon","coordinates":[[[17.768720052952155,59.06997450479354],[17.80420558905694,59.06997450479354],[17.80420558905694,59.05223173674115],[17.792377077022014,59.05223173674115],[17.792377077022014,59.034488968688756],[17.780548564987082,59.034488968688756],[17.780548564987082,59.05223173674115],[17.768720052952155,59.05223173674115],[17.768720052952155,59.06997450479354]]]},"properties":{"id":"fb-new-Nynäshamn-9","municipality":"Nynäshamn","type":"flerbostadshus","view":"planned","height":720}},{"type":"Feature","geometry":{"type":"Polygon","coordinates":[[[17.87028189767826,58.8799067634153],[17.905767433783048,58.8799067634153],[17.905767433783048,58.915392299520086],[17.87028189767826,58.915392299520086],[17.87028189767826,58.8799067634153]]]},"properties":{"id":"fb-new-Nynäshamn-10","municipality":"Nynäshamn","type":"flerbostadshus","view":"planned","height":720}},{"type":"Feature","geometry":{"type":"Polygon","coordinates":[[[17.870456495182065,58.93316841246987],[17.905942031286852,58.93316841246987],[17.905942031286852,58.968653948574655],[17.870456495182065,58.968653948574655],[17.870456495182065,58.93316841246987]]]},"properties":{"id":"fb-new-Nynäshamn-11","municipality":"Nynäshamn","type":"flerbostadshus","view":"planned","height":720}},{"type":"Feature","geometry":{"type":"Polygon","coordinates":[[[17.60936303087753,59.27283907688108],[17.624880526949013,59.27283907688108],[17.624880526949013,59.28835657295256],[17.60936303087753,59.28835657295256],[17.60936303087753,59.27283907688108]]]},"properties":{"id":"fb-new-Salem-2","municipality":"Salem","type":"flerbostadshus","view":"planned","height":720}},{"type":"Feature","geometry":{"type":"Polygon","coordinates":[[[17.698110787134826,59.24957741428756],[17.713628283206308,59.24957741428756],[17.713628283206308,59.2573361623233],[17.705869535170567,59.2573361623233],[17.705869535170567,59.26509491035904],[17.698110787134826,59.26509491035904],[17.698110787134826,59.24957741428756]]]},"properties":{"id":"fb-new-Salem-3","municipality":"Salem","type":"flerbostadshus","view":"planned","height":720}},{"type":"Feature","geometry":{"type":"Polygon","coordinates":[[[17.676019285738715,59.266217884449276],[17.691536781810196,59.266217884449276],[17.691536781810196,59.258459136413535],[17.6863642831197,59.258459136413535],[17.6863642831197,59.250700388377794],[17.68119178442921,59.250700388377794],[17.68119178442921,59.258459136413535],[17.676019285738715,59.258459136413535],[17.676019285738715,59.266217884449276]]]},"properties":{"id":"fb-new-Salem-4","municipality":"Salem","type":"flerbostadshus","view":"planned","height":720}},{"type":"Feature","geometry":{"type":"Polygon","coordinates":[[[17.883063533891157,59.58021662195398],[17.902193683973653,59.58021662195398],[17.902193683973653,59.59934677203647],[17.883063533891157,59.59934677203647],[17.883063533891157,59.58021662195398]]]},"properties":{"id":"fb-new-Sigtuna-12","municipality":"Sigtuna","type":"flerbostadshus","view":"planned","height":720}},{"type":"Feature","geometry":{"type":"Polygon","coordinates":[[[17.965144017049433,59.66085451564513],[17.98427416713193,59.66085451564513],[17.98427416713193,59.679984665727616],[17.965144017049433,59.679984665727616],[17.965144017049433,59.66085451564513]]]},"properties":{"id":"fb-new-Sigtuna-13","municipality":"Sigtuna","type":"flerbostadshus","view":"planned","height":720}},{"type":"Feature","geometry":{"type":"Polygon","coordinates":[[[17.637292712725724,59.6349101458941],[17.65642286280822,59.6349101458941],[17.65642286280822,59.64447522093535],[17.646857787766972,59.64447522093535],[17.646857787766972,59.65404029597659],[17.637292712725724,59.65404029597659],[17.637292712725724,59.6349101458941]]]},"properties":{"id":"fb-new-Sigtuna-14","municipality":"Sigtuna","type":"flerbostadshus","view":"planned","height":720}},{"type":"Feature","geometry":{"type":"Polygon","coordinates":[[[17.77403076754827,59.633561683392],[17.793160917630765,59.633561683392],[17.793160917630765,59.65269183347449],[17.77403076754827,59.65269183347449],[17.77403076754827,59.633561683392]]]},"properties":{"id":"fb-new-Sigtuna-15","municipality":"Sigtuna","type":"flerbostadshus","view":"planned","height":720}},{"type":"Feature","geometry":{"type":"Polygon","coordinates":[[[18.020083964396203,59.71693245566637],[18.0392141144787,59.71693245566637],[18.0392141144787,59.736062605748856],[18.020083964396203,59.736062605748856],[18.020083964396203,59.71693245566637]]]},"properties":{"id":"fb-new-Sigtuna-16","municipality":"Sigtuna","type":"flerbostadshus","view":"planned","height":720}},{"type":"Feature","geometry":{"type":"Polygon","coordinates":[[[17.938191732561688,59.63359763566786],[17.957321882644184,59.63359763566786],[17.957321882644184,59.643162710709106],[17.947756807602936,59.643162710709106],[17.947756807602936,59.65272778575035],[17.938191732561688,59.65272778575035],[17.938191732561688,59.63359763566786]]]},"properties":{"id":"fb-new-Sigtuna-17","municipality":"Sigtuna","type":"flerbostadshus","view":"planned","height":720}},{"type":"Feature","geometry":{"type":"Polygon","coordinates":[[[17.801641929062907,59.6076532646137],[17.820772079145403,59.6076532646137],[17.820772079145403,59.62678341469619],[17.801641929062907,59.62678341469619],[17.801641929062907,59.6076532646137]]]},"properties":{"id":"fb-new-Sigtuna-18","municipality":"Sigtuna","type":"flerbostadshus","view":"planned","height":720}},{"type":"Feature","geometry":{"type":"Polygon","coordinates":[[[18.04769512721398,59.715619945440125],[18.066825277296477,59.715619945440125],[18.066825277296477,59.734750095522614],[18.04769512721398,59.734750095522614],[18.04769512721398,59.715619945440125]]]},"properties":{"id":"fb-new-Sigtuna-19","municipality":"Sigtuna","type":"flerbostadshus","view":"planned","height":720}},{"type":"Feature","geometry":{"type":"Polygon","coordinates":[[[17.66518624992287,59.66234678985697],[17.684316400005365,59.66234678985697],[17.684316400005365,59.67191186489821],[17.674751324964117,59.67191186489821],[17.674751324964117,59.68147693993946],[17.66518624992287,59.68147693993946],[17.66518624992287,59.66234678985697]]]},"properties":{"id":"fb-new-Sigtuna-20","municipality":"Sigtuna","type":"flerbostadshus","view":"planned","height":720}},{"type":"Feature","geometry":{"type":"Polygon","coordinates":[[[18.020554591402473,59.70745726196635],[18.03968474148497,59.70745726196635],[18.03968474148497,59.6978921869251],[18.033308024790802,59.6978921869251],[18.033308024790802,59.68832711188386],[18.02693130809664,59.68832711188386],[18.02693130809664,59.6978921869251],[18.020554591402473,59.6978921869251],[18.020554591402473,59.70745726196635]]]},"properties":{"id":"fb-new-Sigtuna-21","municipality":"Sigtuna","type":"flerbostadshus","view":"planned","height":720}},{"type":"Feature","geometry":{"type":"Polygon","coordinates":[[[17.99331993123222,59.6350539563007],[18.012450081314718,59.6350539563007],[18.012450081314718,59.65418410638319],[17.99331993123222,59.65418410638319],[17.99331993123222,59.6350539563007]]]},"properties":{"id":"fb-new-Sigtuna-22","municipality":"Sigtuna","type":"flerbostadshus","view":"planned","height":720}},{"type":"Feature","geometry":{"type":"Polygon","coordinates":[[[17.843171496846566,59.46743894154095],[17.849385138328238,59.46743894154095],[17.849385138328238,59.47365258302263],[17.843171496846566,59.47365258302263],[17.843171496846566,59.46743894154095]]]},"properties":{"id":"fb-new-Sollentuna-17","municipality":"Sollentuna","type":"flerbostadshus","view":"planned","height":720}},{"type":"Feature","geometry":{"type":"Polygon","coordinates":[[[17.949721637843194,59.43238208913111],[17.955935279324866,59.43238208913111],[17.955935279324866,59.43859573061279],[17.949721637843194,59.43859573061279],[17.949721637843194,59.43238208913111]]]},"properties":{"id":"fb-new-Sollentuna-18","municipality":"Sollentuna","type":"flerbostadshus","view":"planned","height":713}},{"type":"Feature","geometry":{"type":"Polygon","coordinates":[[[17.949752210582577,59.449697357886876],[17.95596585206425,59.449697357886876],[17.95596585206425,59.452804178627716],[17.952859031323413,59.452804178627716],[17.952859031323413,59.455910999368555],[17.949752210582577,59.455910999368555],[17.949752210582577,59.449697357886876]]]},"properties":{"id":"fb-new-Sollentuna-19","municipality":"Sollentuna","type":"flerbostadshus","view":"planned","height":720}},{"type":"Feature","geometry":{"type":"Polygon","coordinates":[[[17.887646368505237,59.44127039754134],[17.89386000998691,59.44127039754134],[17.89386000998691,59.44748403902302],[17.887646368505237,59.44748403902302],[17.887646368505237,59.44127039754134]]]},"properties":{"id":"fb-new-Sollentuna-20","municipality":"Sollentuna","type":"flerbostadshus","view":"planned","height":720}},{"type":"Feature","geometry":{"type":"Polygon","coordinates":[[[17.923183463997034,59.48521555825559],[17.929397105478706,59.48521555825559],[17.929397105478706,59.49142919973727],[17.923183463997034,59.49142919973727],[17.923183463997034,59.48521555825559]]]},"properties":{"id":"fb-new-Sollentuna-21","municipality":"Sollentuna","type":"flerbostadshus","view":"planned","height":720}},{"type":"Feature","geometry":{"type":"Polygon","coordinates":[[[17.940079635043812,59.44039441219466],[17.946293276525484,59.44039441219466],[17.946293276525484,59.443501232935496],[17.943186455784648,59.443501232935496],[17.943186455784648,59.446608053676336],[17.940079635043812,59.446608053676336],[17.940079635043812,59.44039441219466]]]},"properties":{"id":"fb-new-Sollentuna-22","municipality":"Sollentuna","type":"flerbostadshus","view":"planned","height":720}},{"type":"Feature","geometry":{"type":"Polygon","coordinates":[[[17.957863469159406,59.455934354707],[17.964077110641078,59.455934354707],[17.964077110641078,59.45282753396616],[17.962005896813853,59.45282753396616],[17.962005896813853,59.44972071322532],[17.95993468298663,59.44972071322532],[17.95993468298663,59.45282753396616],[17.957863469159406,59.45282753396616],[17.957863469159406,59.455934354707]]]},"properties":{"id":"fb-new-Sollentuna-23","municipality":"Sollentuna","type":"flerbostadshus","view":"planned","height":712}},{"type":"Feature","geometry":{"type":"Polygon","coordinates":[[[17.90463425777017,59.45815935118717],[17.91084789925184,59.45815935118717],[17.91084789925184,59.46437299266885],[17.90463425777017,59.46437299266885],[17.90463425777017,59.45815935118717]]]},"properties":{"id":"fb-new-Sollentuna-24","municipality":"Sollentuna","type":"flerbostadshus","view":"planned","height":720}},{"type":"Feature","geometry":{"type":"Polygon","coordinates":[[[17.957924614638173,59.44085576025935],[17.964138256119845,59.44085576025935],[17.964138256119845,59.44396258100019],[17.96103143537901,59.44396258100019],[17.96103143537901,59.44706940174103],[17.957924614638173,59.44706940174103],[17.957924614638173,59.44085576025935]]]},"properties":{"id":"fb-new-Sollentuna-25","municipality":"Sollentuna","type":"flerbostadshus","view":"planned","height":720}},{"type":"Feature","geometry":{"type":"Polygon","coordinates":[[[17.975708448753764,59.45550803970288],[17.981922090235436,59.45550803970288],[17.981922090235436,59.45240121896204],[17.97985087640821,59.45240121896204],[17.97985087640821,59.4492943982212],[17.97777966258099,59.4492943982212],[17.97777966258099,59.45240121896204],[17.975708448753764,59.45240121896204],[17.975708448753764,59.45550803970288]]]},"properties":{"id":"fb-new-Sollentuna-26","municipality":"Sollentuna","type":"flerbostadshus","view":"planned","height":720}},{"type":"Feature","geometry":{"type":"Polygon","coordinates":[[[17.98461565218125,59.44086743798148],[17.990829293662923,59.44086743798148],[17.990829293662923,59.44708107946316],[17.98461565218125,59.44708107946316],[17.98461565218125,59.44086743798148]]]},"properties":{"id":"fb-new-Sollentuna-27","municipality":"Sollentuna","type":"flerbostadshus","view":"planned","height":720}},{"type":"Feature","geometry":{"type":"Polygon","coordinates":[[[17.966892963544428,59.404922922502834],[17.9731066050261,59.404922922502834],[17.9731066050261,59.408029743243674],[17.969999784285264,59.408029743243674],[17.969999784285264,59.41113656398451],[17.966892963544428,59.41113656398451],[17.966892963544428,59.404922922502834]]]},"properties":{"id":"fb-new-Sollentuna-28","municipality":"Sollentuna","type":"flerbostadshus","view":"planned","height":710}},{"type":"Feature","geometry":{"type":"Polygon","coordinates":[[[17.88703386009088,59.473722649143774],[17.893247501572553,59.473722649143774],[17.893247501572553,59.470615828402934],[17.891176287745328,59.470615828402934],[17.891176287745328,59.467509007662095],[17.889105073918106,59.467509007662095],[17.889105073918106,59.470615828402934],[17.88703386009088,59.470615828402934],[17.88703386009088,59.473722649143774]]]},"properties":{"id":"fb-new-Sollentuna-29","municipality":"Sollentuna","type":"flerbostadshus","view":"planned","height":720}},{"type":"Feature","geometry":{"type":"Polygon","coordinates":[[[17.85155791007785,59.45819438435356],[17.857771551559523,59.45819438435356],[17.857771551559523,59.46440802583524],[17.85155791007785,59.46440802583524],[17.85155791007785,59.45819438435356]]]},"properties":{"id":"fb-new-Sollentuna-30","municipality":"Sollentuna","type":"flerbostadshus","view":"planned","height":720}},{"type":"Feature","geometry":{"type":"Polygon","coordinates":[[[17.878218374881545,59.45864405469612],[17.884432016363217,59.45864405469612],[17.884432016363217,59.46175087543696],[17.88132519562238,59.46175087543696],[17.88132519562238,59.4648576961778],[17.878218374881545,59.4648576961778],[17.878218374881545,59.45864405469612]]]},"properties":{"id":"fb-new-Sollentuna-31","municipality":"Sollentuna","type":"flerbostadshus","view":"planned","height":720}},{"type":"Feature","geometry":{"type":"Polygon","coordinates":[[[17.90487883968524,59.47329633424547],[17.91109248116691,59.47329633424547],[17.91109248116691,59.47018951350463],[17.909021267339686,59.47018951350463],[17.909021267339686,59.46708269276379],[17.906950053512464,59.46708269276379],[17.906950053512464,59.47018951350463],[17.90487883968524,59.47018951350463],[17.90487883968524,59.47329633424547]]]},"properties":{"id":"fb-new-Sollentuna-32","municipality":"Sollentuna","type":"flerbostadshus","view":"planned","height":720}},{"type":"Feature","geometry":{"type":"Polygon","coordinates":[[[17.94929256586514,59.45865573241825],[17.95550620734681,59.45865573241825],[17.95550620734681,59.46486937389993],[17.94929256586514,59.46486937389993],[17.94929256586514,59.45865573241825]]]},"properties":{"id":"fb-new-Sollentuna-33","municipality":"Sollentuna","type":"flerbostadshus","view":"planned","height":709}},{"type":"Feature","geometry":{"type":"Polygon","coordinates":[[[18.003435371550356,59.372618347206355],[18.00666855118708,59.372618347206355],[18.00666855118708,59.37585152684308],[18.003435371550356,59.37585152684308],[18.003435371550356,59.372618347206355]]]},"properties":{"id":"fb-new-Solna-40","municipality":"Solna","type":"flerbostadshus","view":"planned","height":406}},{"type":"Feature","geometry":{"type":"Polygon","coordinates":[[[17.998832451586367,59.37100479554911],[18.00206563122309,59.37100479554911],[18.00206563122309,59.36938820573075],[18.000987904677515,59.36938820573075],[18.000987904677515,59.36777161591239],[17.99991017813194,59.36777161591239],[17.99991017813194,59.36938820573075],[17.998832451586367,59.36938820573075],[17.998832451586367,59.37100479554911]]]},"properties":{"id":"fb-new-Solna-41","municipality":"Solna","type":"flerbostadshus","view":"planned","height":390}},{"type":"Feature","geometry":{"type":"Polygon","coordinates":[[[18.021942499937126,59.38601902488071],[18.02517567957385,59.38601902488071],[18.02517567957385,59.38925220451743],[18.021942499937126,59.38925220451743],[18.021942499937126,59.38601902488071]]]},"properties":{"id":"fb-new-Solna-42","municipality":"Solna","type":"flerbostadshus","view":"planned","height":373}},{"type":"Feature","geometry":{"type":"Polygon","coordinates":[[[18.021958408025597,59.372396520287076],[18.02519158766232,59.372396520287076],[18.02519158766232,59.3756296999238],[18.021958408025597,59.3756296999238],[18.021958408025597,59.372396520287076]]]},"properties":{"id":"fb-new-Solna-43","municipality":"Solna","type":"flerbostadshus","view":"planned","height":438}},{"type":"Feature","geometry":{"type":"Polygon","coordinates":[[[18.049687284428813,59.36754978899311],[18.052920464065537,59.36754978899311],[18.052920464065537,59.36916637881147],[18.051303874247175,59.36916637881147],[18.051303874247175,59.37078296862983],[18.049687284428813,59.37078296862983],[18.049687284428813,59.36754978899311]]]},"properties":{"id":"fb-new-Solna-44","municipality":"Solna","type":"flerbostadshus","view":"planned","height":422}},{"type":"Feature","geometry":{"type":"Polygon","coordinates":[[[18.026609052254994,59.37702142466176],[18.029842231891717,59.37702142466176],[18.029842231891717,59.380254604298486],[18.026609052254994,59.380254604298486],[18.026609052254994,59.37702142466176]]]},"properties":{"id":"fb-new-Solna-45","municipality":"Solna","type":"flerbostadshus","view":"planned","height":406}},{"type":"Feature","geometry":{"type":"Polygon","coordinates":[[[17.975817851766433,59.36293703726288],[17.979051031403156,59.36293703726288],[17.979051031403156,59.366170216899604],[17.975817851766433,59.366170216899604],[17.975817851766433,59.36293703726288]]]},"properties":{"id":"fb-new-Solna-46","municipality":"Solna","type":"flerbostadshus","view":"planned","height":389}},{"type":"Feature","geometry":{"type":"Polygon","coordinates":[[[17.989690244008834,59.35855218877416],[17.992923423645557,59.35855218877416],[17.992923423645557,59.360168778592524],[17.991306833827196,59.360168778592524],[17.991306833827196,59.361785368410885],[17.989690244008834,59.361785368410885],[17.989690244008834,59.35855218877416]]]},"properties":{"id":"fb-new-Solna-47","municipality":"Solna","type":"flerbostadshus","view":"planned","height":373}},{"type":"Feature","geometry":{"type":"Polygon","coordinates":[[[18.026656776516965,59.36756194163757],[18.02988995615369,59.36756194163757],[18.02988995615369,59.37079512127429],[18.026656776516965,59.37079512127429],[18.026656776516965,59.36756194163757]]]},"properties":{"id":"fb-new-Solna-48","municipality":"Solna","type":"flerbostadshus","view":"planned","height":438}},{"type":"Feature","geometry":{"type":"Polygon","coordinates":[[[18.00357854434315,59.349320608991476],[18.006811723979872,59.349320608991476],[18.006811723979872,59.3525537886282],[18.00357854434315,59.3525537886282],[18.00357854434315,59.349320608991476]]]},"properties":{"id":"fb-new-Solna-49","municipality":"Solna","type":"flerbostadshus","view":"planned","height":421}},{"type":"Feature","geometry":{"type":"Polygon","coordinates":[[[17.998975624379163,59.38604333016963],[18.002208804015886,59.38604333016963],[18.002208804015886,59.38765991998799],[18.000592214197525,59.38765991998799],[18.000592214197525,59.38927650980635],[17.998975624379163,59.38927650980635],[17.998975624379163,59.38604333016963]]]},"properties":{"id":"fb-new-Solna-50","municipality":"Solna","type":"flerbostadshus","view":"planned","height":405}},{"type":"Feature","geometry":{"type":"Polygon","coordinates":[[[18.026704500782376,59.3664163491078],[18.0299376804191,59.3664163491078],[18.0299376804191,59.36479975928944],[18.028859953873525,59.36479975928944],[18.028859953873525,59.36318316947108],[18.02778222732795,59.36318316947108],[18.02778222732795,59.36479975928944],[18.026704500782376,59.36479975928944],[18.026704500782376,59.3664163491078]]]},"properties":{"id":"fb-new-Solna-51","municipality":"Solna","type":"flerbostadshus","view":"planned","height":388}},{"type":"Feature","geometry":{"type":"Polygon","coordinates":[[[18.026720408870847,59.35833643817711],[18.02995358850757,59.35833643817711],[18.02995358850757,59.361569617813835],[18.026720408870847,59.361569617813835],[18.026720408870847,59.35833643817711]]]},"properties":{"id":"fb-new-Solna-52","municipality":"Solna","type":"flerbostadshus","view":"planned","height":372}},{"type":"Feature","geometry":{"type":"Polygon","coordinates":[[[17.98978569253966,59.386283386055595],[17.993018872176382,59.386283386055595],[17.993018872176382,59.38789997587396],[17.99140228235802,59.38789997587396],[17.99140228235802,59.38951656569232],[17.98978569253966,59.38951656569232],[17.98978569253966,59.386283386055595]]]},"properties":{"id":"fb-new-Solna-53","municipality":"Solna","type":"flerbostadshus","view":"planned","height":437}},{"type":"Feature","geometry":{"type":"Polygon","coordinates":[[[18.02675222504779,59.35233803803115],[18.029985404684513,59.35233803803115],[18.029985404684513,59.35072144821279],[18.02890767813894,59.35072144821279],[18.02890767813894,59.349104858394426],[18.027829951593365,59.349104858394426],[18.027829951593365,59.35072144821279],[18.02675222504779,59.35072144821279],[18.02675222504779,59.35233803803115]]]},"properties":{"id":"fb-new-Solna-54","municipality":"Solna","type":"flerbostadshus","view":"planned","height":421}},{"type":"Feature","geometry":{"type":"Polygon","coordinates":[[[18.0170685942261,59.35395766601062],[18.020301773862823,59.35395766601062],[18.020301773862823,59.357190845647345],[18.0170685942261,59.357190845647345],[18.0170685942261,59.35395766601062]]]},"properties":{"id":"fb-new-Solna-55","municipality":"Solna","type":"flerbostadshus","view":"planned","height":404}},{"type":"Feature","geometry":{"type":"Polygon","coordinates":[[[18.0355598145244,59.37220507497894],[18.038792994161124,59.37220507497894],[18.038792994161124,59.373821664797305],[18.037176404342762,59.373821664797305],[18.037176404342762,59.375438254615666],[18.0355598145244,59.375438254615666],[18.0355598145244,59.37220507497894]]]},"properties":{"id":"fb-new-Solna-56","municipality":"Solna","type":"flerbostadshus","view":"planned","height":388}},{"type":"Feature","geometry":{"type":"Polygon","coordinates":[[[17.989387442088294,59.34795926586466],[17.992620621725017,59.34795926586466],[17.992620621725017,59.3463426760463],[17.991542895179442,59.3463426760463],[17.991542895179442,59.344726086227936],[17.990465168633868,59.344726086227936],[17.990465168633868,59.3463426760463],[17.989387442088294,59.3463426760463],[17.989387442088294,59.34795926586466]]]},"properties":{"id":"fb-new-Solna-57","municipality":"Solna","type":"flerbostadshus","view":"planned","height":371}},{"type":"Feature","geometry":{"type":"Polygon","coordinates":[[[17.984784522120865,59.386067635458545],[17.988017701757588,59.386067635458545],[17.988017701757588,59.38930081509527],[17.984784522120865,59.38930081509527],[17.984784522120865,59.386067635458545]]]},"properties":{"id":"fb-new-Solna-58","municipality":"Solna","type":"flerbostadshus","view":"planned","height":436}},{"type":"Feature","geometry":{"type":"Polygon","coordinates":[[[17.984800430209336,59.35396981865508],[17.98803360984606,59.35396981865508],[17.98803360984606,59.35558640847344],[17.986417020027698,59.35558640847344],[17.986417020027698,59.357202998291804],[17.984800430209336,59.357202998291804],[17.984800430209336,59.35396981865508]]]},"properties":{"id":"fb-new-Solna-59","municipality":"Solna","type":"flerbostadshus","view":"planned","height":420}},{"type":"Feature","geometry":{"type":"Polygon","coordinates":[[[17.970959854140435,59.36159392310276],[17.97419303377716,59.36159392310276],[17.97419303377716,59.3599773332844],[17.973115307231584,59.3599773332844],[17.973115307231584,59.35836074346604],[17.97203758068601,59.35836074346604],[17.97203758068601,59.3599773332844],[17.970959854140435,59.3599773332844],[17.970959854140435,59.36159392310276]]]},"properties":{"id":"fb-new-Solna-60","municipality":"Solna","type":"flerbostadshus","view":"planned","height":404}},{"type":"Feature","geometry":{"type":"Polygon","coordinates":[[[18.035639354963312,59.35859472302977],[18.038872534600035,59.35859472302977],[18.038872534600035,59.36182790266649],[18.035639354963312,59.36182790266649],[18.035639354963312,59.35859472302977]]]},"properties":{"id":"fb-new-Solna-61","municipality":"Solna","type":"flerbostadshus","view":"planned","height":387}},{"type":"Feature","geometry":{"type":"Polygon","coordinates":[[[18.00332346668458,59.34451033563089],[18.006556646321304,59.34451033563089],[18.006556646321304,59.346126925449255],[18.004940056502942,59.346126925449255],[18.004940056502942,59.34774351526762],[18.00332346668458,59.34774351526762],[18.00332346668458,59.34451033563089]]]},"properties":{"id":"fb-new-Solna-62","municipality":"Solna","type":"flerbostadshus","view":"planned","height":371}},{"type":"Feature","geometry":{"type":"Polygon","coordinates":[[[18.04028999919271,59.38030929119855],[18.04352317882943,59.38030929119855],[18.04352317882943,59.37869270138019],[18.042445452283857,59.37869270138019],[18.042445452283857,59.37707611156183],[18.041367725738283,59.37707611156183],[18.041367725738283,59.37869270138019],[18.04028999919271,59.37869270138019],[18.04028999919271,59.38030929119855]]]},"properties":{"id":"fb-new-Solna-63","municipality":"Solna","type":"flerbostadshus","view":"planned","height":436}},{"type":"Feature","geometry":{"type":"Polygon","coordinates":[[[18.012592938966435,59.35375406805804],[18.015826118603158,59.35375406805804],[18.015826118603158,59.35698724769476],[18.012592938966435,59.35698724769476],[18.012592938966435,59.35375406805804]]]},"properties":{"id":"fb-new-Solna-64","municipality":"Solna","type":"flerbostadshus","view":"planned","height":419}},{"type":"Feature","geometry":{"type":"Polygon","coordinates":[[[18.012608847054906,59.38631984398898],[18.01584202669163,59.38631984398898],[18.01584202669163,59.38793643380734],[18.014225436873268,59.38793643380734],[18.014225436873268,59.3895530236257],[18.012608847054906,59.3895530236257],[18.012608847054906,59.38631984398898]]]},"properties":{"id":"fb-new-Solna-65","municipality":"Solna","type":"flerbostadshus","view":"planned","height":403}},{"type":"Feature","geometry":{"type":"Polygon","coordinates":[[[18.036337651086257,59.343049299527436],[18.039444206095766,59.343049299527436],[18.039444206095766,59.346155854536946],[18.036337651086257,59.346155854536946],[18.036337651086257,59.343049299527436]]]},"properties":{"id":"fb-new-Stockholm-425","municipality":"Stockholm","type":"flerbostadshus","view":"planned","height":370}},{"type":"Feature","geometry":{"type":"Polygon","coordinates":[[[17.854397571252704,59.347712051196076],[17.857504126262214,59.347712051196076],[17.857504126262214,59.34926532870083],[17.85595084875746,59.34926532870083],[17.85595084875746,59.350818606205586],[17.854397571252704,59.350818606205586],[17.854397571252704,59.347712051196076]]]},"properties":{"id":"fb-new-Stockholm-426","municipality":"Stockholm","type":"flerbostadshus","view":"planned","height":354}},{"type":"Feature","geometry":{"type":"Polygon","coordinates":[[[17.943171570925333,59.40518623802639],[17.946278125934843,59.40518623802639],[17.946278125934843,59.4082927930359],[17.943171570925333,59.4082927930359],[17.943171570925333,59.40518623802639]]]},"properties":{"id":"fb-new-Stockholm-427","municipality":"Stockholm","type":"flerbostadshus","view":"planned","height":416}},{"type":"Feature","geometry":{"type":"Polygon","coordinates":[[[17.925435113023152,59.294462660876185],[17.92854166803266,59.294462660876185],[17.92854166803266,59.297569215885694],[17.925435113023152,59.297569215885694],[17.925435113023152,59.294462660876185]]]},"properties":{"id":"fb-new-Stockholm-428","municipality":"Stockholm","type":"flerbostadshus","view":"planned","height":401}},{"type":"Feature","geometry":{"type":"Polygon","coordinates":[[[18.00533324124003,59.311995426155654],[18.00843979624954,59.311995426155654],[18.00843979624954,59.31354870366041],[18.006886518744786,59.31354870366041],[18.006886518744786,59.315101981165164],[18.00533324124003,59.315101981165164],[18.00533324124003,59.311995426155654]]]},"properties":{"id":"fb-new-Stockholm-429","municipality":"Stockholm","type":"flerbostadshus","view":"planned","height":385}},{"type":"Feature","geometry":{"type":"Polygon","coordinates":[[[17.983158847609975,59.31532679710593],[17.986265402619484,59.31532679710593],[17.986265402619484,59.31377351960118],[17.98522988428298,59.31377351960118],[17.98522988428298,59.31222024209642],[17.98419436594648,59.31222024209642],[17.98419436594648,59.31377351960118],[17.983158847609975,59.31377351960118],[17.983158847609975,59.31532679710593]]]},"properties":{"id":"fb-new-Stockholm-430","municipality":"Stockholm","type":"flerbostadshus","view":"planned","height":369}},{"type":"Feature","geometry":{"type":"Polygon","coordinates":[[[17.81897051079373,59.36525649319886],[17.82207706580324,59.36525649319886],[17.82207706580324,59.36836304820837],[17.81897051079373,59.36836304820837],[17.81897051079373,59.36525649319886]]]},"properties":{"id":"fb-new-Stockholm-431","municipality":"Stockholm","type":"flerbostadshus","view":"planned","height":353}},{"type":"Feature","geometry":{"type":"Polygon","coordinates":[[[18.12076542529855,59.32110195186092],[18.12387198030806,59.32110195186092],[18.12387198030806,59.32265522936567],[18.122318702803305,59.32265522936567],[18.122318702803305,59.32420850687043],[18.12076542529855,59.32420850687043],[18.12076542529855,59.32110195186092]]]},"properties":{"id":"fb-new-Stockholm-432","municipality":"Stockholm","type":"flerbostadshus","view":"planned","height":416}},{"type":"Feature","geometry":{"type":"Polygon","coordinates":[[[17.89000805256418,59.2796101720655],[17.89311460757369,59.2796101720655],[17.89311460757369,59.27805689456075],[17.892079089237185,59.27805689456075],[17.892079089237185,59.276503617055994],[17.891043570900685,59.276503617055994],[17.891043570900685,59.27805689456075],[17.89000805256418,59.27805689456075],[17.89000805256418,59.2796101720655]]]},"properties":{"id":"fb-new-Stockholm-433","municipality":"Stockholm","type":"flerbostadshus","view":"planned","height":400}},{"type":"Feature","geometry":{"type":"Polygon","coordinates":[[[18.080854573872124,59.31666985454761],[18.083961128881633,59.31666985454761],[18.083961128881633,59.31977640955712],[18.080854573872124,59.31977640955712],[18.080854573872124,59.31666985454761]]]},"properties":{"id":"fb-new-Stockholm-434","municipality":"Stockholm","type":"flerbostadshus","view":"planned","height":384}},{"type":"Feature","geometry":{"type":"Polygon","coordinates":[[[17.81015577958688,59.36526816992218],[17.813262334596388,59.36526816992218],[17.813262334596388,59.366821447426936],[17.811709057091633,59.366821447426936],[17.811709057091633,59.36837472493169],[17.81015577958688,59.36837472493169],[17.81015577958688,59.36526816992218]]]},"properties":{"id":"fb-new-Stockholm-435","municipality":"Stockholm","type":"flerbostadshus","view":"planned","height":368}},{"type":"Feature","geometry":{"type":"Polygon","coordinates":[[[17.938871200704572,59.33309605504949],[17.94197775571408,59.33309605504949],[17.94197775571408,59.33154277754473],[17.940942237377577,59.33154277754473],[17.940942237377577,59.32998950003998],[17.939906719041076,59.32998950003998],[17.939906719041076,59.33154277754473],[17.938871200704572,59.33154277754473],[17.938871200704572,59.33309605504949]]]},"properties":{"id":"fb-new-Stockholm-436","municipality":"Stockholm","type":"flerbostadshus","view":"planned","height":431}},{"type":"Feature","geometry":{"type":"Polygon","coordinates":[[[18.085338364839576,59.26763942221776],[18.088444919849085,59.26763942221776],[18.088444919849085,59.27074597722727],[18.085338364839576,59.27074597722727],[18.085338364839576,59.26763942221776]]]},"properties":{"id":"fb-new-Stockholm-437","municipality":"Stockholm","type":"flerbostadshus","view":"planned","height":415}},{"type":"Feature","geometry":{"type":"Polygon","coordinates":[[[17.9433397065569,59.32999533845454],[17.946446261566408,59.32999533845454],[17.946446261566408,59.33154861595929],[17.944892984061653,59.33154861595929],[17.944892984061653,59.33310189346405],[17.9433397065569,59.33310189346405],[17.9433397065569,59.32999533845454]]]},"properties":{"id":"fb-new-Stockholm-438","municipality":"Stockholm","type":"flerbostadshus","view":"planned","height":399}},{"type":"Feature","geometry":{"type":"Polygon","coordinates":[[[17.836844534203024,59.35507259447139],[17.839951089212533,59.35507259447139],[17.839951089212533,59.35351931696663],[17.83891557087603,59.35351931696663],[17.83891557087603,59.35196603946188],[17.83788005253953,59.35196603946188],[17.83788005253953,59.35351931696663],[17.836844534203024,59.35351931696663],[17.836844534203024,59.35507259447139]]]},"properties":{"id":"fb-new-Stockholm-439","municipality":"Stockholm","type":"flerbostadshus","view":"planned","height":384}},{"type":"Feature","geometry":{"type":"Polygon","coordinates":[[[18.03656692696672,59.2989356266682],[18.03967348197623,59.2989356266682],[18.03967348197623,59.302042181677706],[18.03656692696672,59.302042181677706],[18.03656692696672,59.2989356266682]]]},"properties":{"id":"fb-new-Stockholm-440","municipality":"Stockholm","type":"flerbostadshus","view":"planned","height":368}},{"type":"Feature","geometry":{"type":"Polygon","coordinates":[[[17.934509690340725,59.36084774922638],[17.937616245350235,59.36084774922638],[17.937616245350235,59.362401026731135],[17.93606296784548,59.362401026731135],[17.93606296784548,59.36395430423589],[17.934509690340725,59.36395430423589],[17.934509690340725,59.36084774922638]]]},"properties":{"id":"fb-new-Stockholm-441","municipality":"Stockholm","type":"flerbostadshus","view":"planned","height":430}},{"type":"Feature","geometry":{"type":"Polygon","coordinates":[[[18.00109401126817,59.274976612046444],[18.004200566277678,59.274976612046444],[18.004200566277678,59.27342333454169],[18.003165047941174,59.27342333454169],[18.003165047941174,59.271870057036935],[18.002129529604673,59.271870057036935],[18.002129529604673,59.27342333454169],[18.00109401126817,59.27342333454169],[18.00109401126817,59.274976612046444]]]},"properties":{"id":"fb-new-Stockholm-442","municipality":"Stockholm","type":"flerbostadshus","view":"planned","height":415}},{"type":"Feature","geometry":{"type":"Polygon","coordinates":[[[17.938978196193048,59.312036294528546],[17.942084751202557,59.312036294528546],[17.942084751202557,59.315142849538056],[17.938978196193048,59.315142849538056],[17.938978196193048,59.312036294528546]]]},"properties":{"id":"fb-new-Stockholm-443","municipality":"Stockholm","type":"flerbostadshus","view":"planned","height":399}},{"type":"Feature","geometry":{"type":"Polygon","coordinates":[[[18.12094884604524,59.240810345356394],[18.12405540105475,59.240810345356394],[18.12405540105475,59.24236362286115],[18.122502123549996,59.24236362286115],[18.122502123549996,59.2439169003659],[18.12094884604524,59.2439169003659],[18.12094884604524,59.240810345356394]]]},"properties":{"id":"fb-new-Stockholm-444","municipality":"Stockholm","type":"flerbostadshus","view":"planned","height":383}},{"type":"Feature","geometry":{"type":"Polygon","coordinates":[[[17.939008766317496,59.3639659809592],[17.942115321327005,59.3639659809592],[17.942115321327005,59.362412703454446],[17.9410798029905,59.362412703454446],[17.9410798029905,59.36085942594969],[17.940044284654,59.36085942594969],[17.940044284654,59.362412703454446],[17.939008766317496,59.362412703454446],[17.939008766317496,59.3639659809592]]]},"properties":{"id":"fb-new-Stockholm-445","municipality":"Stockholm","type":"flerbostadshus","view":"planned","height":367}},{"type":"Feature","geometry":{"type":"Polygon","coordinates":[[[18.085475930346693,59.28963347667173],[18.088582485356202,59.28963347667173],[18.088582485356202,59.29274003168124],[18.085475930346693,59.29274003168124],[18.085475930346693,59.28963347667173]]]},"properties":{"id":"fb-new-Stockholm-446","municipality":"Stockholm","type":"flerbostadshus","view":"planned","height":430}},{"type":"Feature","geometry":{"type":"Polygon","coordinates":[[[17.939039336441947,59.29429622834038],[17.942145891451457,59.29429622834038],[17.942145891451457,59.29584950584513],[17.940592613946702,59.29584950584513],[17.940592613946702,59.29740278334989],[17.939039336441947,59.29740278334989],[17.939039336441947,59.29429622834038]]]},"properties":{"id":"fb-new-Stockholm-447","municipality":"Stockholm","type":"flerbostadshus","view":"planned","height":414}},{"type":"Feature","geometry":{"type":"Polygon","coordinates":[[[17.82810622825439,59.368190777363814],[17.8312127832639,59.368190777363814],[17.8312127832639,59.36663749985906],[17.830177264927396,59.36663749985906],[17.830177264927396,59.365084222354305],[17.829141746590896,59.365084222354305],[17.829141746590896,59.36663749985906],[17.82810622825439,59.36663749985906],[17.82810622825439,59.368190777363814]]]},"properties":{"id":"fb-new-Stockholm-448","municipality":"Stockholm","type":"flerbostadshus","view":"planned","height":398}},{"type":"Feature","geometry":{"type":"Polygon","coordinates":[[[18.07664591413052,59.36530903840088],[18.07975246914003,59.36530903840088],[18.07975246914003,59.36841559341039],[18.07664591413052,59.36841559341039],[18.07664591413052,59.36530903840088]]]},"properties":{"id":"fb-new-Stockholm-449","municipality":"Stockholm","type":"flerbostadshus","view":"planned","height":382}},{"type":"Feature","geometry":{"type":"Polygon","coordinates":[[[17.947961063031464,59.31627276776228],[17.951067618040973,59.31627276776228],[17.951067618040973,59.31782604526703],[17.94951434053622,59.31782604526703],[17.94951434053622,59.31937932277179],[17.947961063031464,59.31937932277179],[17.947961063031464,59.31627276776228]]]},"properties":{"id":"fb-new-Stockholm-450","municipality":"Stockholm","type":"flerbostadshus","view":"planned","height":366}},{"type":"Feature","geometry":{"type":"Polygon","coordinates":[[[18.116174112233054,59.34179381735191],[18.119280667242563,59.34179381735191],[18.119280667242563,59.34024053984716],[18.11824514890606,59.34024053984716],[18.11824514890606,59.338687262342404],[18.11720963056956,59.338687262342404],[18.11720963056956,59.34024053984716],[18.116174112233054,59.34024053984716],[18.116174112233054,59.34179381735191]]]},"properties":{"id":"fb-new-Stockholm-451","municipality":"Stockholm","type":"flerbostadshus","view":"planned","height":429}},{"type":"Feature","geometry":{"type":"Polygon","coordinates":[[[17.9342340323995,59.32515447752677],[17.93734058740901,59.32515447752677],[17.93734058740901,59.32826103253628],[17.9342340323995,59.32826103253628],[17.9342340323995,59.32515447752677]]]},"properties":{"id":"fb-new-Stockholm-452","municipality":"Stockholm","type":"flerbostadshus","view":"planned","height":413}},{"type":"Feature","geometry":{"type":"Polygon","coordinates":[[[17.88099408878013,59.36088277929052],[17.88410064378964,59.36088277929052],[17.88410064378964,59.362436056795275],[17.882547366284886,59.362436056795275],[17.882547366284886,59.36398933430003],[17.88099408878013,59.36398933430003],[17.88099408878013,59.36088277929052]]]},"properties":{"id":"fb-new-Stockholm-453","municipality":"Stockholm","type":"flerbostadshus","view":"planned","height":397}},{"type":"Feature","geometry":{"type":"Polygon","coordinates":[[[18.0674026743602,59.350456549590206],[18.07050922936971,59.350456549590206],[18.07050922936971,59.34890327208545],[18.069473711033204,59.34890327208545],[18.069473711033204,59.347349994580696],[18.068438192696703,59.347349994580696],[18.068438192696703,59.34890327208545],[18.0674026743602,59.34890327208545],[18.0674026743602,59.350456549590206]]]},"properties":{"id":"fb-new-Stockholm-454","municipality":"Stockholm","type":"flerbostadshus","view":"planned","height":382}},{"type":"Feature","geometry":{"type":"Polygon","coordinates":[[[18.116235252481953,59.258816095964036],[18.119341807491463,59.258816095964036],[18.119341807491463,59.261922650973546],[18.116235252481953,59.261922650973546],[18.116235252481953,59.258816095964036]]]},"properties":{"id":"fb-new-Stockholm-455","municipality":"Stockholm","type":"flerbostadshus","view":"planned","height":366}},{"type":"Feature","geometry":{"type":"Polygon","coordinates":[[[18.054119437301022,59.32960408997796],[18.05722599231053,59.32960408997796],[18.05722599231053,59.33115736748272],[18.055672714805777,59.33115736748272],[18.055672714805777,59.33271064498747],[18.054119437301022,59.33271064498747],[18.054119437301022,59.32960408997796]]]},"properties":{"id":"fb-new-Stockholm-456","municipality":"Stockholm","type":"flerbostadshus","view":"planned","height":428}},{"type":"Feature","geometry":{"type":"Polygon","coordinates":[[[17.876617293301152,59.39506656111844],[17.87972384831066,59.39506656111844],[17.87972384831066,59.393513283613686],[17.878688329974157,59.393513283613686],[17.878688329974157,59.39196000610893],[17.877652811637656,59.39196000610893],[17.877652811637656,59.393513283613686],[17.876617293301152,59.393513283613686],[17.876617293301152,59.39506656111844]]]},"properties":{"id":"fb-new-Stockholm-457","municipality":"Stockholm","type":"flerbostadshus","view":"planned","height":413}},{"type":"Feature","geometry":{"type":"Polygon","coordinates":[[[18.1207190433436,59.236413278001415],[18.123825598353108,59.236413278001415],[18.123825598353108,59.239519833010924],[18.1207190433436,59.239519833010924],[18.1207190433436,59.236413278001415]]]},"properties":{"id":"fb-new-Stockholm-458","municipality":"Stockholm","type":"flerbostadshus","view":"planned","height":397}},{"type":"Feature","geometry":{"type":"Polygon","coordinates":[[[18.120734328458724,59.2987691942382],[18.123840883468233,59.2987691942382],[18.123840883468233,59.30032247174295],[18.12228760596348,59.30032247174295],[18.12228760596348,59.301875749247706],[18.120734328458724,59.301875749247706],[18.120734328458724,59.2987691942382]]]},"properties":{"id":"fb-new-Stockholm-459","municipality":"Stockholm","type":"flerbostadshus","view":"planned","height":381}},{"type":"Feature","geometry":{"type":"Polygon","coordinates":[[[18.04530470609417,59.26615328579272],[18.04841126110368,59.26615328579272],[18.04841126110368,59.264600008287964],[18.047375742767176,59.264600008287964],[18.047375742767176,59.26304673078321],[18.046340224430676,59.26304673078321],[18.046340224430676,59.264600008287964],[18.04530470609417,59.264600008287964],[18.04530470609417,59.26615328579272]]]},"properties":{"id":"fb-new-Stockholm-460","municipality":"Stockholm","type":"flerbostadshus","view":"planned","height":365}},{"type":"Feature","geometry":{"type":"Polygon","coordinates":[[[18.0808234770323,59.27214741817972],[18.08393003204181,59.27214741817972],[18.08393003204181,59.27525397318923],[18.0808234770323,59.27525397318923],[18.0808234770323,59.27214741817972]]]},"properties":{"id":"fb-new-Stockholm-461","municipality":"Stockholm","type":"flerbostadshus","view":"planned","height":428}},{"type":"Feature","geometry":{"type":"Polygon","coordinates":[[[18.067524954857994,59.28080431200345],[18.070631509867503,59.28080431200345],[18.070631509867503,59.2823575895082],[18.06907823236275,59.2823575895082],[18.06907823236275,59.283910867012956],[18.067524954857994,59.283910867012956],[18.067524954857994,59.28080431200345]]]},"properties":{"id":"fb-new-Stockholm-462","municipality":"Stockholm","type":"flerbostadshus","view":"planned","height":412}},{"type":"Feature","geometry":{"type":"Polygon","coordinates":[[[18.165174825986373,59.24419426140288],[18.168281380995882,59.24419426140288],[18.168281380995882,59.24264098389813],[18.167245862659378,59.24264098389813],[18.167245862659378,59.24108770639337],[18.166210344322877,59.24108770639337],[18.166210344322877,59.24264098389813],[18.165174825986373,59.24264098389813],[18.165174825986373,59.24419426140288]]]},"properties":{"id":"fb-new-Stockholm-463","municipality":"Stockholm","type":"flerbostadshus","view":"planned","height":396}},{"type":"Feature","geometry":{"type":"Polygon","coordinates":[[[18.111934882261192,59.25418253594497],[18.1150414372707,59.25418253594497],[18.1150414372707,59.25728909095448],[18.111934882261192,59.25728909095448],[18.111934882261192,59.25418253594497]]]},"properties":{"id":"fb-new-Stockholm-464","municipality":"Stockholm","type":"flerbostadshus","view":"planned","height":380}},{"type":"Feature","geometry":{"type":"Polygon","coordinates":[[[17.97881209554007,59.26772115917517],[17.98191865054958,59.26772115917517],[17.98191865054958,59.26927443667992],[17.980365373044826,59.26927443667992],[17.980365373044826,59.270827714184676],[17.97881209554007,59.270827714184676],[17.97881209554007,59.26772115917517]]]},"properties":{"id":"fb-new-Stockholm-465","municipality":"Stockholm","type":"flerbostadshus","view":"planned","height":365}},{"type":"Feature","geometry":{"type":"Polygon","coordinates":[[[18.06314815937902,59.350491579654346],[18.066254714388528,59.350491579654346],[18.066254714388528,59.34893830214959],[18.065219196052023,59.34893830214959],[18.065219196052023,59.34738502464484],[18.064183677715523,59.34738502464484],[18.064183677715523,59.34893830214959],[18.06314815937902,59.34893830214959],[18.06314815937902,59.350491579654346]]]},"properties":{"id":"fb-new-Stockholm-466","municipality":"Stockholm","type":"flerbostadshus","view":"planned","height":427}},{"type":"Feature","geometry":{"type":"Polygon","coordinates":[[[17.978842665664523,59.285478740395405],[17.981949220674032,59.285478740395405],[17.981949220674032,59.288585295404914],[17.978842665664523,59.288585295404914],[17.978842665664523,59.285478740395405]]]},"properties":{"id":"fb-new-Stockholm-467","municipality":"Stockholm","type":"flerbostadshus","view":"planned","height":411}},{"type":"Feature","geometry":{"type":"Polygon","coordinates":[[[18.01436143649684,59.298573569947],[18.01746799150635,59.298573569947],[18.01746799150635,59.30168012495651],[18.01436143649684,59.30168012495651],[18.01436143649684,59.298573569947]]]},"properties":{"id":"fb-new-Stockholm-468","municipality":"Stockholm","type":"flerbostadshus","view":"planned","height":396}},{"type":"Feature","geometry":{"type":"Polygon","coordinates":[[[18.04988020743497,59.26196351934644],[18.05298676244448,59.26196351934644],[18.05298676244448,59.26041024184168],[18.051951244107975,59.26041024184168],[18.051951244107975,59.25885696433693],[18.050915725771475,59.25885696433693],[18.050915725771475,59.26041024184168],[18.04988020743497,59.26041024184168],[18.04988020743497,59.26196351934644]]]},"properties":{"id":"fb-new-Stockholm-469","municipality":"Stockholm","type":"flerbostadshus","view":"planned","height":380}},{"type":"Feature","geometry":{"type":"Polygon","coordinates":[[[17.947822970703164,59.33408289418454],[17.950929525712674,59.33408289418454],[17.950929525712674,59.33718944919405],[17.947822970703164,59.33718944919405],[17.947822970703164,59.33408289418454]]]},"properties":{"id":"fb-new-Stockholm-470","municipality":"Stockholm","type":"flerbostadshus","view":"planned","height":364}},{"type":"Feature","geometry":{"type":"Polygon","coordinates":[[[18.116479813477543,59.27661454566298],[18.119586368487052,59.27661454566298],[18.119586368487052,59.27972110067249],[18.116479813477543,59.27972110067249],[18.116479813477543,59.27661454566298]]]},"properties":{"id":"fb-new-Stockholm-471","municipality":"Stockholm","type":"flerbostadshus","view":"planned","height":426}},{"type":"Feature","geometry":{"type":"Polygon","coordinates":[[[17.952291476555487,59.33408873249329],[17.955398031564997,59.33408873249329],[17.955398031564997,59.33564200999805],[17.953844754060242,59.33564200999805],[17.953844754060242,59.3371952875028],[17.952291476555487,59.3371952875028],[17.952291476555487,59.33408873249329]]]},"properties":{"id":"fb-new-Stockholm-472","municipality":"Stockholm","type":"flerbostadshus","view":"planned","height":411}},{"type":"Feature","geometry":{"type":"Polygon","coordinates":[[[18.08988276923474,59.2499927696045],[18.09298932424425,59.2499927696045],[18.09298932424425,59.25309932461401],[18.08988276923474,59.25309932461401],[18.08988276923474,59.2499927696045]]]},"properties":{"id":"fb-new-Stockholm-473","municipality":"Stockholm","type":"flerbostadshus","view":"planned","height":395}},{"type":"Feature","geometry":{"type":"Polygon","coordinates":[[[18.02332901832594,59.32078076361843],[18.026435573335448,59.32078076361843],[18.026435573335448,59.32388731862794],[18.02332901832594,59.32388731862794],[18.02332901832594,59.32078076361843]]]},"properties":{"id":"fb-new-Stockholm-474","municipality":"Stockholm","type":"flerbostadshus","view":"planned","height":379}},{"type":"Feature","geometry":{"type":"Polygon","coordinates":[[[17.859140681509693,59.356509065487984],[17.862247236519202,59.356509065487984],[17.862247236519202,59.35806234299274],[17.860693959014448,59.35806234299274],[17.860693959014448,59.35961562049749],[17.859140681509693,59.35961562049749],[17.859140681509693,59.356509065487984]]]},"properties":{"id":"fb-new-Stockholm-475","municipality":"Stockholm","type":"flerbostadshus","view":"planned","height":363}},{"type":"Feature","geometry":{"type":"Polygon","coordinates":[[[17.814776609240262,59.39046219296058],[17.81788316424977,59.39046219296058],[17.81788316424977,59.38890891545582],[17.816847645913267,59.38890891545582],[17.816847645913267,59.38735563795107],[17.815812127576766,59.38735563795107],[17.815812127576766,59.38890891545582],[17.814776609240262,59.38890891545582],[17.814776609240262,59.39046219296058]]]},"properties":{"id":"fb-new-Stockholm-476","municipality":"Stockholm","type":"flerbostadshus","view":"planned","height":426}},{"type":"Feature","geometry":{"type":"Polygon","coordinates":[[[17.916864416096516,59.36539077525248],[17.919970971106025,59.36539077525248],[17.919970971106025,59.36849733026199],[17.916864416096516,59.36849733026199],[17.916864416096516,59.36539077525248]]]},"properties":{"id":"fb-new-Stockholm-477","municipality":"Stockholm","type":"flerbostadshus","view":"planned","height":410}},{"type":"Feature","geometry":{"type":"Polygon","coordinates":[[[17.952383186928834,59.307478633158134],[17.955489741938344,59.307478633158134],[17.955489741938344,59.30903191066289],[17.95393646443359,59.30903191066289],[17.95393646443359,59.31058518816764],[17.952383186928834,59.31058518816764],[17.952383186928834,59.307478633158134]]]},"properties":{"id":"fb-new-Stockholm-478","municipality":"Stockholm","type":"flerbostadshus","view":"planned","height":394}},{"type":"Feature","geometry":{"type":"Polygon","coordinates":[[[17.98346402213909,59.34187555420351],[17.986570577148598,59.34187555420351],[17.986570577148598,59.34032227669876],[17.985535058812093,59.34032227669876],[17.985535058812093,59.338768999194],[17.984499540475593,59.338768999194],[17.984499540475593,59.34032227669876],[17.98346402213909,59.34032227669876],[17.98346402213909,59.34187555420351]]]},"properties":{"id":"fb-new-Stockholm-479","municipality":"Stockholm","type":"flerbostadshus","view":"planned","height":378}},{"type":"Feature","geometry":{"type":"Polygon","coordinates":[[[17.885400927562372,59.276418921371786],[17.88850748257188,59.276418921371786],[17.88850748257188,59.279525476381295],[17.885400927562372,59.279525476381295],[17.885400927562372,59.276418921371786]]]},"properties":{"id":"fb-new-Stockholm-480","municipality":"Stockholm","type":"flerbostadshus","view":"planned","height":363}},{"type":"Feature","geometry":{"type":"Polygon","coordinates":[[[17.916481762772626,59.387592130615154],[17.919588317782136,59.387592130615154],[17.919588317782136,59.38914540811991],[17.91803504027738,59.38914540811991],[17.91803504027738,59.39069868562466],[17.916481762772626,59.39069868562466],[17.916481762772626,59.387592130615154]]]},"properties":{"id":"fb-new-Stockholm-481","municipality":"Stockholm","type":"flerbostadshus","view":"planned","height":425}},{"type":"Feature","geometry":{"type":"Polygon","coordinates":[[[18.049635119618195,59.24846576470076],[18.052741674627704,59.24846576470076],[18.052741674627704,59.246912487196006],[18.0517061562912,59.246912487196006],[18.0517061562912,59.24535920969125],[18.0506706379547,59.24535920969125],[18.0506706379547,59.246912487196006],[18.049635119618195,59.246912487196006],[18.049635119618195,59.24846576470076]]]},"properties":{"id":"fb-new-Stockholm-482","municipality":"Stockholm","type":"flerbostadshus","view":"planned","height":409}},{"type":"Feature","geometry":{"type":"Polygon","coordinates":[[[18.165036733658074,59.25445989708776],[18.168143288667583,59.25445989708776],[18.168143288667583,59.25756645209727],[18.165036733658074,59.25756645209727],[18.165036733658074,59.25445989708776]]]},"properties":{"id":"fb-new-Stockholm-483","municipality":"Stockholm","type":"flerbostadshus","view":"planned","height":394}},{"type":"Feature","geometry":{"type":"Polygon","coordinates":[[[17.889900003539143,59.342999634013175],[17.893006558548652,59.342999634013175],[17.893006558548652,59.34455291151793],[17.891453281043898,59.34455291151793],[17.891453281043898,59.346106189022684],[17.889900003539143,59.346106189022684],[17.889900003539143,59.342999634013175]]]},"properties":{"id":"fb-new-Stockholm-484","municipality":"Stockholm","type":"flerbostadshus","view":"planned","height":378}},{"type":"Feature","geometry":{"type":"Polygon","coordinates":[[[17.929856710205147,59.350768940691324],[17.932963265214656,59.350768940691324],[17.932963265214656,59.34921566318657],[17.931927746878152,59.34921566318657],[17.931927746878152,59.347662385681815],[17.93089222854165,59.347662385681815],[17.93089222854165,59.34921566318657],[17.929856710205147,59.34921566318657],[17.929856710205147,59.350768940691324]]]},"properties":{"id":"fb-new-Stockholm-485","municipality":"Stockholm","type":"flerbostadshus","view":"planned","height":362}},{"type":"Feature","geometry":{"type":"Polygon","coordinates":[[[17.86774089502422,59.378508958250706],[17.87084745003373,59.378508958250706],[17.87084745003373,59.381615513260215],[17.86774089502422,59.381615513260215],[17.86774089502422,59.378508958250706]]]},"properties":{"id":"fb-new-Stockholm-486","municipality":"Stockholm","type":"flerbostadshus","view":"planned","height":425}},{"type":"Feature","geometry":{"type":"Polygon","coordinates":[[[18.098528837988848,59.33879235264064],[18.101635392998357,59.33879235264064],[18.101635392998357,59.34034563014539],[18.100082115493603,59.34034563014539],[18.100082115493603,59.34189890765015],[18.098528837988848,59.34189890765015],[18.098528837988848,59.33879235264064]]]},"properties":{"id":"fb-new-Stockholm-487","municipality":"Stockholm","type":"flerbostadshus","view":"planned","height":409}},{"type":"Feature","geometry":{"type":"Polygon","coordinates":[[[17.907712886699542,59.381621351568974],[17.91081944170905,59.381621351568974],[17.91081944170905,59.38006807406422],[17.909783923372547,59.38006807406422],[17.909783923372547,59.378514796559465],[17.908748405036047,59.378514796559465],[17.908748405036047,59.38006807406422],[17.907712886699542,59.38006807406422],[17.907712886699542,59.381621351568974]]]},"properties":{"id":"fb-new-Stockholm-488","municipality":"Stockholm","type":"flerbostadshus","view":"planned","height":393}},{"type":"Feature","geometry":{"type":"Polygon","coordinates":[[[17.96985927200492,59.27222915503132],[17.97296582701443,59.27222915503132],[17.97296582701443,59.27533571004083],[17.96985927200492,59.27533571004083],[17.96985927200492,59.27222915503132]]]},"properties":{"id":"fb-new-Stockholm-489","municipality":"Stockholm","type":"flerbostadshus","view":"planned","height":377}},{"type":"Feature","geometry":{"type":"Polygon","coordinates":[[[18.11188850030624,59.307513663222274],[18.11499505531575,59.307513663222274],[18.11499505531575,59.30906694072703],[18.113441777810994,59.30906694072703],[18.113441777810994,59.31062021823178],[18.11188850030624,59.31062021823178],[18.11188850030624,59.307513663222274]]]},"properties":{"id":"fb-new-Stockholm-490","municipality":"Stockholm","type":"flerbostadshus","view":"planned","height":361}},{"type":"Feature","geometry":{"type":"Polygon","coordinates":[[[17.956576034945744,59.328596777189844],[17.959682589955253,59.328596777189844],[17.959682589955253,59.32704349968509],[17.95864707161875,59.32704349968509],[17.95864707161875,59.325490222180335],[17.95761155328225,59.325490222180335],[17.95761155328225,59.32704349968509],[17.956576034945744,59.32704349968509],[17.956576034945744,59.328596777189844]]]},"properties":{"id":"fb-new-Stockholm-491","municipality":"Stockholm","type":"flerbostadshus","view":"planned","height":424}},{"type":"Feature","geometry":{"type":"Polygon","coordinates":[[[17.93440164131569,59.36965060182703],[17.9375081963252,59.36965060182703],[17.9375081963252,59.37275715683654],[17.93440164131569,59.37275715683654],[17.93440164131569,59.36965060182703]]]},"properties":{"id":"fb-new-Stockholm-492","municipality":"Stockholm","type":"flerbostadshus","view":"planned","height":408}},{"type":"Feature","geometry":{"type":"Polygon","coordinates":[[[18.10749641981794,59.32105812476122],[18.11060297482745,59.32105812476122],[18.11060297482745,59.32261140226598],[18.109049697322696,59.32261140226598],[18.109049697322696,59.32416467977073],[18.10749641981794,59.32416467977073],[18.10749641981794,59.32105812476122]]]},"properties":{"id":"fb-new-Stockholm-493","municipality":"Stockholm","type":"flerbostadshus","view":"planned","height":392}},{"type":"Feature","geometry":{"type":"Polygon","coordinates":[[[18.098635833371514,59.355011252233815],[18.101742388381023,59.355011252233815],[18.101742388381023,59.35345797472906],[18.10070687004452,59.35345797472906],[18.10070687004452,59.351904697224306],[18.099671351708018,59.351904697224306],[18.099671351708018,59.35345797472906],[18.098635833371514,59.35345797472906],[18.098635833371514,59.355011252233815]]]},"properties":{"id":"fb-new-Stockholm-494","municipality":"Stockholm","type":"flerbostadshus","view":"planned","height":377}},{"type":"Feature","geometry":{"type":"Polygon","coordinates":[[[18.125278732853893,59.28112254151913],[18.128385287863402,59.28112254151913],[18.128385287863402,59.28422909652864],[18.125278732853893,59.28422909652864],[18.125278732853893,59.28112254151913]]]},"properties":{"id":"fb-new-Stockholm-495","municipality":"Stockholm","type":"flerbostadshus","view":"planned","height":361}},{"type":"Feature","geometry":{"type":"Polygon","coordinates":[[[17.947776588748212,59.35634847126093],[17.95088314375772,59.35634847126093],[17.95088314375772,59.357901748765684],[17.949329866252967,59.357901748765684],[17.949329866252967,59.35945502627044],[17.947776588748212,59.35945502627044],[17.947776588748212,59.35634847126093]]]},"properties":{"id":"fb-new-Stockholm-496","municipality":"Stockholm","type":"flerbostadshus","view":"planned","height":423}},{"type":"Feature","geometry":{"type":"Polygon","coordinates":[[[17.93891600240759,59.35080397086127],[17.9420225574171,59.35080397086127],[17.9420225574171,59.34925069335652],[17.940987039080596,59.34925069335652],[17.940987039080596,59.34769741585176],[17.939951520744096,59.34769741585176],[17.939951520744096,59.34925069335652],[17.93891600240759,59.34925069335652],[17.93891600240759,59.35080397086127]]]},"properties":{"id":"fb-new-Stockholm-497","municipality":"Stockholm","type":"flerbostadshus","view":"planned","height":407}},{"type":"Feature","geometry":{"type":"Polygon","coordinates":[[[17.87680018722666,59.374106052586974],[17.87990674223617,59.374106052586974],[17.87990674223617,59.37721260759648],[17.87680018722666,59.37721260759648],[17.87680018722666,59.374106052586974]]]},"properties":{"id":"fb-new-Stockholm-498","municipality":"Stockholm","type":"flerbostadshus","view":"planned","height":392}},{"type":"Feature","geometry":{"type":"Polygon","coordinates":[[[18.01882941563379,59.27669628251458],[18.021935970643298,59.27669628251458],[18.021935970643298,59.27824956001933],[18.020382693138544,59.27824956001933],[18.020382693138544,59.27980283752409],[18.01882941563379,59.27980283752409],[18.01882941563379,59.27669628251458]]]},"properties":{"id":"fb-new-Stockholm-499","municipality":"Stockholm","type":"flerbostadshus","view":"planned","height":376}},{"type":"Feature","geometry":{"type":"Polygon","coordinates":[[[17.890144564534737,59.39497018881673],[17.893251119544246,59.39497018881673],[17.893251119544246,59.393416911311974],[17.89221560120774,59.393416911311974],[17.89221560120774,59.39186363380722],[17.89118008287124,59.39186363380722],[17.89118008287124,59.393416911311974],[17.890144564534737,59.393416911311974],[17.890144564534737,59.39497018881673]]]},"properties":{"id":"fb-new-Stockholm-500","municipality":"Stockholm","type":"flerbostadshus","view":"planned","height":360}},{"type":"Feature","geometry":{"type":"Polygon","coordinates":[[[18.085429021676365,59.24563657072823],[18.088535576685874,59.24563657072823],[18.088535576685874,59.24874312573774],[18.085429021676365,59.24874312573774],[18.085429021676365,59.24563657072823]]]},"properties":{"id":"fb-new-Stockholm-501","municipality":"Stockholm","type":"flerbostadshus","view":"planned","height":423}},{"type":"Feature","geometry":{"type":"Polygon","coordinates":[[[17.92124068475431,59.35636598639881],[17.92434723976382,59.35636598639881],[17.92434723976382,59.35791926390356],[17.922793962259064,59.35791926390356],[17.922793962259064,59.359472541408316],[17.92124068475431,59.359472541408316],[17.92124068475431,59.35636598639881]]]},"properties":{"id":"fb-new-Stockholm-502","municipality":"Stockholm","type":"flerbostadshus","view":"planned","height":407}},{"type":"Feature","geometry":{"type":"Polygon","coordinates":[[[18.098773398984438,59.31531800007037],[18.101879953993947,59.31531800007037],[18.101879953993947,59.313764722565615],[18.100844435657443,59.313764722565615],[18.100844435657443,59.31221144506086],[18.099808917320942,59.31221144506086],[18.099808917320942,59.313764722565615],[18.098773398984438,59.313764722565615],[18.098773398984438,59.31531800007037]]]},"properties":{"id":"fb-new-Stockholm-503","municipality":"Stockholm","type":"flerbostadshus","view":"planned","height":391}},{"type":"Feature","geometry":{"type":"Polygon","coordinates":[[[17.921271254878757,59.38743737480266],[17.924377809888266,59.38743737480266],[17.924377809888266,59.39054392981217],[17.921271254878757,59.39054392981217],[17.921271254878757,59.38743737480266]]]},"properties":{"id":"fb-new-Stockholm-504","municipality":"Stockholm","type":"flerbostadshus","view":"planned","height":375}},{"type":"Feature","geometry":{"type":"Polygon","coordinates":[[[17.96122796154476,59.29002760473026],[17.96433451655427,59.29002760473026],[17.96433451655427,59.29158088223502],[17.962781239049516,59.29158088223502],[17.962781239049516,59.29313415973977],[17.96122796154476,59.29313415973977],[17.96122796154476,59.29002760473026]]]},"properties":{"id":"fb-new-Stockholm-505","municipality":"Stockholm","type":"flerbostadshus","view":"planned","height":359}},{"type":"Feature","geometry":{"type":"Polygon","coordinates":[[[18.045564025383705,59.25297376055691],[18.048670580393214,59.25297376055691],[18.048670580393214,59.25142048305216],[18.04763506205671,59.25142048305216],[18.04763506205671,59.2498672055474],[18.04659954372021,59.2498672055474],[18.04659954372021,59.25142048305216],[18.045564025383705,59.25142048305216],[18.045564025383705,59.25297376055691]]]},"properties":{"id":"fb-new-Stockholm-506","municipality":"Stockholm","type":"flerbostadshus","view":"planned","height":422}},{"type":"Feature","geometry":{"type":"Polygon","coordinates":[[[17.96125853166921,59.34328867187928],[17.96436508667872,59.34328867187928],[17.96436508667872,59.34639522688879],[17.96125853166921,59.34639522688879],[17.96125853166921,59.34328867187928]]]},"properties":{"id":"fb-new-Stockholm-507","municipality":"Stockholm","type":"flerbostadshus","view":"planned","height":406}},{"type":"Feature","geometry":{"type":"Polygon","coordinates":[[[18.143229181521406,59.32531795133578],[18.146335736530915,59.32531795133578],[18.146335736530915,59.32687122884053],[18.14478245902616,59.32687122884053],[18.14478245902616,59.328424506345286],[18.143229181521406,59.328424506345286],[18.143229181521406,59.32531795133578]]]},"properties":{"id":"fb-new-Stockholm-508","municipality":"Stockholm","type":"flerbostadshus","view":"planned","height":390}},{"type":"Feature","geometry":{"type":"Polygon","coordinates":[[[18.06735576568987,59.35527693665328],[18.07046232069938,59.35527693665328],[18.07046232069938,59.35372365914853],[18.069426802362877,59.35372365914853],[18.069426802362877,59.352170381643774],[18.068391284026376,59.352170381643774],[18.068391284026376,59.35372365914853],[18.06735576568987,59.35372365914853],[18.06735576568987,59.35527693665328]]]},"properties":{"id":"fb-new-Stockholm-509","municipality":"Stockholm","type":"flerbostadshus","view":"planned","height":375}},{"type":"Feature","geometry":{"type":"Polygon","coordinates":[[[17.823284585666066,59.38745488983473],[17.826391140675575,59.38745488983473],[17.826391140675575,59.39056144484424],[17.823284585666066,59.39056144484424],[17.823284585666066,59.38745488983473]]]},"properties":{"id":"fb-new-Stockholm-510","municipality":"Stockholm","type":"flerbostadshus","view":"planned","height":359}},{"type":"Feature","geometry":{"type":"Polygon","coordinates":[[[17.841051613692695,59.361052091408276],[17.844158168702204,59.361052091408276],[17.844158168702204,59.36260536891303],[17.84260489119745,59.36260536891303],[17.84260489119745,59.364158646417785],[17.841051613692695,59.364158646417785],[17.841051613692695,59.361052091408276]]]},"properties":{"id":"fb-new-Stockholm-511","municipality":"Stockholm","type":"flerbostadshus","view":"planned","height":421}},{"type":"Feature","geometry":{"type":"Polygon","coordinates":[[[18.10290510664664,59.2663050827726],[18.10601166165615,59.2663050827726],[18.10601166165615,59.26475180526784],[18.104976143319647,59.26475180526784],[18.104976143319647,59.26319852776309],[18.103940624983146,59.26319852776309],[18.103940624983146,59.26475180526784],[18.10290510664664,59.26475180526784],[18.10290510664664,59.2663050827726]]]},"properties":{"id":"fb-new-Stockholm-512","municipality":"Stockholm","type":"flerbostadshus","view":"planned","height":406}},{"type":"Feature","geometry":{"type":"Polygon","coordinates":[[[17.960906448469768,59.27673715099328],[17.964013003479277,59.27673715099328],[17.964013003479277,59.27984370600279],[17.960906448469768,59.27984370600279],[17.960906448469768,59.27673715099328]]]},"properties":{"id":"fb-new-Stockholm-513","municipality":"Stockholm","type":"flerbostadshus","view":"planned","height":390}},{"type":"Feature","geometry":{"type":"Polygon","coordinates":[[[17.99642521930209,59.285394044817004],[17.9995317743116,59.285394044817004],[17.9995317743116,59.28850059982651],[17.99642521930209,59.28850059982651],[17.99642521930209,59.285394044817004]]]},"properties":{"id":"fb-new-Stockholm-514","municipality":"Stockholm","type":"flerbostadshus","view":"planned","height":374}},{"type":"Feature","geometry":{"type":"Polygon","coordinates":[[[17.992002568689344,59.302039222950896],[17.995109123698853,59.302039222950896],[17.995109123698853,59.30048594544614],[17.99407360536235,59.30048594544614],[17.99407360536235,59.298932667941386],[17.993038087025848,59.298932667941386],[17.993038087025848,59.30048594544614],[17.992002568689344,59.30048594544614],[17.992002568689344,59.302039222950896]]]},"properties":{"id":"fb-new-Stockholm-515","municipality":"Stockholm","type":"flerbostadshus","view":"planned","height":358}},{"type":"Feature","geometry":{"type":"Polygon","coordinates":[[[18.134031796990662,59.254334333030656],[18.13713835200017,59.254334333030656],[18.13713835200017,59.257440888040165],[18.134031796990662,59.257440888040165],[18.134031796990662,59.254334333030656]]]},"properties":{"id":"fb-new-Stockholm-516","municipality":"Stockholm","type":"flerbostadshus","view":"planned","height":421}},{"type":"Feature","geometry":{"type":"Polygon","coordinates":[[[18.014222817453167,59.31225231343376],[18.017329372462676,59.31225231343376],[18.017329372462676,59.31535886844327],[18.014222817453167,59.31535886844327],[18.014222817453167,59.31225231343376]]]},"properties":{"id":"fb-new-Stockholm-517","municipality":"Stockholm","type":"flerbostadshus","view":"planned","height":405}},{"type":"Feature","geometry":{"type":"Polygon","coordinates":[[[17.996486359550985,59.31203333590755],[17.999592914560495,59.31203333590755],[17.999592914560495,59.313586613412305],[17.99803963705574,59.313586613412305],[17.99803963705574,59.31513989091706],[17.996486359550985,59.31513989091706],[17.996486359550985,59.31203333590755]]]},"properties":{"id":"fb-new-Stockholm-518","municipality":"Stockholm","type":"flerbostadshus","view":"planned","height":389}},{"type":"Feature","geometry":{"type":"Polygon","coordinates":[[[17.89442912292499,59.342879908370634],[17.8975356779345,59.342879908370634],[17.8975356779345,59.34598646338014],[17.89442912292499,59.34598646338014],[17.89442912292499,59.342879908370634]]]},"properties":{"id":"fb-new-Stockholm-519","municipality":"Stockholm","type":"flerbostadshus","view":"planned","height":373}},{"type":"Feature","geometry":{"type":"Polygon","coordinates":[[[18.094151515688687,59.351980595767145],[18.097258070698196,59.351980595767145],[18.097258070698196,59.355087150776654],[18.094151515688687,59.355087150776654],[18.094151515688687,59.351980595767145]]]},"properties":{"id":"fb-new-Stockholm-520","municipality":"Stockholm","type":"flerbostadshus","view":"planned","height":358}},{"type":"Feature","geometry":{"type":"Polygon","coordinates":[[[18.085290929348066,59.25856496784983],[18.088397484357575,59.25856496784983],[18.088397484357575,59.26011824535458],[18.08684420685282,59.26011824535458],[18.08684420685282,59.26167152285934],[18.085290929348066,59.26167152285934],[18.085290929348066,59.25856496784983]]]},"properties":{"id":"fb-new-Stockholm-521","municipality":"Stockholm","type":"flerbostadshus","view":"planned","height":420}},{"type":"Feature","geometry":{"type":"Polygon","coordinates":[[[18.06311653571801,59.29429326961357],[18.06622309072752,59.29429326961357],[18.06622309072752,59.29739982462308],[18.06311653571801,59.29739982462308],[18.06311653571801,59.29429326961357]]]},"properties":{"id":"fb-new-Stockholm-522","municipality":"Stockholm","type":"flerbostadshus","view":"planned","height":404}},{"type":"Feature","geometry":{"type":"Polygon","coordinates":[[[18.02762833501014,59.280760484903745],[18.030734890019648,59.280760484903745],[18.030734890019648,59.283867039913254],[18.02762833501014,59.283867039913254],[18.02762833501014,59.280760484903745]]]},"properties":{"id":"fb-new-Stockholm-523","municipality":"Stockholm","type":"flerbostadshus","view":"planned","height":388}},{"type":"Feature","geometry":{"type":"Polygon","coordinates":[[[17.881191740999583,59.391933694041306],[17.884298296009092,59.391933694041306],[17.884298296009092,59.39348697154606],[17.882745018504338,59.39348697154606],[17.882745018504338,59.395040249050815],[17.881191740999583,59.395040249050815],[17.881191740999583,59.391933694041306]]]},"properties":{"id":"fb-new-Stockholm-524","municipality":"Stockholm","type":"flerbostadshus","view":"planned","height":373}},{"type":"Feature","geometry":{"type":"Polygon","coordinates":[[[17.912272576209837,59.417010950058156],[17.915379131219346,59.417010950058156],[17.915379131219346,59.4154576725534],[17.914343612882842,59.4154576725534],[17.914343612882842,59.41390439504865],[17.91330809454634,59.41390439504865],[17.91330809454634,59.4154576725534],[17.912272576209837,59.4154576725534],[17.912272576209837,59.417010950058156]]]},"properties":{"id":"fb-new-Stockholm-525","municipality":"Stockholm","type":"flerbostadshus","view":"planned","height":357}},{"type":"Feature","geometry":{"type":"Polygon","coordinates":[[[18.027674190143905,59.26323939624179],[18.030780745153415,59.26323939624179],[18.030780745153415,59.266345951251296],[18.027674190143905,59.266345951251296],[18.027674190143905,59.26323939624179]]]},"properties":{"id":"fb-new-Stockholm-526","municipality":"Stockholm","type":"flerbostadshus","view":"planned","height":419}},{"type":"Feature","geometry":{"type":"Polygon","coordinates":[[[18.00549979661966,59.3207135830721],[18.00860635162917,59.3207135830721],[18.00860635162917,59.32226686057685],[18.007053074124414,59.32226686057685],[18.007053074124414,59.32382013808161],[18.00549979661966,59.32382013808161],[18.00549979661966,59.3207135830721]]]},"properties":{"id":"fb-new-Stockholm-527","municipality":"Stockholm","type":"flerbostadshus","view":"planned","height":404}},{"type":"Feature","geometry":{"type":"Polygon","coordinates":[[[17.974449531533857,59.32848288985606],[17.977556086543366,59.32848288985606],[17.977556086543366,59.32692961235131],[17.976520568206862,59.32692961235131],[17.976520568206862,59.32537633484655],[17.97548504987036,59.32537633484655],[17.97548504987036,59.32692961235131],[17.974449531533857,59.32692961235131],[17.974449531533857,59.32848288985606]]]},"properties":{"id":"fb-new-Stockholm-528","municipality":"Stockholm","type":"flerbostadshus","view":"planned","height":388}},{"type":"Feature","geometry":{"type":"Polygon","coordinates":[[[17.92564752364236,59.36509877876537],[17.92875407865187,59.36509877876537],[17.92875407865187,59.36820533377488],[17.92564752364236,59.36820533377488],[17.92564752364236,59.36509877876537]]]},"properties":{"id":"fb-new-Stockholm-529","municipality":"Stockholm","type":"flerbostadshus","view":"planned","height":372}},{"type":"Feature","geometry":{"type":"Polygon","coordinates":[[[17.974480101658305,59.298754558788076],[17.977586656667814,59.298754558788076],[17.977586656667814,59.30030783629283],[17.97603337916306,59.30030783629283],[17.97603337916306,59.301861113797585],[17.974480101658305,59.301861113797585],[17.974480101658305,59.298754558788076]]]},"properties":{"id":"fb-new-Stockholm-530","municipality":"Stockholm","type":"flerbostadshus","view":"planned","height":356}},{"type":"Feature","geometry":{"type":"Polygon","coordinates":[[[17.974495386773434,59.27057658607047],[17.977601941782943,59.27057658607047],[17.977601941782943,59.269023308565714],[17.97656642344644,59.269023308565714],[17.97656642344644,59.26747003106096],[17.975530905109938,59.26747003106096],[17.975530905109938,59.269023308565714],[17.974495386773434,59.269023308565714],[17.974495386773434,59.27057658607047]]]},"properties":{"id":"fb-new-Stockholm-531","municipality":"Stockholm","type":"flerbostadshus","view":"planned","height":419}},{"type":"Feature","geometry":{"type":"Polygon","coordinates":[[[17.859124342858003,59.347577690103414],[17.862230897867512,59.347577690103414],[17.862230897867512,59.35068424511292],[17.859124342858003,59.35068424511292],[17.859124342858003,59.347577690103414]]]},"properties":{"id":"fb-new-Stockholm-532","municipality":"Stockholm","type":"flerbostadshus","view":"planned","height":403}},{"type":"Feature","geometry":{"type":"Polygon","coordinates":[[[18.09878815727838,59.2852276122812],[18.10189471228789,59.2852276122812],[18.10189471228789,59.28678088978595],[18.100341434783136,59.28678088978595],[18.100341434783136,59.28833416729071],[18.09878815727838,59.28833416729071],[18.09878815727838,59.2852276122812]]]},"properties":{"id":"fb-new-Stockholm-533","municipality":"Stockholm","type":"flerbostadshus","view":"planned","height":387}},{"type":"Feature","geometry":{"type":"Polygon","coordinates":[[[17.947913627539954,59.35069008352749],[17.951020182549463,59.35069008352749],[17.951020182549463,59.349136806022734],[17.94998466421296,59.349136806022734],[17.94998466421296,59.34758352851798],[17.94894914587646,59.34758352851798],[17.94894914587646,59.349136806022734],[17.947913627539954,59.349136806022734],[17.947913627539954,59.35069008352749]]]},"properties":{"id":"fb-new-Stockholm-534","municipality":"Stockholm","type":"flerbostadshus","view":"planned","height":371}},{"type":"Feature","geometry":{"type":"Polygon","coordinates":[[[18.00118414138958,59.25860583632853],[18.00429069639909,59.25860583632853],[18.00429069639909,59.26171239133804],[18.00118414138958,59.26171239133804],[18.00118414138958,59.25860583632853]]]},"properties":{"id":"fb-new-Stockholm-535","municipality":"Stockholm","type":"flerbostadshus","view":"planned","height":356}},{"type":"Feature","geometry":{"type":"Polygon","coordinates":[[[17.97457181203165,59.34315143109886],[17.97767836704116,59.34315143109886],[17.97767836704116,59.344704708603615],[17.976125089536406,59.344704708603615],[17.976125089536406,59.34625798610837],[17.97457181203165,59.34625798610837],[17.97457181203165,59.34315143109886]]]},"properties":{"id":"fb-new-Stockholm-536","municipality":"Stockholm","type":"flerbostadshus","view":"planned","height":418}},{"type":"Feature","geometry":{"type":"Polygon","coordinates":[[[17.970149161313095,59.28390790828615],[17.973255716322605,59.28390790828615],[17.973255716322605,59.2823546307814],[17.9722201979861,59.2823546307814],[17.9722201979861,59.280801353276644],[17.9711846796496,59.280801353276644],[17.9711846796496,59.2823546307814],[17.970149161313095,59.2823546307814],[17.970149161313095,59.28390790828615]]]},"properties":{"id":"fb-new-Stockholm-537","municipality":"Stockholm","type":"flerbostadshus","view":"planned","height":402}},{"type":"Feature","geometry":{"type":"Polygon","coordinates":[[[18.022975881589936,59.289902040673155],[18.026082436599445,59.289902040673155],[18.026082436599445,59.293008595682664],[18.022975881589936,59.293008595682664],[18.022975881589936,59.289902040673155]]]},"properties":{"id":"fb-new-Stockholm-538","municipality":"Stockholm","type":"flerbostadshus","view":"planned","height":387}},{"type":"Feature","geometry":{"type":"Polygon","coordinates":[[[18.160567174163383,59.24530370586823],[18.163673729172892,59.24530370586823],[18.163673729172892,59.246856983372986],[18.162120451668137,59.246856983372986],[18.162120451668137,59.24841026087774],[18.160567174163383,59.24841026087774],[18.160567174163383,59.24530370586823]]]},"properties":{"id":"fb-new-Stockholm-539","municipality":"Stockholm","type":"flerbostadshus","view":"planned","height":371}},{"type":"Feature","geometry":{"type":"Polygon","coordinates":[[[17.920933929973263,59.41283869874976],[17.924040484982772,59.41283869874976],[17.924040484982772,59.411285421245005],[17.923004966646268,59.411285421245005],[17.923004966646268,59.40973214374025],[17.921969448309767,59.40973214374025],[17.921969448309767,59.411285421245005],[17.920933929973263,59.411285421245005],[17.920933929973263,59.41283869874976]]]},"properties":{"id":"fb-new-Stockholm-540","municipality":"Stockholm","type":"flerbostadshus","view":"planned","height":355}},{"type":"Feature","geometry":{"type":"Polygon","coordinates":[[[17.91207334352683,59.405075230380355],[17.91517989853634,59.405075230380355],[17.91517989853634,59.408181785389864],[17.91207334352683,59.408181785389864],[17.91207334352683,59.405075230380355]]]},"properties":{"id":"fb-new-Stockholm-541","municipality":"Stockholm","type":"flerbostadshus","view":"planned","height":418}},{"type":"Feature","geometry":{"type":"Polygon","coordinates":[[[18.120671607852085,59.28103784594073],[18.123778162861594,59.28103784594073],[18.123778162861594,59.282591123445485],[18.12222488535684,59.282591123445485],[18.12222488535684,59.28414440095024],[18.120671607852085,59.28414440095024],[18.120671607852085,59.28103784594073]]]},"properties":{"id":"fb-new-Stockholm-542","municipality":"Stockholm","type":"flerbostadshus","view":"planned","height":402}},{"type":"Feature","geometry":{"type":"Polygon","coordinates":[[[17.96535914238578,59.29723923050184],[17.96846569739529,59.29723923050184],[17.96846569739529,59.29568595299708],[17.967430179058784,59.29568595299708],[17.967430179058784,59.29413267549233],[17.966394660722283,59.29413267549233],[17.966394660722283,59.29568595299708],[17.96535914238578,59.29568595299708],[17.96535914238578,59.29723923050184]]]},"properties":{"id":"fb-new-Stockholm-543","municipality":"Stockholm","type":"flerbostadshus","view":"planned","height":386}},{"type":"Feature","geometry":{"type":"Polygon","coordinates":[[[17.792294934113784,59.37867827036846],[17.795401489123293,59.37867827036846],[17.795401489123293,59.38178482537797],[17.792294934113784,59.38178482537797],[17.792294934113784,59.37867827036846]]]},"properties":{"id":"fb-new-Stockholm-544","municipality":"Stockholm","type":"flerbostadshus","view":"planned","height":370}},{"type":"Feature","geometry":{"type":"Polygon","coordinates":[[[17.960951776782355,59.32964199972986],[17.964058331791865,59.32964199972986],[17.964058331791865,59.33119527723461],[17.96250505428711,59.33119527723461],[17.96250505428711,59.33274855473937],[17.960951776782355,59.33274855473937],[17.960951776782355,59.32964199972986]]]},"properties":{"id":"fb-new-Stockholm-545","municipality":"Stockholm","type":"flerbostadshus","view":"planned","height":354}},{"type":"Feature","geometry":{"type":"Polygon","coordinates":[[[18.040849904999234,59.341849242135886],[18.043956460008744,59.341849242135886],[18.043956460008744,59.34029596463113],[18.04292094167224,59.34029596463113],[18.04292094167224,59.33874268712638],[18.04188542333574,59.33874268712638],[18.04188542333574,59.34029596463113],[18.040849904999234,59.34029596463113],[18.040849904999234,59.341849242135886]]]},"properties":{"id":"fb-new-Stockholm-546","municipality":"Stockholm","type":"flerbostadshus","view":"planned","height":417}},{"type":"Feature","geometry":{"type":"Polygon","coordinates":[[[17.916602989628053,59.33852370949435],[17.919709544637563,59.33852370949435],[17.919709544637563,59.34163026450386],[17.916602989628053,59.34163026450386],[17.916602989628053,59.33852370949435]]]},"properties":{"id":"fb-new-Stockholm-547","municipality":"Stockholm","type":"flerbostadshus","view":"planned","height":401}},{"type":"Feature","geometry":{"type":"Polygon","coordinates":[[[18.178456482687807,59.236676003694086],[18.181563037697316,59.236676003694086],[18.181563037697316,59.23822928119884],[18.18000976019256,59.23822928119884],[18.18000976019256,59.239782558703595],[18.178456482687807,59.239782558703595],[18.178456482687807,59.236676003694086]]]},"properties":{"id":"fb-new-Stockholm-548","municipality":"Stockholm","type":"flerbostadshus","view":"planned","height":385}},{"type":"Feature","geometry":{"type":"Polygon","coordinates":[[[18.0586475030445,59.30169468126178],[18.06175405805401,59.30169468126178],[18.06175405805401,59.300141403757024],[18.060718539717506,59.300141403757024],[18.060718539717506,59.29858812625227],[18.059683021381005,59.29858812625227],[18.059683021381005,59.300141403757024],[18.0586475030445,59.300141403757024],[18.0586475030445,59.30169468126178]]]},"properties":{"id":"fb-new-Stockholm-549","municipality":"Stockholm","type":"flerbostadshus","view":"planned","height":369}},{"type":"Feature","geometry":{"type":"Polygon","coordinates":[[[18.04091104524813,59.267747392203745],[18.04401760025764,59.267747392203745],[18.04401760025764,59.270853947213254],[18.04091104524813,59.270853947213254],[18.04091104524813,59.267747392203745]]]},"properties":{"id":"fb-new-Stockholm-550","municipality":"Stockholm","type":"flerbostadshus","view":"planned","height":354}},{"type":"Feature","geometry":{"type":"Polygon","coordinates":[[[17.7835260580407,59.378476807768514],[17.78663261305021,59.378476807768514],[17.78663261305021,59.38003008527327],[17.785079335545454,59.38003008527327],[17.785079335545454,59.381583362778024],[17.7835260580407,59.381583362778024],[17.7835260580407,59.378476807768514]]]},"properties":{"id":"fb-new-Stockholm-551","municipality":"Stockholm","type":"flerbostadshus","view":"planned","height":416}},{"type":"Feature","geometry":{"type":"Polygon","coordinates":[[[17.89892767208058,59.37293230726305],[17.902034227090088,59.37293230726305],[17.902034227090088,59.371379029758295],[17.900998708753583,59.371379029758295],[17.900998708753583,59.36982575225354],[17.899963190417083,59.36982575225354],[17.899963190417083,59.371379029758295],[17.89892767208058,59.371379029758295],[17.89892767208058,59.37293230726305]]]},"properties":{"id":"fb-new-Stockholm-552","municipality":"Stockholm","type":"flerbostadshus","view":"planned","height":400}},{"type":"Feature","geometry":{"type":"Polygon","coordinates":[[[18.089774193388525,59.311913610159195],[18.092880748398034,59.311913610159195],[18.092880748398034,59.315020165168704],[18.089774193388525,59.315020165168704],[18.089774193388525,59.311913610159195]]]},"properties":{"id":"fb-new-Stockholm-553","municipality":"Stockholm","type":"flerbostadshus","view":"planned","height":385}},{"type":"Feature","geometry":{"type":"Polygon","coordinates":[[[17.885644435021405,59.387583333473785],[17.888750990030914,59.387583333473785],[17.888750990030914,59.38913661097854],[17.88719771252616,59.38913661097854],[17.88719771252616,59.390689888483294],[17.885644435021405,59.390689888483294],[17.885644435021405,59.387583333473785]]]},"properties":{"id":"fb-new-Stockholm-554","municipality":"Stockholm","type":"flerbostadshus","view":"planned","height":369}},{"type":"Feature","geometry":{"type":"Polygon","coordinates":[[[17.983294306043973,59.27508458203243],[17.986400861053482,59.27508458203243],[17.986400861053482,59.27353130452767],[17.985365342716978,59.27353130452767],[17.985365342716978,59.27197802702292],[17.984329824380477,59.27197802702292],[17.984329824380477,59.27353130452767],[17.983294306043973,59.27353130452767],[17.983294306043973,59.27508458203243]]]},"properties":{"id":"fb-new-Stockholm-555","municipality":"Stockholm","type":"flerbostadshus","view":"planned","height":353}},{"type":"Feature","geometry":{"type":"Polygon","coordinates":[[[17.903426748057353,59.36983742897686],[17.906533303066862,59.36983742897686],[17.906533303066862,59.37294398398637],[17.903426748057353,59.37294398398637],[17.903426748057353,59.36983742897686]]]},"properties":{"id":"fb-new-Stockholm-556","municipality":"Stockholm","type":"flerbostadshus","view":"planned","height":416}},{"type":"Feature","geometry":{"type":"Polygon","coordinates":[[[17.916755840250296,59.29417354397103],[17.919862395259806,59.29417354397103],[17.919862395259806,59.29572682147578],[17.91830911775505,59.29572682147578],[17.91830911775505,59.297280098980536],[17.916755840250296,59.297280098980536],[17.916755840250296,59.29417354397103]]]},"properties":{"id":"fb-new-Stockholm-557","municipality":"Stockholm","type":"flerbostadshus","view":"planned","height":400}},{"type":"Feature","geometry":{"type":"Polygon","coordinates":[[[17.987778097011425,59.31969459356066],[17.990884652020934,59.31969459356066],[17.990884652020934,59.31814131605591],[17.98984913368443,59.31814131605591],[17.98984913368443,59.31658803855115],[17.98881361534793,59.31658803855115],[17.98881361534793,59.31814131605591],[17.987778097011425,59.31814131605591],[17.987778097011425,59.31969459356066]]]},"properties":{"id":"fb-new-Stockholm-558","municipality":"Stockholm","type":"flerbostadshus","view":"planned","height":384}},{"type":"Feature","geometry":{"type":"Polygon","coordinates":[[[18.005545124932247,59.26311383218468],[18.008651679941757,59.26311383218468],[18.008651679941757,59.26622038719419],[18.005545124932247,59.26622038719419],[18.005545124932247,59.26311383218468]]]},"properties":{"id":"fb-new-Stockholm-559","municipality":"Stockholm","type":"flerbostadshus","view":"planned","height":368}},{"type":"Feature","geometry":{"type":"Polygon","coordinates":[[[18.134260546155748,59.272214519687004],[18.137367101165257,59.272214519687004],[18.137367101165257,59.27376779719176],[18.135813823660502,59.27376779719176],[18.135813823660502,59.275321074696514],[18.134260546155748,59.275321074696514],[18.134260546155748,59.272214519687004]]]},"properties":{"id":"fb-new-Stockholm-560","municipality":"Stockholm","type":"flerbostadshus","view":"planned","height":431}},{"type":"Feature","geometry":{"type":"Polygon","coordinates":[[[17.987823952145195,59.28841590424811],[17.990930507154705,59.28841590424811],[17.990930507154705,59.28686262674336],[17.9898949888182,59.28686262674336],[17.9898949888182,59.2853093492386],[17.9888594704817,59.2853093492386],[17.9888594704817,59.28686262674336],[17.987823952145195,59.28686262674336],[17.987823952145195,59.28841590424811]]]},"properties":{"id":"fb-new-Stockholm-561","municipality":"Stockholm","type":"flerbostadshus","view":"planned","height":415}},{"type":"Feature","geometry":{"type":"Polygon","coordinates":[[[17.961211622893074,59.35210320109744],[17.964318177902584,59.35210320109744],[17.964318177902584,59.35520975610695],[17.961211622893074,59.35520975610695],[17.961211622893074,59.35210320109744]]]},"properties":{"id":"fb-new-Stockholm-562","municipality":"Stockholm","type":"flerbostadshus","view":"planned","height":399}},{"type":"Feature","geometry":{"type":"Polygon","coordinates":[[[18.174247822840393,59.24981170172438],[18.177354377849902,59.24981170172438],[18.177354377849902,59.25291825673389],[18.174247822840393,59.25291825673389],[18.174247822840393,59.24981170172438]]]},"properties":{"id":"fb-new-Stockholm-563","municipality":"Stockholm","type":"flerbostadshus","view":"planned","height":383}},{"type":"Feature","geometry":{"type":"Polygon","coordinates":[[[18.152073429316147,59.266456879858275],[18.155179984325656,59.266456879858275],[18.155179984325656,59.26490360235352],[18.15414446598915,59.26490360235352],[18.15414446598915,59.263350324848766],[18.15310894765265,59.263350324848766],[18.15310894765265,59.26490360235352],[18.152073429316147,59.26490360235352],[18.152073429316147,59.266456879858275]]]},"properties":{"id":"fb-new-Stockholm-564","municipality":"Stockholm","type":"flerbostadshus","view":"planned","height":368}},{"type":"Feature","geometry":{"type":"Polygon","coordinates":[[[17.98788509239409,59.30307276876759],[17.9909916474036,59.30307276876759],[17.9909916474036,59.3061793237771],[17.98788509239409,59.3061793237771],[17.98788509239409,59.30307276876759]]]},"properties":{"id":"fb-new-Stockholm-565","municipality":"Stockholm","type":"flerbostadshus","view":"planned","height":430}},{"type":"Feature","geometry":{"type":"Polygon","coordinates":[[[17.91689340586322,59.28998377763056],[17.91999996087273,59.28998377763056],[17.91999996087273,59.29309033264007],[17.91689340586322,59.29309033264007],[17.91689340586322,59.28998377763056]]]},"properties":{"id":"fb-new-Stockholm-566","municipality":"Stockholm","type":"flerbostadshus","view":"planned","height":414}},{"type":"Feature","geometry":{"type":"Polygon","coordinates":[[[18.08954439068688,59.24094750699196],[18.092650945696388,59.24094750699196],[18.092650945696388,59.24250078449671],[18.091097668191633,59.24250078449671],[18.091097668191633,59.24405406200147],[18.08954439068688,59.24405406200147],[18.08954439068688,59.24094750699196]]]},"properties":{"id":"fb-new-Stockholm-567","municipality":"Stockholm","type":"flerbostadshus","view":"planned","height":399}},{"type":"Feature","geometry":{"type":"Polygon","coordinates":[[[18.147252840264382,59.25448613011634],[18.15035939527389,59.25448613011634],[18.15035939527389,59.25759268512585],[18.147252840264382,59.25759268512585],[18.147252840264382,59.25448613011634]]]},"properties":{"id":"fb-new-Stockholm-568","municipality":"Stockholm","type":"flerbostadshus","view":"planned","height":383}},{"type":"Feature","geometry":{"type":"Polygon","coordinates":[[[18.1117646394507,59.26758095966794],[18.11487119446021,59.26758095966794],[18.11487119446021,59.27068751467745],[18.1117646394507,59.27068751467745],[18.1117646394507,59.26758095966794]]]},"properties":{"id":"fb-new-Stockholm-569","municipality":"Stockholm","type":"flerbostadshus","view":"planned","height":367}},{"type":"Feature","geometry":{"type":"Polygon","coordinates":[[[17.91651075253933,59.40094384744485],[17.91961730754884,59.40094384744485],[17.91961730754884,59.402497124949605],[17.918064030044086,59.402497124949605],[17.918064030044086,59.40405040245436],[17.91651075253933,59.40405040245436],[17.91651075253933,59.40094384744485]]]},"properties":{"id":"fb-new-Stockholm-570","municipality":"Stockholm","type":"flerbostadshus","view":"planned","height":430}},{"type":"Feature","geometry":{"type":"Polygon","coordinates":[[[17.934277780460153,59.368327939105185],[17.937384335469662,59.368327939105185],[17.937384335469662,59.36677466160043],[17.936348817133158,59.36677466160043],[17.936348817133158,59.365221384095676],[17.935313298796657,59.365221384095676],[17.935313298796657,59.36677466160043],[17.934277780460153,59.36677466160043],[17.934277780460153,59.368327939105185]]]},"properties":{"id":"fb-new-Stockholm-571","municipality":"Stockholm","type":"flerbostadshus","view":"planned","height":414}},{"type":"Feature","geometry":{"type":"Polygon","coordinates":[[[18.098496687506653,59.245621935383916],[18.101603242516163,59.245621935383916],[18.101603242516163,59.248728490393425],[18.098496687506653,59.248728490393425],[18.098496687506653,59.245621935383916]]]},"properties":{"id":"fb-new-Stockholm-572","municipality":"Stockholm","type":"flerbostadshus","view":"planned","height":398}},{"type":"Feature","geometry":{"type":"Polygon","coordinates":[[[17.876615186122226,59.34747547949294],[17.879721741131736,59.34747547949294],[17.879721741131736,59.3490287569977],[17.87816846362698,59.3490287569977],[17.87816846362698,59.35058203450245],[17.876615186122226,59.35058203450245],[17.876615186122226,59.34747547949294]]]},"properties":{"id":"fb-new-Stockholm-573","municipality":"Stockholm","type":"flerbostadshus","view":"planned","height":382}},{"type":"Feature","geometry":{"type":"Polygon","coordinates":[[[18.054147900352355,59.275361943069406],[18.057254455361864,59.275361943069406],[18.057254455361864,59.27380866556465],[18.05621893702536,59.27380866556465],[18.05621893702536,59.2722553880599],[18.05518341868886,59.2722553880599],[18.05518341868886,59.27380866556465],[18.054147900352355,59.27380866556465],[18.054147900352355,59.275361943069406]]]},"properties":{"id":"fb-new-Stockholm-574","municipality":"Stockholm","type":"flerbostadshus","view":"planned","height":366}},{"type":"Feature","geometry":{"type":"Polygon","coordinates":[[[17.9077113063418,59.285350217611494],[17.91081786135131,59.285350217611494],[17.91081786135131,59.288456772621004],[17.9077113063418,59.288456772621004],[17.9077113063418,59.285350217611494]]]},"properties":{"id":"fb-new-Stockholm-575","municipality":"Stockholm","type":"flerbostadshus","view":"planned","height":429}},{"type":"Feature","geometry":{"type":"Polygon","coordinates":[[[18.027550856109553,59.29445090511382],[18.030657411119062,59.29445090511382],[18.030657411119062,59.296004182618574],[18.029104133614307,59.296004182618574],[18.029104133614307,59.29755746012333],[18.027550856109553,59.29755746012333],[18.027550856109553,59.29445090511382]]]},"properties":{"id":"fb-new-Stockholm-576","municipality":"Stockholm","type":"flerbostadshus","view":"planned","height":413}},{"type":"Feature","geometry":{"type":"Polygon","coordinates":[[[18.111886919948496,59.337279904042155],[18.114993474958005,59.337279904042155],[18.114993474958005,59.3357266265374],[18.1139579566215,59.3357266265374],[18.1139579566215,59.334173349032646],[18.112922438285,59.334173349032646],[18.112922438285,59.3357266265374],[18.111886919948496,59.3357266265374],[18.111886919948496,59.337279904042155]]]},"properties":{"id":"fb-new-Stockholm-577","municipality":"Stockholm","type":"flerbostadshus","view":"planned","height":397}},{"type":"Feature","geometry":{"type":"Polygon","coordinates":[[[18.063084912057,59.26339119332747],[18.06619146706651,59.26339119332747],[18.06619146706651,59.26649774833698],[18.063084912057,59.26649774833698],[18.063084912057,59.26339119332747]]]},"properties":{"id":"fb-new-Stockholm-578","municipality":"Stockholm","type":"flerbostadshus","view":"planned","height":381}},{"type":"Feature","geometry":{"type":"Polygon","coordinates":[[[17.912210382318573,59.34749299452501],[17.915316937328083,59.34749299452501],[17.915316937328083,59.34904627202977],[17.913763659823328,59.34904627202977],[17.913763659823328,59.35059954953452],[17.912210382318573,59.35059954953452],[17.912210382318573,59.34749299452501]]]},"properties":{"id":"fb-new-Stockholm-579","municipality":"Stockholm","type":"flerbostadshus","view":"planned","height":366}},{"type":"Feature","geometry":{"type":"Polygon","coordinates":[[[17.83234282433195,59.37301404411465],[17.83544937934146,59.37301404411465],[17.83544937934146,59.37146076660989],[17.834413861004954,59.37146076660989],[17.834413861004954,59.36990748910514],[17.833378342668453,59.36990748910514],[17.833378342668453,59.37146076660989],[17.83234282433195,59.37146076660989],[17.83234282433195,59.37301404411465]]]},"properties":{"id":"fb-new-Stockholm-580","municipality":"Stockholm","type":"flerbostadshus","view":"planned","height":428}},{"type":"Feature","geometry":{"type":"Polygon","coordinates":[[[18.103072188741645,59.23211250390911],[18.106178743751155,59.23211250390911],[18.106178743751155,59.23521905891862],[18.103072188741645,59.23521905891862],[18.103072188741645,59.23211250390911]]]},"properties":{"id":"fb-new-Stockholm-581","municipality":"Stockholm","type":"flerbostadshus","view":"planned","height":412}},{"type":"Feature","geometry":{"type":"Polygon","coordinates":[[[18.0098908235714,59.31665809878525],[18.01299737858091,59.31665809878525],[18.01299737858091,59.31821137629],[18.011444101076155,59.31821137629],[18.011444101076155,59.319764653794756],[18.0098908235714,59.319764653794756],[18.0098908235714,59.31665809878525]]]},"properties":{"id":"fb-new-Stockholm-582","municipality":"Stockholm","type":"flerbostadshus","view":"planned","height":397}},{"type":"Feature","geometry":{"type":"Polygon","coordinates":[[[17.961088815574094,59.310669804707],[17.964195370583603,59.310669804707],[17.964195370583603,59.30911652720224],[17.9631598522471,59.30911652720224],[17.9631598522471,59.30756324969749],[17.962124333910598,59.30756324969749],[17.962124333910598,59.30911652720224],[17.961088815574094,59.30911652720224],[17.961088815574094,59.310669804707]]]},"properties":{"id":"fb-new-Stockholm-583","municipality":"Stockholm","type":"flerbostadshus","view":"planned","height":381}},{"type":"Feature","geometry":{"type":"Polygon","coordinates":[[[17.898973000498973,59.35216742291697],[17.902079555508482,59.35216742291697],[17.902079555508482,59.35527397792648],[17.898973000498973,59.35527397792648],[17.898973000498973,59.35216742291697]]]},"properties":{"id":"fb-new-Stockholm-584","municipality":"Stockholm","type":"flerbostadshus","view":"planned","height":365}},{"type":"Feature","geometry":{"type":"Polygon","coordinates":[[[18.054316035983916,59.34751050955708],[18.057422590993426,59.34751050955708],[18.057422590993426,59.34906378706184],[18.05586931348867,59.34906378706184],[18.05586931348867,59.35061706456659],[18.054316035983916,59.35061706456659],[18.054316035983916,59.34751050955708]]]},"properties":{"id":"fb-new-Stockholm-585","municipality":"Stockholm","type":"flerbostadshus","view":"planned","height":428}},{"type":"Feature","geometry":{"type":"Polygon","coordinates":[[[17.921193249262796,59.41741091642543],[17.924299804272305,59.41741091642543],[17.924299804272305,59.41585763892068],[17.9232642859358,59.41585763892068],[17.9232642859358,59.41430436141592],[17.9222287675993,59.41430436141592],[17.9222287675993,59.41585763892068],[17.921193249262796,59.41585763892068],[17.921193249262796,59.41741091642543]]]},"properties":{"id":"fb-new-Stockholm-586","municipality":"Stockholm","type":"flerbostadshus","view":"planned","height":412}},{"type":"Feature","geometry":{"type":"Polygon","coordinates":[[[17.899018855632743,59.418523319617584],[17.902125410642252,59.418523319617584],[17.902125410642252,59.421629874627094],[17.899018855632743,59.421629874627094],[17.899018855632743,59.418523319617584]]]},"properties":{"id":"fb-new-Stockholm-587","municipality":"Stockholm","type":"flerbostadshus","view":"planned","height":396}},{"type":"Feature","geometry":{"type":"Polygon","coordinates":[[[17.876844462108497,59.369930842551774],[17.879951017118007,59.369930842551774],[17.879951017118007,59.37148412005653],[17.878397739613252,59.37148412005653],[17.878397739613252,59.37303739756128],[17.876844462108497,59.37303739756128],[17.876844462108497,59.369930842551774]]]},"properties":{"id":"fb-new-Stockholm-588","municipality":"Stockholm","type":"flerbostadshus","view":"planned","height":380}},{"type":"Feature","geometry":{"type":"Polygon","coordinates":[[[18.081004790600065,59.28405970537184],[18.084111345609575,59.28405970537184],[18.084111345609575,59.282506427867084],[18.08307582727307,59.282506427867084],[18.08307582727307,59.28095315036233],[18.08204030893657,59.28095315036233],[18.08204030893657,59.282506427867084],[18.081004790600065,59.282506427867084],[18.081004790600065,59.28405970537184]]]},"properties":{"id":"fb-new-Stockholm-589","municipality":"Stockholm","type":"flerbostadshus","view":"planned","height":364}},{"type":"Feature","geometry":{"type":"Polygon","coordinates":[[[17.97007168251832,59.34774700222117],[17.97317823752783,59.34774700222117],[17.97317823752783,59.35085355723068],[17.97007168251832,59.35085355723068],[17.97007168251832,59.34774700222117]]]},"properties":{"id":"fb-new-Stockholm-590","municipality":"Stockholm","type":"flerbostadshus","view":"planned","height":427}},{"type":"Feature","geometry":{"type":"Polygon","coordinates":[[[18.138728525186888,59.24545550284811],[18.141835080196397,59.24545550284811],[18.141835080196397,59.247008780352864],[18.140281802691643,59.247008780352864],[18.140281802691643,59.24856205785762],[18.138728525186888,59.24856205785762],[18.138728525186888,59.24545550284811]]]},"properties":{"id":"fb-new-Stockholm-591","municipality":"Stockholm","type":"flerbostadshus","view":"planned","height":411}},{"type":"Feature","geometry":{"type":"Polygon","coordinates":[[[17.881343538085268,59.39080081719608],[17.884450093094777,59.39080081719608],[17.884450093094777,59.389247539691326],[17.883414574758273,59.389247539691326],[17.883414574758273,59.38769426218657],[17.882379056421772,59.38769426218657],[17.882379056421772,59.389247539691326],[17.881343538085268,59.389247539691326],[17.881343538085268,59.39080081719608]]]},"properties":{"id":"fb-new-Stockholm-592","municipality":"Stockholm","type":"flerbostadshus","view":"planned","height":395}},{"type":"Feature","geometry":{"type":"Polygon","coordinates":[[[18.12988322385559,59.2720889556299],[18.1329897788651,59.2720889556299],[18.1329897788651,59.275195510639406],[18.12988322385559,59.275195510639406],[18.12988322385559,59.2720889556299]]]},"properties":{"id":"fb-new-Stockholm-593","municipality":"Stockholm","type":"flerbostadshus","view":"planned","height":380}},{"type":"Feature","geometry":{"type":"Polygon","coordinates":[[[18.014512180045966,59.285183785181495],[18.017618735055475,59.285183785181495],[18.017618735055475,59.28673706268625],[18.01606545755072,59.28673706268625],[18.01606545755072,59.288290340191004],[18.014512180045966,59.288290340191004],[18.014512180045966,59.285183785181495]]]},"properties":{"id":"fb-new-Stockholm-594","municipality":"Stockholm","type":"flerbostadshus","view":"planned","height":364}},{"type":"Feature","geometry":{"type":"Polygon","coordinates":[[[17.930206686225663,59.301828963315394],[17.933313241235172,59.301828963315394],[17.933313241235172,59.30027568581064],[17.932277722898668,59.30027568581064],[17.932277722898668,59.298722408305885],[17.931242204562167,59.298722408305885],[17.931242204562167,59.30027568581064],[17.930206686225663,59.30027568581064],[17.930206686225663,59.301828963315394]]]},"properties":{"id":"fb-new-Stockholm-595","municipality":"Stockholm","type":"flerbostadshus","view":"planned","height":426}},{"type":"Feature","geometry":{"type":"Polygon","coordinates":[[[17.92534024204013,59.39170008095917],[17.928446797049638,59.39170008095917],[17.928446797049638,59.39480663596868],[17.92534024204013,59.39480663596868],[17.92534024204013,59.39170008095917]]]},"properties":{"id":"fb-new-Stockholm-596","municipality":"Stockholm","type":"flerbostadshus","view":"planned","height":411}},{"type":"Feature","geometry":{"type":"Polygon","coordinates":[[[18.12506263480382,59.26322476089747],[18.12816918981333,59.26322476089747],[18.12816918981333,59.26477803840223],[18.126615912308576,59.26477803840223],[18.126615912308576,59.26633131590698],[18.12506263480382,59.26633131590698],[18.12506263480382,59.26322476089747]]]},"properties":{"id":"fb-new-Stockholm-597","municipality":"Stockholm","type":"flerbostadshus","view":"planned","height":395}},{"type":"Feature","geometry":{"type":"Polygon","coordinates":[[[17.814422418967702,59.39481247438324],[17.81752897397721,59.39481247438324],[17.81752897397721,59.39325919687848],[17.816493455640707,59.39325919687848],[17.816493455640707,59.39170591937373],[17.815457937304206,59.39170591937373],[17.815457937304206,59.39325919687848],[17.814422418967702,59.39325919687848],[17.814422418967702,59.39481247438324]]]},"properties":{"id":"fb-new-Stockholm-598","municipality":"Stockholm","type":"flerbostadshus","view":"planned","height":379}},{"type":"Feature","geometry":{"type":"Polygon","coordinates":[[[17.95201371154115,59.28985821357345],[17.955120266550658,59.28985821357345],[17.955120266550658,59.29296476858296],[17.95201371154115,59.29296476858296],[17.95201371154115,59.28985821357345]]]},"properties":{"id":"fb-new-Stockholm-599","municipality":"Stockholm","type":"flerbostadshus","view":"planned","height":363}},{"type":"Feature","geometry":{"type":"Polygon","coordinates":[[[17.894335832193903,59.347332400403765],[17.897442387203412,59.347332400403765],[17.897442387203412,59.34888567790852],[17.895889109698658,59.34888567790852],[17.895889109698658,59.350438955413274],[17.894335832193903,59.350438955413274],[17.894335832193903,59.347332400403765]]]},"properties":{"id":"fb-new-Stockholm-600","municipality":"Stockholm","type":"flerbostadshus","view":"planned","height":426}},{"type":"Feature","geometry":{"type":"Polygon","coordinates":[[[17.787840659734222,59.38616725717702],[17.79094721474373,59.38616725717702],[17.79094721474373,59.38461397967227],[17.789911696407227,59.38461397967227],[17.789911696407227,59.38306070216751],[17.788876178070726,59.38306070216751],[17.788876178070726,59.38461397967227],[17.787840659734222,59.38461397967227],[17.787840659734222,59.38616725717702]]]},"properties":{"id":"fb-new-Stockholm-601","municipality":"Stockholm","type":"flerbostadshus","view":"planned","height":410}},{"type":"Feature","geometry":{"type":"Polygon","coordinates":[[[18.094073510072725,59.26745539561084],[18.097180065082235,59.26745539561084],[18.097180065082235,59.27056195062035],[18.094073510072725,59.27056195062035],[18.094073510072725,59.26745539561084]]]},"properties":{"id":"fb-new-Stockholm-602","municipality":"Stockholm","type":"flerbostadshus","view":"planned","height":394}},{"type":"Feature","geometry":{"type":"Polygon","coordinates":[[[18.005330080524544,59.28099401884103],[18.008436635534053,59.28099401884103],[18.008436635534053,59.28254729634578],[18.0068833580293,59.28254729634578],[18.0068833580293,59.28410057385054],[18.005330080524544,59.28410057385054],[18.005330080524544,59.28099401884103]]]},"properties":{"id":"fb-new-Stockholm-603","municipality":"Stockholm","type":"flerbostadshus","view":"planned","height":378}},{"type":"Feature","geometry":{"type":"Polygon","coordinates":[[[17.907710779626424,59.297195403402135],[17.910817334635933,59.297195403402135],[17.910817334635933,59.29564212589738],[17.90978181629943,59.29564212589738],[17.90978181629943,59.294088848392626],[17.908746297962928,59.294088848392626],[17.908746297962928,59.29564212589738],[17.907710779626424,59.29564212589738],[17.907710779626424,59.297195403402135]]]},"properties":{"id":"fb-new-Stockholm-604","municipality":"Stockholm","type":"flerbostadshus","view":"planned","height":362}},{"type":"Feature","geometry":{"type":"Polygon","coordinates":[[[17.898850193179992,59.36532063597934],[17.9019567481895,59.36532063597934],[17.9019567481895,59.36842719098885],[17.898850193179992,59.36842719098885],[17.898850193179992,59.36532063597934]]]},"properties":{"id":"fb-new-Stockholm-605","municipality":"Stockholm","type":"flerbostadshus","view":"planned","height":425}},{"type":"Feature","geometry":{"type":"Polygon","coordinates":[[[17.903303414022997,59.41835688708178],[17.906409969032506,59.41835688708178],[17.906409969032506,59.41991016458653],[17.90485669152775,59.41991016458653],[17.90485669152775,59.42146344209129],[17.903303414022997,59.42146344209129],[17.903303414022997,59.41835688708178]]]},"properties":{"id":"fb-new-Stockholm-606","municipality":"Stockholm","type":"flerbostadshus","view":"planned","height":409}},{"type":"Feature","geometry":{"type":"Polygon","coordinates":[[[18.04533264232432,59.275236379012306],[18.048439197333828,59.275236379012306],[18.048439197333828,59.27368310150755],[18.047403678997323,59.27368310150755],[18.047403678997323,59.272129824002796],[18.046368160660823,59.272129824002796],[18.046368160660823,59.27368310150755],[18.04533264232432,59.27368310150755],[18.04533264232432,59.275236379012306]]]},"properties":{"id":"fb-new-Stockholm-607","municipality":"Stockholm","type":"flerbostadshus","view":"planned","height":393}},{"type":"Feature","geometry":{"type":"Polygon","coordinates":[[[18.058661734623072,59.35179368957827],[18.06176828963258,59.35179368957827],[18.06176828963258,59.35490024458778],[18.058661734623072,59.35490024458778],[18.058661734623072,59.35179368957827]]]},"properties":{"id":"fb-new-Stockholm-608","municipality":"Stockholm","type":"flerbostadshus","view":"planned","height":378}},{"type":"Feature","geometry":{"type":"Polygon","coordinates":[[[18.07642876254389,59.29432534105671],[18.0795353175534,59.29432534105671],[18.0795353175534,59.29743189606622],[18.07642876254389,59.29743189606622],[18.07642876254389,59.29432534105671]]]},"properties":{"id":"fb-new-Stockholm-609","municipality":"Stockholm","type":"flerbostadshus","view":"planned","height":362}},{"type":"Feature","geometry":{"type":"Polygon","coordinates":[[[18.178516569400145,59.24839562542762],[18.181623124409654,59.24839562542762],[18.181623124409654,59.246842347922865],[18.18058760607315,59.246842347922865],[18.18058760607315,59.24528907041811],[18.17955208773665,59.24528907041811],[18.17955208773665,59.246842347922865],[18.178516569400145,59.246842347922865],[18.178516569400145,59.24839562542762]]]},"properties":{"id":"fb-new-Stockholm-610","municipality":"Stockholm","type":"flerbostadshus","view":"planned","height":424}},{"type":"Feature","geometry":{"type":"Polygon","coordinates":[[[18.03207997538959,59.263265629270364],[18.0351865303991,59.263265629270364],[18.0351865303991,59.266372184279874],[18.03207997538959,59.266372184279874],[18.03207997538959,59.263265629270364]]]},"properties":{"id":"fb-new-Stockholm-611","municipality":"Stockholm","type":"flerbostadshus","view":"planned","height":409}},{"type":"Feature","geometry":{"type":"Polygon","coordinates":[[[17.983277967498093,59.27636045882196],[17.986384522507603,59.27636045882196],[17.986384522507603,59.27946701383147],[17.983277967498093,59.27946701383147],[17.983277967498093,59.27636045882196]]]},"properties":{"id":"fb-new-Stockholm-612","municipality":"Stockholm","type":"flerbostadshus","view":"planned","height":393}},{"type":"Feature","geometry":{"type":"Polygon","coordinates":[[[17.89009660222204,59.400847475248945],[17.89320315723155,59.400847475248945],[17.89320315723155,59.4024007527537],[17.891649879726796,59.4024007527537],[17.891649879726796,59.403954030258454],[17.89009660222204,59.403954030258454],[17.89009660222204,59.400847475248945]]]},"properties":{"id":"fb-new-Stockholm-613","municipality":"Stockholm","type":"flerbostadshus","view":"planned","height":377}},{"type":"Feature","geometry":{"type":"Polygon","coordinates":[[[17.969994730438916,59.329621525970985],[17.973101285448426,59.329621525970985],[17.973101285448426,59.332728080980495],[17.969994730438916,59.332728080980495],[17.969994730438916,59.329621525970985]]]},"properties":{"id":"fb-new-Stockholm-614","municipality":"Stockholm","type":"flerbostadshus","view":"planned","height":361}},{"type":"Feature","geometry":{"type":"Polygon","coordinates":[[[17.85462368652349,59.360911892006854],[17.857730241532998,59.360911892006854],[17.857730241532998,59.36401844701636],[17.85462368652349,59.36401844701636],[17.85462368652349,59.360911892006854]]]},"properties":{"id":"fb-new-Stockholm-615","municipality":"Stockholm","type":"flerbostadshus","view":"planned","height":424}},{"type":"Feature","geometry":{"type":"Polygon","coordinates":[[[18.049908143665117,59.351817042919095],[18.053014698674627,59.351817042919095],[18.053014698674627,59.35337032042385],[18.051461421169872,59.35337032042385],[18.051461421169872,59.354923597928604],[18.049908143665117,59.354923597928604],[18.049908143665117,59.351817042919095]]]},"properties":{"id":"fb-new-Stockholm-616","municipality":"Stockholm","type":"flerbostadshus","view":"planned","height":408}},{"type":"Feature","geometry":{"type":"Polygon","coordinates":[[[17.934537099749686,59.34627254241363],[17.937643654759196,59.34627254241363],[17.937643654759196,59.344719264908875],[17.93660813642269,59.344719264908875],[17.93660813642269,59.34316598740412],[17.93557261808619,59.34316598740412],[17.93557261808619,59.344719264908875],[17.934537099749686,59.344719264908875],[17.934537099749686,59.34627254241363]]]},"properties":{"id":"fb-new-Stockholm-617","municipality":"Stockholm","type":"flerbostadshus","view":"planned","height":392}},{"type":"Feature","geometry":{"type":"Polygon","coordinates":[[[18.05437664951744,59.28969178103765],[18.05748320452695,59.28969178103765],[18.05748320452695,59.292798336047156],[18.05437664951744,59.292798336047156],[18.05437664951744,59.28969178103765]]]},"properties":{"id":"fb-new-Stockholm-618","municipality":"Stockholm","type":"flerbostadshus","view":"planned","height":376}},{"type":"Feature","geometry":{"type":"Polygon","coordinates":[[[18.165340327723634,59.23666136834977],[18.168446882733143,59.23666136834977],[18.168446882733143,59.23821464585453],[18.16689360522839,59.23821464585453],[18.16689360522839,59.23976792335928],[18.165340327723634,59.23976792335928],[18.165340327723634,59.23666136834977]]]},"properties":{"id":"fb-new-Stockholm-619","municipality":"Stockholm","type":"flerbostadshus","view":"planned","height":361}},{"type":"Feature","geometry":{"type":"Polygon","coordinates":[[[18.134290062743638,59.337183531740436],[18.137396617753147,59.337183531740436],[18.137396617753147,59.33563025423568],[18.136361099416643,59.33563025423568],[18.136361099416643,59.33407697673093],[18.135325581080142,59.33407697673093],[18.135325581080142,59.33563025423568],[18.134290062743638,59.33563025423568],[18.134290062743638,59.337183531740436]]]},"properties":{"id":"fb-new-Stockholm-620","municipality":"Stockholm","type":"flerbostadshus","view":"planned","height":423}},{"type":"Feature","geometry":{"type":"Polygon","coordinates":[[[17.890218882719836,59.272170692481495],[17.893325437729345,59.272170692481495],[17.893325437729345,59.275277247491005],[17.890218882719836,59.275277247491005],[17.890218882719836,59.272170692481495]]]},"properties":{"id":"fb-new-Stockholm-621","municipality":"Stockholm","type":"flerbostadshus","view":"planned","height":407}},{"type":"Feature","geometry":{"type":"Polygon","coordinates":[[[18.08994127558934,59.28082758630522],[18.09304783059885,59.28082758630522],[18.09304783059885,59.282380863809976],[18.091494553094094,59.282380863809976],[18.091494553094094,59.28393414131473],[18.08994127558934,59.28393414131473],[18.08994127558934,59.28082758630522]]]},"properties":{"id":"fb-new-Stockholm-622","municipality":"Stockholm","type":"flerbostadshus","view":"planned","height":392}},{"type":"Feature","geometry":{"type":"Polygon","coordinates":[[[17.96569436021816,59.3462900574457],[17.968800915227668,59.3462900574457],[17.968800915227668,59.344736779940945],[17.967765396891163,59.344736779940945],[17.967765396891163,59.34318350243619],[17.966729878554663,59.34318350243619],[17.966729878554663,59.344736779940945],[17.96569436021816,59.344736779940945],[17.96569436021816,59.3462900574457]]]},"properties":{"id":"fb-new-Stockholm-623","municipality":"Stockholm","type":"flerbostadshus","view":"planned","height":376}},{"type":"Feature","geometry":{"type":"Polygon","coordinates":[[[18.067782167074412,59.245329938896816],[18.07088872208392,59.245329938896816],[18.07088872208392,59.248436493906325],[18.067782167074412,59.248436493906325],[18.067782167074412,59.245329938896816]]]},"properties":{"id":"fb-new-Stockholm-624","municipality":"Stockholm","type":"flerbostadshus","view":"planned","height":360}},{"type":"Feature","geometry":{"type":"Polygon","coordinates":[[[18.05403985132732,59.312123790755656],[18.05714640633683,59.312123790755656],[18.05714640633683,59.31367706826041],[18.055593128832076,59.31367706826041],[18.055593128832076,59.315230345765166],[18.05403985132732,59.315230345765166],[18.05403985132732,59.312123790755656]]]},"properties":{"id":"fb-new-Stockholm-625","municipality":"Stockholm","type":"flerbostadshus","view":"planned","height":423}},{"type":"Feature","geometry":{"type":"Polygon","coordinates":[[[18.12062417236057,59.275069946582306],[18.12373072737008,59.275069946582306],[18.12373072737008,59.27351666907755],[18.122695209033576,59.27351666907755],[18.122695209033576,59.2719633915728],[18.121659690697076,59.2719633915728],[18.121659690697076,59.27351666907755],[18.12062417236057,59.27351666907755],[18.12062417236057,59.275069946582306]]]},"properties":{"id":"fb-new-Stockholm-626","municipality":"Stockholm","type":"flerbostadshus","view":"planned","height":407}},{"type":"Feature","geometry":{"type":"Polygon","coordinates":[[[17.95643583543852,59.40088834362184],[17.95954239044803,59.40088834362184],[17.95954239044803,59.403994898631346],[17.95643583543852,59.403994898631346],[17.95643583543852,59.40088834362184]]]},"properties":{"id":"fb-new-Stockholm-627","municipality":"Stockholm","type":"flerbostadshus","view":"planned","height":391}},{"type":"Feature","geometry":{"type":"Polygon","coordinates":[[[17.943137313370023,59.31634858716026],[17.946243868379533,59.31634858716026],[17.946243868379533,59.31790186466502],[17.944690590874778,59.31790186466502],[17.944690590874778,59.31945514216977],[17.943137313370023,59.31945514216977],[17.943137313370023,59.31634858716026]]]},"properties":{"id":"fb-new-Stockholm-628","municipality":"Stockholm","type":"flerbostadshus","view":"planned","height":375}},{"type":"Feature","geometry":{"type":"Polygon","coordinates":[[[18.054100991576217,59.25311092229828],[18.057207546585726,59.25311092229828],[18.057207546585726,59.25155764479353],[18.05617202824922,59.25155764479353],[18.05617202824922,59.250004367288774],[18.05513650991272,59.250004367288774],[18.05513650991272,59.25155764479353],[18.054100991576217,59.25155764479353],[18.054100991576217,59.25311092229828]]]},"properties":{"id":"fb-new-Stockholm-629","municipality":"Stockholm","type":"flerbostadshus","view":"planned","height":359}},{"type":"Feature","geometry":{"type":"Polygon","coordinates":[[[18.09405769824222,59.26309919684037],[18.09716425325173,59.26309919684037],[18.09716425325173,59.26620575184988],[18.09405769824222,59.26620575184988],[18.09405769824222,59.26309919684037]]]},"properties":{"id":"fb-new-Stockholm-630","municipality":"Stockholm","type":"flerbostadshus","view":"planned","height":422}},{"type":"Feature","geometry":{"type":"Polygon","coordinates":[[[18.05856949742854,59.276637819964755],[18.06167605243805,59.276637819964755],[18.06167605243805,59.27819109746951],[18.060122774933294,59.27819109746951],[18.060122774933294,59.279744374974264],[18.05856949742854,59.279744374974264],[18.05856949742854,59.276637819964755]]]},"properties":{"id":"fb-new-Stockholm-631","municipality":"Stockholm","type":"flerbostadshus","view":"planned","height":406}},{"type":"Feature","geometry":{"type":"Polygon","coordinates":[[[17.983139875169794,59.29283920452586],[17.986246430179303,59.29283920452586],[17.986246430179303,59.29128592702111],[17.9852109118428,59.29128592702111],[17.9852109118428,59.28973264951635],[17.9841753935063,59.28973264951635],[17.9841753935063,59.29128592702111],[17.983139875169794,59.29128592702111],[17.983139875169794,59.29283920452586]]]},"properties":{"id":"fb-new-Stockholm-632","municipality":"Stockholm","type":"flerbostadshus","view":"planned","height":390}},{"type":"Feature","geometry":{"type":"Polygon","coordinates":[[[17.96384773696412,59.362631866964264],[17.966239195681396,59.362631866964264],[17.966239195681396,59.36502332568155],[17.96384773696412,59.36502332568155],[17.96384773696412,59.362631866964264]]]},"properties":{"id":"fb-new-Sundbyberg-23","municipality":"Sundbyberg","type":"flerbostadshus","view":"planned","height":288}},{"type":"Feature","geometry":{"type":"Polygon","coordinates":[[[17.960443134010383,59.36587966519486],[17.96283459272766,59.36587966519486],[17.96283459272766,59.3670753945535],[17.96163886336902,59.3670753945535],[17.96163886336902,59.368271123912145],[17.960443134010383,59.368271123912145],[17.960443134010383,59.36587966519486]]]},"properties":{"id":"fb-new-Sundbyberg-24","municipality":"Sundbyberg","type":"flerbostadshus","view":"planned","height":276}},{"type":"Feature","geometry":{"type":"Polygon","coordinates":[[[17.950205791701514,59.37186055926526],[17.95259725041879,59.37186055926526],[17.95259725041879,59.370664829906616],[17.951800097513033,59.370664829906616],[17.951800097513033,59.369469100547974],[17.95100294460727,59.369469100547974],[17.95100294460727,59.370664829906616],[17.950205791701514,59.370664829906616],[17.950205791701514,59.37186055926526]]]},"properties":{"id":"fb-new-Sundbyberg-25","municipality":"Sundbyberg","type":"flerbostadshus","view":"planned","height":324}},{"type":"Feature","geometry":{"type":"Polygon","coordinates":[[[17.946801188747777,59.376133268374694],[17.949192647465054,59.376133268374694],[17.949192647465054,59.37852472709198],[17.946801188747777,59.37852472709198],[17.946801188747777,59.376133268374694]]]},"properties":{"id":"fb-new-Sundbyberg-26","municipality":"Sundbyberg","type":"flerbostadshus","view":"planned","height":312}},{"type":"Feature","geometry":{"type":"Polygon","coordinates":[[[17.953645694582377,59.393388182112275],[17.956037153299654,59.393388182112275],[17.956037153299654,59.39458391147092],[17.954841423941016,59.39458391147092],[17.954841423941016,59.39577964082956],[17.953645694582377,59.39577964082956],[17.953645694582377,59.393388182112275]]]},"properties":{"id":"fb-new-Sundbyberg-27","municipality":"Sundbyberg","type":"flerbostadshus","view":"planned","height":299}},{"type":"Feature","geometry":{"type":"Polygon","coordinates":[[[17.963906570013094,59.39219469986792],[17.96629802873037,59.39219469986792],[17.96629802873037,59.39099897050928],[17.965500875824613,59.39099897050928],[17.965500875824613,59.38980324115064],[17.964703722918852,59.38980324115064],[17.964703722918852,59.39099897050928],[17.963906570013094,59.39099897050928],[17.963906570013094,59.39219469986792]]]},"properties":{"id":"fb-new-Sundbyberg-28","municipality":"Sundbyberg","type":"flerbostadshus","view":"planned","height":287}},{"type":"Feature","geometry":{"type":"Polygon","coordinates":[[[17.96050196689645,59.389976306907634],[17.96289342561373,59.389976306907634],[17.96289342561373,59.39236776562492],[17.96050196689645,59.39236776562492],[17.96050196689645,59.389976306907634]]]},"properties":{"id":"fb-new-Sundbyberg-29","municipality":"Sundbyberg","type":"flerbostadshus","view":"planned","height":275}},{"type":"Feature","geometry":{"type":"Polygon","coordinates":[[[17.967346472731055,59.36930951812832],[17.969737931448332,59.36930951812832],[17.969737931448332,59.37050524748696],[17.968542202089694,59.37050524748696],[17.968542202089694,59.3717009768456],[17.967346472731055,59.3717009768456],[17.967346472731055,59.36930951812832]]]},"properties":{"id":"fb-new-Sundbyberg-30","municipality":"Sundbyberg","type":"flerbostadshus","view":"planned","height":323}},{"type":"Feature","geometry":{"type":"Polygon","coordinates":[[[17.96394186977732,59.388955890420284],[17.966333328494596,59.388955890420284],[17.966333328494596,59.38776016106164],[17.965536175588838,59.38776016106164],[17.965536175588838,59.386564431703],[17.964739022683077,59.386564431703],[17.964739022683077,59.38776016106164],[17.96394186977732,59.38776016106164],[17.96394186977732,59.388955890420284]]]},"properties":{"id":"fb-new-Sundbyberg-31","municipality":"Sundbyberg","type":"flerbostadshus","view":"planned","height":311}},{"type":"Feature","geometry":{"type":"Polygon","coordinates":[[[17.970786375611922,59.376146751712035],[17.9731778343292,59.376146751712035],[17.9731778343292,59.37853821042932],[17.970786375611922,59.37853821042932],[17.970786375611922,59.376146751712035]]]},"properties":{"id":"fb-new-Sundbyberg-32","municipality":"Sundbyberg","type":"flerbostadshus","view":"planned","height":299}},{"type":"Feature","geometry":{"type":"Polygon","coordinates":[[[17.963965402899166,59.366070708517775],[17.966356861616443,59.366070708517775],[17.966356861616443,59.36726643787642],[17.965161132257805,59.36726643787642],[17.965161132257805,59.36846216723506],[17.963965402899166,59.36846216723506],[17.963965402899166,59.366070708517775]]]},"properties":{"id":"fb-new-Sundbyberg-33","municipality":"Sundbyberg","type":"flerbostadshus","view":"planned","height":287}},{"type":"Feature","geometry":{"type":"Polygon","coordinates":[[[17.967393539137657,59.39562455280138],[17.969784997854934,59.39562455280138],[17.969784997854934,59.39442882344274],[17.968987844949176,59.39442882344274],[17.968987844949176,59.393233094084096],[17.968190692043414,59.393233094084096],[17.968190692043414,59.39442882344274],[17.967393539137657,59.39442882344274],[17.967393539137657,59.39562455280138]]]},"properties":{"id":"fb-new-Sundbyberg-34","municipality":"Sundbyberg","type":"flerbostadshus","view":"planned","height":275}},{"type":"Feature","geometry":{"type":"Polygon","coordinates":[[[17.946907088203353,59.37290794226439],[17.94929854692063,59.37290794226439],[17.94929854692063,59.375299400981675],[17.946907088203353,59.375299400981675],[17.946907088203353,59.37290794226439]]]},"properties":{"id":"fb-new-Sundbyberg-35","municipality":"Sundbyberg","type":"flerbostadshus","view":"planned","height":323}},{"type":"Feature","geometry":{"type":"Polygon","coordinates":[[[17.977666181210747,59.38982121887946],[17.980057639928024,59.38982121887946],[17.980057639928024,59.391016948238104],[17.978861910569385,59.391016948238104],[17.978861910569385,59.392212677596746],[17.977666181210747,59.392212677596746],[17.977666181210747,59.38982121887946]]]},"properties":{"id":"fb-new-Sundbyberg-36","municipality":"Sundbyberg","type":"flerbostadshus","view":"planned","height":311}},{"type":"Feature","geometry":{"type":"Polygon","coordinates":[[[17.943514251729088,59.38213663456539],[17.945905710446365,59.38213663456539],[17.945905710446365,59.38094090520675],[17.945108557540607,59.38094090520675],[17.945108557540607,59.37974517584811],[17.944311404634846,59.37974517584811],[17.944311404634846,59.38094090520675],[17.943514251729088,59.38094090520675],[17.943514251729088,59.38213663456539]]]},"properties":{"id":"fb-new-Sundbyberg-37","municipality":"Sundbyberg","type":"flerbostadshus","view":"planned","height":298}},{"type":"Feature","geometry":{"type":"Polygon","coordinates":[[[17.946942387967574,59.38982571327094],[17.94933384668485,59.38982571327094],[17.94933384668485,59.39221717198822],[17.946942387967574,59.39221717198822],[17.946942387967574,59.38982571327094]]]},"properties":{"id":"fb-new-Sundbyberg-38","municipality":"Sundbyberg","type":"flerbostadshus","view":"planned","height":286}},{"type":"Feature","geometry":{"type":"Polygon","coordinates":[[[17.97770148097497,59.376333300643466],[17.98009293969225,59.376333300643466],[17.98009293969225,59.37752903000211],[17.97889721033361,59.37752903000211],[17.97889721033361,59.37872475936075],[17.97770148097497,59.37872475936075],[17.97770148097497,59.376333300643466]]]},"properties":{"id":"fb-new-Sundbyberg-39","municipality":"Sundbyberg","type":"flerbostadshus","view":"planned","height":274}},{"type":"Feature","geometry":{"type":"Polygon","coordinates":[[[17.96746413882901,59.37513981856202],[17.969855597546285,59.37513981856202],[17.969855597546285,59.37394408920338],[17.969058444640527,59.37394408920338],[17.969058444640527,59.372748359844735],[17.968261291734766,59.372748359844735],[17.968261291734766,59.37394408920338],[17.96746413882901,59.37394408920338],[17.96746413882901,59.37513981856202]]]},"properties":{"id":"fb-new-Sundbyberg-40","municipality":"Sundbyberg","type":"flerbostadshus","view":"planned","height":322}},{"type":"Feature","geometry":{"type":"Polygon","coordinates":[[[17.953810426924026,59.37633779503495],[17.956201885641303,59.37633779503495],[17.956201885641303,59.37872925375223],[17.953810426924026,59.37872925375223],[17.953810426924026,59.37633779503495]]]},"properties":{"id":"fb-new-Sundbyberg-41","municipality":"Sundbyberg","type":"flerbostadshus","view":"planned","height":310}},{"type":"Feature","geometry":{"type":"Polygon","coordinates":[[[17.96065493275863,59.37958559342845],[17.963046391475906,59.37958559342845],[17.963046391475906,59.380781322787094],[17.961850662117268,59.380781322787094],[17.961850662117268,59.381977052145736],[17.96065493275863,59.381977052145736],[17.96065493275863,59.37958559342845]]]},"properties":{"id":"fb-new-Sundbyberg-42","municipality":"Sundbyberg","type":"flerbostadshus","view":"planned","height":298}},{"type":"Feature","geometry":{"type":"Polygon","coordinates":[[[17.957250329804893,59.38898285693206],[17.95964178852217,59.38898285693206],[17.95964178852217,59.38778712757342],[17.958844635616412,59.38778712757342],[17.958844635616412,59.386591398214776],[17.95804748271065,59.386591398214776],[17.95804748271065,59.38778712757342],[17.957250329804893,59.38778712757342],[17.957250329804893,59.38898285693206]]]},"properties":{"id":"fb-new-Sundbyberg-43","municipality":"Sundbyberg","type":"flerbostadshus","view":"planned","height":286}},{"type":"Feature","geometry":{"type":"Polygon","coordinates":[[[17.953845726851156,59.372757348627694],[17.956237185568433,59.372757348627694],[17.956237185568433,59.37514880734498],[17.953845726851156,59.37514880734498],[17.953845726851156,59.372757348627694]]]},"properties":{"id":"fb-new-Sundbyberg-44","municipality":"Sundbyberg","type":"flerbostadshus","view":"planned","height":274}},{"type":"Feature","geometry":{"type":"Polygon","coordinates":[[[17.970597704351583,59.38317952317304],[17.97298916306886,59.38317952317304],[17.97298916306886,59.385570981890325],[17.970597704351583,59.385570981890325],[17.970597704351583,59.38317952317304]]]},"properties":{"id":"fb-new-Sundbyberg-45","municipality":"Sundbyberg","type":"flerbostadshus","view":"planned","height":322}},{"type":"Feature","geometry":{"type":"Polygon","coordinates":[[[17.956943992609503,59.39565151931316],[17.95933545132678,59.39565151931316],[17.95933545132678,59.39445578995452],[17.958538298421022,59.39445578995452],[17.958538298421022,59.39326006059588],[17.95774114551526,59.39326006059588],[17.95774114551526,59.39445578995452],[17.956943992609503,59.39445578995452],[17.956943992609503,59.39565151931316]]]},"properties":{"id":"fb-new-Sundbyberg-46","municipality":"Sundbyberg","type":"flerbostadshus","view":"planned","height":310}},{"type":"Feature","geometry":{"type":"Polygon","coordinates":[[[17.980870346424673,59.383184017564524],[17.98326180514195,59.383184017564524],[17.98326180514195,59.38557547628181],[17.980870346424673,59.38557547628181],[17.980870346424673,59.383184017564524]]]},"properties":{"id":"fb-new-Sundbyberg-47","municipality":"Sundbyberg","type":"flerbostadshus","view":"planned","height":298}},{"type":"Feature","geometry":{"type":"Polygon","coordinates":[[[17.974049373874823,59.369349967814536],[17.9764408325921,59.369349967814536],[17.9764408325921,59.37174142653182],[17.974049373874823,59.37174142653182],[17.974049373874823,59.369349967814536]]]},"properties":{"id":"fb-new-Sundbyberg-48","municipality":"Sundbyberg","type":"flerbostadshus","view":"planned","height":285}},{"type":"Feature","geometry":{"type":"Polygon","coordinates":[[[17.449753558054123,59.08679580948358],[17.468550007920793,59.08679580948358],[17.468550007920793,59.09619403441692],[17.45915178298746,59.09619403441692],[17.45915178298746,59.10559225935025],[17.449753558054123,59.10559225935025],[17.449753558054123,59.08679580948358]]]},"properties":{"id":"fb-new-Södertälje-28","municipality":"Södertälje","type":"flerbostadshus","view":"planned","height":720}},{"type":"Feature","geometry":{"type":"Polygon","coordinates":[[[17.5841063980086,58.972692168649374],[17.60290284787527,58.972692168649374],[17.60290284787527,58.96329394371604],[17.596637364586382,58.96329394371604],[17.596637364586382,58.953895718782704],[17.59037188129749,58.953895718782704],[17.59037188129749,58.96329394371604],[17.5841063980086,58.96329394371604],[17.5841063980086,58.972692168649374]]]},"properties":{"id":"fb-new-Södertälje-29","municipality":"Södertälje","type":"flerbostadshus","view":"planned","height":720}},{"type":"Feature","geometry":{"type":"Polygon","coordinates":[[[17.557346810534455,59.16738734833376],[17.576143260401125,59.16738734833376],[17.576143260401125,59.18618379820043],[17.557346810534455,59.18618379820043],[17.557346810534455,59.16738734833376]]]},"properties":{"id":"fb-new-Södertälje-30","municipality":"Södertälje","type":"flerbostadshus","view":"planned","height":720}},{"type":"Feature","geometry":{"type":"Polygon","coordinates":[[[17.450031008065594,59.007635187675184],[17.468827457932264,59.007635187675184],[17.468827457932264,59.01703341260852],[17.45942923299893,59.01703341260852],[17.45942923299893,59.026431637541855],[17.450031008065594,59.026431637541855],[17.450031008065594,59.007635187675184]]]},"properties":{"id":"fb-new-Södertälje-31","municipality":"Södertälje","type":"flerbostadshus","view":"planned","height":720}},{"type":"Feature","geometry":{"type":"Polygon","coordinates":[[[17.342715206877138,59.07881083838389],[17.361511656743808,59.07881083838389],[17.361511656743808,59.06941261345055],[17.35524617345492,59.06941261345055],[17.35524617345492,59.06001438851722],[17.348980690166027,59.06001438851722],[17.348980690166027,59.06941261345055],[17.342715206877138,59.06941261345055],[17.342715206877138,59.07881083838389]]]},"properties":{"id":"fb-new-Södertälje-32","municipality":"Södertälje","type":"flerbostadshus","view":"planned","height":720}},{"type":"Feature","geometry":{"type":"Polygon","coordinates":[[[17.3965118331173,59.06137465528726],[17.415308282983972,59.06137465528726],[17.415308282983972,59.08017110515393],[17.3965118331173,59.08017110515393],[17.3965118331173,59.06137465528726]]]},"properties":{"id":"fb-new-Södertälje-33","municipality":"Södertälje","type":"flerbostadshus","view":"planned","height":720}},{"type":"Feature","geometry":{"type":"Polygon","coordinates":[[[17.584568814267577,59.1674579986055],[17.603365264134247,59.1674579986055],[17.603365264134247,59.176856223538834],[17.593967039200912,59.176856223538834],[17.593967039200912,59.18625444847217],[17.584568814267577,59.18625444847217],[17.584568814267577,59.1674579986055]]]},"properties":{"id":"fb-new-Södertälje-34","municipality":"Södertälje","type":"flerbostadshus","view":"planned","height":720}},{"type":"Feature","geometry":{"type":"Polygon","coordinates":[[[17.423548870602918,59.32187507143273],[17.442345320469588,59.32187507143273],[17.442345320469588,59.31247684649939],[17.4360798371807,59.31247684649939],[17.4360798371807,59.30307862156606],[17.429814353891807,59.30307862156606],[17.429814353891807,59.31247684649939],[17.423548870602918,59.31247684649939],[17.423548870602918,59.32187507143273]]]},"properties":{"id":"fb-new-Södertälje-35","municipality":"Södertälje","type":"flerbostadshus","view":"planned","height":720}},{"type":"Feature","geometry":{"type":"Polygon","coordinates":[[[17.6116058530336,59.006380897593154],[17.63040230290027,59.006380897593154],[17.63040230290027,59.025177347459824],[17.6116058530336,59.025177347459824],[17.6116058530336,59.006380897593154]]]},"properties":{"id":"fb-new-Södertälje-36","municipality":"Södertälje","type":"flerbostadshus","view":"planned","height":720}},{"type":"Feature","geometry":{"type":"Polygon","coordinates":[[[17.423733838130833,59.0882973767971],[17.442530287997503,59.0882973767971],[17.442530287997503,59.097695601730436],[17.433132063064168,59.097695601730436],[17.433132063064168,59.10709382666377],[17.423733838130833,59.10709382666377],[17.423733838130833,59.0882973767971]]]},"properties":{"id":"fb-new-Södertälje-37","municipality":"Södertälje","type":"flerbostadshus","view":"planned","height":720}},{"type":"Feature","geometry":{"type":"Polygon","coordinates":[[[17.531234605566798,59.0789168150719],[17.550031055433468,59.0789168150719],[17.550031055433468,59.069518590138564],[17.54376557214458,59.069518590138564],[17.54376557214458,59.06012036520523],[17.537500088855687,59.06012036520523],[17.537500088855687,59.069518590138564],[17.531234605566798,59.069518590138564],[17.531234605566798,59.0789168150719]]]},"properties":{"id":"fb-new-Södertälje-38","municipality":"Södertälje","type":"flerbostadshus","view":"planned","height":720}},{"type":"Feature","geometry":{"type":"Polygon","coordinates":[[[17.423918804378342,59.24944512936159],[17.442715254245012,59.24944512936159],[17.442715254245012,59.26824157922826],[17.423918804378342,59.26824157922826],[17.423918804378342,59.24944512936159]]]},"properties":{"id":"fb-new-Södertälje-39","municipality":"Södertälje","type":"flerbostadshus","view":"planned","height":720}},{"type":"Feature","geometry":{"type":"Polygon","coordinates":[[[17.55827164433282,59.0870077615792],[17.57706809419949,59.0870077615792],[17.57706809419949,59.096405986512536],[17.567669869266155,59.096405986512536],[17.567669869266155,59.10580421144587],[17.55827164433282,59.10580421144587],[17.55827164433282,59.0870077615792]]]},"properties":{"id":"fb-new-Södertälje-40","municipality":"Södertälje","type":"flerbostadshus","view":"planned","height":720}},{"type":"Feature","geometry":{"type":"Polygon","coordinates":[[[17.66577241304919,59.21457276316833],[17.68456886291586,59.21457276316833],[17.68456886291586,59.20517453823499],[17.67830337962697,59.20517453823499],[17.67830337962697,59.19577631330166],[17.67203789633808,59.19577631330166],[17.67203789633808,59.20517453823499],[17.66577241304919,59.20517453823499],[17.66577241304919,59.21457276316833]]]},"properties":{"id":"fb-new-Södertälje-41","municipality":"Södertälje","type":"flerbostadshus","view":"planned","height":720}},{"type":"Feature","geometry":{"type":"Polygon","coordinates":[[[17.692716966770845,58.84537444557214],[17.711513416637516,58.84537444557214],[17.711513416637516,58.86417089543881],[17.692716966770845,58.86417089543881],[17.692716966770845,58.84537444557214]]]},"properties":{"id":"fb-new-Södertälje-42","municipality":"Södertälje","type":"flerbostadshus","view":"planned","height":720}},{"type":"Feature","geometry":{"type":"Polygon","coordinates":[[[17.370584595677563,59.276367852151836],[17.389381045544233,59.276367852151836],[17.389381045544233,59.28576607708517],[17.3799828206109,59.28576607708517],[17.3799828206109,59.295164302018506],[17.370584595677563,59.295164302018506],[17.370584595677563,59.276367852151836]]]},"properties":{"id":"fb-new-Södertälje-43","municipality":"Södertälje","type":"flerbostadshus","view":"planned","height":720}},{"type":"Feature","geometry":{"type":"Polygon","coordinates":[[[17.61234572058445,59.159579004193816],[17.63114217045112,59.159579004193816],[17.63114217045112,59.15018077926048],[17.62487668716223,59.15018077926048],[17.62487668716223,59.140782554327146],[17.61861120387334,59.140782554327146],[17.61861120387334,59.15018077926048],[17.61234572058445,59.15018077926048],[17.61234572058445,59.159579004193816]]]},"properties":{"id":"fb-new-Södertälje-44","municipality":"Södertälje","type":"flerbostadshus","view":"planned","height":720}},{"type":"Feature","geometry":{"type":"Polygon","coordinates":[[[17.558734061872205,59.222699034811505],[17.577530511738875,59.222699034811505],[17.577530511738875,59.241495484678175],[17.558734061872205,59.241495484678175],[17.558734061872205,59.222699034811505]]]},"properties":{"id":"fb-new-Södertälje-45","municipality":"Södertälje","type":"flerbostadshus","view":"planned","height":720}},{"type":"Feature","geometry":{"type":"Polygon","coordinates":[[[17.397714116927137,59.24822616569584],[17.416510566793807,59.24822616569584],[17.416510566793807,59.257624390629175],[17.407112341860472,59.257624390629175],[17.407112341860472,59.26702261556251],[17.397714116927137,59.26702261556251],[17.397714116927137,59.24822616569584]]]},"properties":{"id":"fb-new-Södertälje-46","municipality":"Södertälje","type":"flerbostadshus","view":"planned","height":720}},{"type":"Feature","geometry":{"type":"Polygon","coordinates":[[[17.639475241834024,59.160974596099734],[17.658271691700694,59.160974596099734],[17.658271691700694,59.1515763711664],[17.652006208411805,59.1515763711664],[17.652006208411805,59.142178146233064],[17.645740725122913,59.142178146233064],[17.645740725122913,59.1515763711664],[17.639475241834024,59.1515763711664],[17.639475241834024,59.160974596099734]]]},"properties":{"id":"fb-new-Södertälje-47","municipality":"Södertälje","type":"flerbostadshus","view":"planned","height":720}},{"type":"Feature","geometry":{"type":"Polygon","coordinates":[[[18.33211961169504,59.22185914694414],[18.342855170116504,59.22185914694414],[18.342855170116504,59.232594705365614],[18.33211961169504,59.232594705365614],[18.33211961169504,59.22185914694414]]]},"properties":{"id":"fb-new-Tyresö-10","municipality":"Tyresö","type":"flerbostadshus","view":"planned","height":720}},{"type":"Feature","geometry":{"type":"Polygon","coordinates":[[[18.255489873476588,59.22263606048948],[18.266225431898054,59.22263606048948],[18.266225431898054,59.228003839700214],[18.26085765268732,59.228003839700214],[18.26085765268732,59.23337161891095],[18.255489873476588,59.23337161891095],[18.255489873476588,59.22263606048948]]]},"properties":{"id":"fb-new-Tyresö-11","municipality":"Tyresö","type":"flerbostadshus","view":"planned","height":720}},{"type":"Feature","geometry":{"type":"Polygon","coordinates":[[[18.424244327383175,59.23261488125322],[18.43497988580464,59.23261488125322],[18.43497988580464,59.22724710204248],[18.431401366330817,59.22724710204248],[18.431401366330817,59.22187932283175],[18.427822846856998,59.22187932283175],[18.427822846856998,59.22724710204248],[18.424244327383175,59.22724710204248],[18.424244327383175,59.23261488125322]]]},"properties":{"id":"fb-new-Tyresö-12","municipality":"Tyresö","type":"flerbostadshus","view":"planned","height":720}},{"type":"Feature","geometry":{"type":"Polygon","coordinates":[[[18.362951101195392,59.17664670028509],[18.373686659616858,59.17664670028509],[18.373686659616858,59.18738225870656],[18.362951101195392,59.18738225870656],[18.362951101195392,59.17664670028509]]]},"properties":{"id":"fb-new-Tyresö-13","municipality":"Tyresö","type":"flerbostadshus","view":"planned","height":720}},{"type":"Feature","geometry":{"type":"Polygon","coordinates":[[[18.240311826519285,59.23723601075002],[18.25104738494075,59.23723601075002],[18.25104738494075,59.242603789960754],[18.245679605730018,59.242603789960754],[18.245679605730018,59.24797156917149],[18.240311826519285,59.24797156917149],[18.240311826519285,59.23723601075002]]]},"properties":{"id":"fb-new-Tyresö-14","municipality":"Tyresö","type":"flerbostadshus","view":"planned","height":720}},{"type":"Feature","geometry":{"type":"Polygon","coordinates":[[[18.317047208607516,59.24874848271682],[18.32778276702898,59.24874848271682],[18.32778276702898,59.243380703506084],[18.32420424755516,59.243380703506084],[18.32420424755516,59.23801292429535],[18.32062572808134,59.23801292429535],[18.32062572808134,59.243380703506084],[18.317047208607516,59.243380703506084],[18.317047208607516,59.24874848271682]]]},"properties":{"id":"fb-new-Tyresö-15","municipality":"Tyresö","type":"flerbostadshus","view":"planned","height":720}},{"type":"Feature","geometry":{"type":"Polygon","coordinates":[[[18.34777305423809,59.20658316294194],[18.358508612659556,59.20658316294194],[18.358508612659556,59.21731872136341],[18.34777305423809,59.21731872136341],[18.34777305423809,59.20658316294194]]]},"properties":{"id":"fb-new-Tyresö-16","municipality":"Tyresö","type":"flerbostadshus","view":"planned","height":720}},{"type":"Feature","geometry":{"type":"Polygon","coordinates":[[[18.286479828050307,59.22269658851794],[18.297215386471773,59.22269658851794],[18.297215386471773,59.22806436772868],[18.29184760726104,59.22806436772868],[18.29184760726104,59.233432146939414],[18.286479828050307,59.233432146939414],[18.286479828050307,59.22269658851794]]]},"properties":{"id":"fb-new-Tyresö-17","municipality":"Tyresö","type":"flerbostadshus","view":"planned","height":720}},{"type":"Feature","geometry":{"type":"Polygon","coordinates":[[[18.13266106020953,59.44883553685886],[18.12640725783337,59.44883553685886],[18.12640725783337,59.451962438046934],[18.128491858625424,59.451962438046934],[18.128491858625424,59.45508933923501],[18.130576459417476,59.45508933923501],[18.130576459417476,59.451962438046934],[18.13266106020953,59.451962438046934],[18.13266106020953,59.44883553685886]]]},"properties":{"id":"fb-new-Täby-16","municipality":"Täby","type":"flerbostadshus","view":"planned","height":720}},{"type":"Feature","geometry":{"type":"Polygon","coordinates":[[[18.05139239966033,59.46715612040412],[18.05139239966033,59.47340992278027],[18.045138597284172,59.47340992278027],[18.045138597284172,59.46715612040412],[18.05139239966033,59.46715612040412]]]},"properties":{"id":"fb-new-Täby-17","municipality":"Täby","type":"flerbostadshus","view":"planned","height":720}},{"type":"Feature","geometry":{"type":"Polygon","coordinates":[[[18.098773387992093,59.422045279848376],[18.10502719036825,59.422045279848376],[18.10502719036825,59.42517218103645],[18.101900289180172,59.42517218103645],[18.101900289180172,59.42829908222453],[18.098773387992093,59.42829908222453],[18.098773387992093,59.422045279848376]]]},"properties":{"id":"fb-new-Täby-18","municipality":"Täby","type":"flerbostadshus","view":"planned","height":720}},{"type":"Feature","geometry":{"type":"Polygon","coordinates":[[[18.01571792676399,59.48235567934782],[18.01571792676399,59.47610187697167],[18.01259102557591,59.47610187697167],[18.01259102557591,59.47818647776372],[18.009464124387833,59.47818647776372],[18.009464124387833,59.48027107855577],[18.01259102557591,59.48027107855577],[18.01259102557591,59.48235567934782],[18.01571792676399,59.48235567934782]]]},"properties":{"id":"fb-new-Täby-19","municipality":"Täby","type":"flerbostadshus","view":"planned","height":713}},{"type":"Feature","geometry":{"type":"Polygon","coordinates":[[[18.105088731049957,59.437244838792076],[18.0988349286738,59.437244838792076],[18.0988349286738,59.430991036415925],[18.105088731049957,59.430991036415925],[18.105088731049957,59.437244838792076]]]},"properties":{"id":"fb-new-Täby-20","municipality":"Täby","type":"flerbostadshus","view":"planned","height":720}},{"type":"Feature","geometry":{"type":"Polygon","coordinates":[[[18.14085551496885,59.4671796267502],[18.14085551496885,59.47343342912635],[18.137728613780773,59.47343342912635],[18.137728613780773,59.47030652793828],[18.134601712592694,59.47030652793828],[18.134601712592694,59.4671796267502],[18.14085551496885,59.4671796267502]]]},"properties":{"id":"fb-new-Täby-21","municipality":"Täby","type":"flerbostadshus","view":"planned","height":720}},{"type":"Feature","geometry":{"type":"Polygon","coordinates":[[[18.08996246596099,59.446190595359624],[18.096216268337148,59.446190595359624],[18.096216268337148,59.44306369417155],[18.094131667545096,59.44306369417155],[18.094131667545096,59.439936792983474],[18.092047066753043,59.439936792983474],[18.092047066753043,59.44306369417155],[18.08996246596099,59.44306369417155],[18.08996246596099,59.446190595359624]]]},"properties":{"id":"fb-new-Täby-22","municipality":"Täby","type":"flerbostadshus","view":"planned","height":720}},{"type":"Feature","geometry":{"type":"Polygon","coordinates":[[[18.116795246485378,59.464511178904885],[18.116795246485378,59.458257376528735],[18.123049048861535,59.458257376528735],[18.123049048861535,59.464511178904885],[18.116795246485378,59.464511178904885]]]},"properties":{"id":"fb-new-Täby-23","municipality":"Täby","type":"flerbostadshus","view":"planned","height":720}},{"type":"Feature","geometry":{"type":"Polygon","coordinates":[[[18.06947579883532,59.45513635192717],[18.063221996459163,59.45513635192717],[18.063221996459163,59.4520094507391],[18.06634889764724,59.4520094507391],[18.06634889764724,59.44888254955102],[18.06947579883532,59.44888254955102],[18.06947579883532,59.45513635192717]]]},"properties":{"id":"fb-new-Täby-24","municipality":"Täby","type":"flerbostadshus","view":"planned","height":711}},{"type":"Feature","geometry":{"type":"Polygon","coordinates":[[[18.072186770194527,59.494005143279814],[18.072186770194527,59.500258945655965],[18.075313671382606,59.500258945655965],[18.075313671382606,59.49817434486391],[18.078440572570685,59.49817434486391],[18.078440572570685,59.49608974407187],[18.075313671382606,59.49608974407187],[18.075313671382606,59.494005143279814],[18.072186770194527,59.494005143279814]]]},"properties":{"id":"fb-new-Täby-25","municipality":"Täby","type":"flerbostadshus","view":"planned","height":720}},{"type":"Feature","geometry":{"type":"Polygon","coordinates":[[[18.036481526957335,59.47569631290759],[18.042735329333492,59.47569631290759],[18.042735329333492,59.48195011528374],[18.036481526957335,59.48195011528374],[18.036481526957335,59.47569631290759]]]},"properties":{"id":"fb-new-Täby-26","municipality":"Täby","type":"flerbostadshus","view":"planned","height":720}},{"type":"Feature","geometry":{"type":"Polygon","coordinates":[[[18.009710287114654,59.45560068185647],[18.009710287114654,59.449346879480316],[18.012837188302733,59.449346879480316],[18.012837188302733,59.45247378066839],[18.01596408949081,59.45247378066839],[18.01596408949081,59.45560068185647],[18.009710287114654,59.45560068185647]]]},"properties":{"id":"fb-new-Täby-27","municipality":"Täby","type":"flerbostadshus","view":"planned","height":720}},{"type":"Feature","geometry":{"type":"Polygon","coordinates":[[[18.132136903960312,59.475708066080635],[18.125883101584154,59.475708066080635],[18.125883101584154,59.47883496726871],[18.127967702376207,59.47883496726871],[18.127967702376207,59.481961868456786],[18.13005230316826,59.481961868456786],[18.13005230316826,59.47883496726871],[18.132136903960312,59.47883496726871],[18.132136903960312,59.475708066080635]]]},"properties":{"id":"fb-new-Täby-28","municipality":"Täby","type":"flerbostadshus","view":"planned","height":720}},{"type":"Feature","geometry":{"type":"Polygon","coordinates":[[[18.11429966751214,59.44935863265336],[18.11429966751214,59.45561243502951],[18.10804586513598,59.45561243502951],[18.10804586513598,59.44935863265336],[18.11429966751214,59.44935863265336]]]},"properties":{"id":"fb-new-Täby-29","municipality":"Täby","type":"flerbostadshus","view":"planned","height":720}},{"type":"Feature","geometry":{"type":"Polygon","coordinates":[[[18.125944642265857,59.46678581585917],[18.132198444642015,59.46678581585917],[18.132198444642015,59.469912717047244],[18.129071543453936,59.469912717047244],[18.129071543453936,59.47303961823532],[18.125944642265857,59.47303961823532],[18.125944642265857,59.46678581585917]]]},"properties":{"id":"fb-new-Täby-30","municipality":"Täby","type":"flerbostadshus","view":"planned","height":720}},{"type":"Feature","geometry":{"type":"Polygon","coordinates":[[[18.00715316745971,59.45562418820255],[18.00715316745971,59.4493703858264],[18.00402626627163,59.4493703858264],[18.00402626627163,59.45145498661845],[18.00089936508355,59.45145498661845],[18.00089936508355,59.453539587410496],[18.00402626627163,59.453539587410496],[18.00402626627163,59.45562418820255],[18.00715316745971,59.45562418820255]]]},"properties":{"id":"fb-new-Täby-31","municipality":"Täby","type":"flerbostadshus","view":"planned","height":720}},{"type":"Feature","geometry":{"type":"Polygon","coordinates":[[[18.105457975140187,59.48198537480287],[18.09920417276403,59.48198537480287],[18.09920417276403,59.47573157242672],[18.105457975140187,59.47573157242672],[18.105457975140187,59.48198537480287]]]},"properties":{"id":"fb-new-Täby-32","municipality":"Täby","type":"flerbostadshus","view":"planned","height":720}},{"type":"Feature","geometry":{"type":"Polygon","coordinates":[[[18.141224759059085,59.47618414918296],[18.141224759059085,59.48243795155911],[18.138097857871006,59.48243795155911],[18.138097857871006,59.47931105037104],[18.134970956682928,59.47931105037104],[18.134970956682928,59.47618414918296],[18.141224759059085,59.47618414918296]]]},"properties":{"id":"fb-new-Täby-33","municipality":"Täby","type":"flerbostadshus","view":"planned","height":720}},{"type":"Feature","geometry":{"type":"Polygon","coordinates":[[[18.018859682895133,59.4730631245814],[18.02511348527129,59.4730631245814],[18.02511348527129,59.469936223393326],[18.02302888447924,59.469936223393326],[18.02302888447924,59.46680932220525],[18.020944283687186,59.46680932220525],[18.020944283687186,59.469936223393326],[18.018859682895133,59.469936223393326],[18.018859682895133,59.4730631245814]]]},"properties":{"id":"fb-new-Täby-34","municipality":"Täby","type":"flerbostadshus","view":"planned","height":720}},{"type":"Feature","geometry":{"type":"Polygon","coordinates":[[[18.1082304871811,59.44671369115412],[18.1082304871811,59.44045988877797],[18.114484289557257,59.44045988877797],[18.114484289557257,59.44671369115412],[18.1082304871811,59.44671369115412]]]},"properties":{"id":"fb-new-Täby-35","municipality":"Täby","type":"flerbostadshus","view":"planned","height":720}},{"type":"Feature","geometry":{"type":"Polygon","coordinates":[[[18.060911039531042,59.455206870965426],[18.054657237154885,59.455206870965426],[18.054657237154885,59.448953068589276],[18.060911039531042,59.448953068589276],[18.060911039531042,59.455206870965426]]]},"properties":{"id":"fb-new-Täby-36","municipality":"Täby","type":"flerbostadshus","view":"planned","height":720}},{"type":"Feature","geometry":{"type":"Polygon","coordinates":[[[18.117226031257314,59.46727365213454],[18.117226031257314,59.47352745451069],[18.120352932445392,59.47352745451069],[18.120352932445392,59.471442853718635],[18.12347983363347,59.471442853718635],[18.12347983363347,59.46935825292659],[18.120352932445392,59.46935825292659],[18.120352932445392,59.46727365213454],[18.117226031257314,59.46727365213454]]]},"properties":{"id":"fb-new-Täby-37","municipality":"Täby","type":"flerbostadshus","view":"planned","height":720}},{"type":"Feature","geometry":{"type":"Polygon","coordinates":[[[18.045784774442076,59.48470083534035],[18.052038576818234,59.48470083534035],[18.052038576818234,59.4909546377165],[18.045784774442076,59.4909546377165],[18.045784774442076,59.48470083534035]]]},"properties":{"id":"fb-new-Täby-38","municipality":"Täby","type":"flerbostadshus","view":"planned","height":720}},{"type":"Feature","geometry":{"type":"Polygon","coordinates":[[[18.081551558360974,59.446737197500205],[18.081551558360974,59.440483395124055],[18.087805360737132,59.440483395124055],[18.087805360737132,59.446737197500205],[18.081551558360974,59.446737197500205]]]},"properties":{"id":"fb-new-Täby-39","municipality":"Täby","type":"flerbostadshus","view":"planned","height":720}},{"type":"Feature","geometry":{"type":"Polygon","coordinates":[[[18.034232110710917,59.45523037731151],[18.02797830833476,59.45523037731151],[18.02797830833476,59.45210347612343],[18.03110520952284,59.45210347612343],[18.03110520952284,59.44897657493536],[18.034232110710917,59.44897657493536],[18.034232110710917,59.45523037731151]]]},"properties":{"id":"fb-new-Täby-40","municipality":"Täby","type":"flerbostadshus","view":"planned","height":720}},{"type":"Feature","geometry":{"type":"Polygon","coordinates":[[[18.10573490820786,59.485165165269635],[18.10573490820786,59.491418967645785],[18.099481105831703,59.491418967645785],[18.099481105831703,59.485165165269635],[18.10573490820786,59.485165165269635]]]},"properties":{"id":"fb-new-Täby-41","municipality":"Täby","type":"flerbostadshus","view":"planned","height":720}},{"type":"Feature","geometry":{"type":"Polygon","coordinates":[[[17.6631720623157,59.57681739896341],[17.68570293047075,59.57681739896341],[17.68570293047075,59.56555196488589],[17.678192641085733,59.56555196488589],[17.678192641085733,59.55428653080837],[17.670682351700716,59.55428653080837],[17.670682351700716,59.56555196488589],[17.6631720623157,59.56555196488589],[17.6631720623157,59.57681739896341]]]},"properties":{"id":"fb-new-Upplands-Bro-7","municipality":"Upplands-Bro","type":"flerbostadshus","view":"planned","height":720}},{"type":"Feature","geometry":{"type":"Polygon","coordinates":[[[17.75984378397849,59.456137492038955],[17.78237465213354,59.456137492038955],[17.78237465213354,59.478668360194],[17.75984378397849,59.478668360194],[17.75984378397849,59.456137492038955]]]},"properties":{"id":"fb-new-Upplands-Bro-8","municipality":"Upplands-Bro","type":"flerbostadshus","view":"planned","height":720}},{"type":"Feature","geometry":{"type":"Polygon","coordinates":[[[17.53464595903431,59.45776801070712],[17.557176827189362,59.45776801070712],[17.557176827189362,59.46903344478464],[17.545911393111837,59.46903344478464],[17.545911393111837,59.480298878862165],[17.53464595903431,59.480298878862165],[17.53464595903431,59.45776801070712]]]},"properties":{"id":"fb-new-Upplands-Bro-9","municipality":"Upplands-Bro","type":"flerbostadshus","view":"planned","height":720}},{"type":"Feature","geometry":{"type":"Polygon","coordinates":[[[17.599130726189884,59.478710703614404],[17.621661594344936,59.478710703614404],[17.621661594344936,59.46744526953688],[17.61415130495992,59.46744526953688],[17.61415130495992,59.45617983545936],[17.6066410155749,59.45617983545936],[17.6066410155749,59.46744526953688],[17.599130726189884,59.46744526953688],[17.599130726189884,59.478710703614404]]]},"properties":{"id":"fb-new-Upplands-Bro-10","municipality":"Upplands-Bro","type":"flerbostadshus","view":"planned","height":720}},{"type":"Feature","geometry":{"type":"Polygon","coordinates":[[[17.695802447852678,59.48999730863474],[17.71833331600773,59.48999730863474],[17.71833331600773,59.512528176789786],[17.695802447852678,59.512528176789786],[17.695802447852678,59.48999730863474]]]},"properties":{"id":"fb-new-Upplands-Bro-11","municipality":"Upplands-Bro","type":"flerbostadshus","view":"planned","height":720}},{"type":"Feature","geometry":{"type":"Polygon","coordinates":[[[17.728100260501034,59.48840913338698],[17.750631128656085,59.48840913338698],[17.750631128656085,59.4996745674645],[17.73936569457856,59.4996745674645],[17.73936569457856,59.510940001542025],[17.728100260501034,59.510940001542025],[17.728100260501034,59.48840913338698]]]},"properties":{"id":"fb-new-Upplands-Bro-12","municipality":"Upplands-Bro","type":"flerbostadshus","view":"planned","height":720}},{"type":"Feature","geometry":{"type":"Polygon","coordinates":[[[17.535089390064073,59.60913138373185],[17.557620258219124,59.60913138373185],[17.557620258219124,59.59786594965433],[17.550109968834107,59.59786594965433],[17.550109968834107,59.586600515576805],[17.54259967944909,59.586600515576805],[17.54259967944909,59.59786594965433],[17.535089390064073,59.59786594965433],[17.535089390064073,59.60913138373185]]]},"properties":{"id":"fb-new-Upplands-Bro-13","municipality":"Upplands-Bro","type":"flerbostadshus","view":"planned","height":720}},{"type":"Feature","geometry":{"type":"Polygon","coordinates":[[[17.728321975248516,59.52063843131461],[17.750852843403568,59.52063843131461],[17.750852843403568,59.54316929946965],[17.728321975248516,59.54316929946965],[17.728321975248516,59.52063843131461]]]},"properties":{"id":"fb-new-Upplands-Bro-14","municipality":"Upplands-Bro","type":"flerbostadshus","view":"planned","height":720}},{"type":"Feature","geometry":{"type":"Polygon","coordinates":[[[17.883079544056418,59.550316276548635],[17.892579781597536,59.550316276548635],[17.892579781597536,59.545566157778076],[17.889413035750497,59.545566157778076],[17.889413035750497,59.54081603900752],[17.886246289903458,59.54081603900752],[17.886246289903458,59.545566157778076],[17.883079544056418,59.545566157778076],[17.883079544056418,59.550316276548635]]]},"properties":{"id":"fb-new-Upplands-Väsby-13","municipality":"Upplands-Väsby","type":"flerbostadshus","view":"planned","height":720}},{"type":"Feature","geometry":{"type":"Polygon","coordinates":[[[17.828839215881686,59.54014637807804],[17.838339453422805,59.54014637807804],[17.838339453422805,59.54964661561916],[17.828839215881686,59.54964661561916],[17.828839215881686,59.54014637807804]]]},"properties":{"id":"fb-new-Upplands-Väsby-14","municipality":"Upplands-Väsby","type":"flerbostadshus","view":"planned","height":720}},{"type":"Feature","geometry":{"type":"Polygon","coordinates":[[[17.828885959694084,59.500118589868926],[17.838386197235202,59.500118589868926],[17.838386197235202,59.504868708639485],[17.833636078464643,59.504868708639485],[17.833636078464643,59.509618827410044],[17.828885959694084,59.509618827410044],[17.828885959694084,59.500118589868926]]]},"properties":{"id":"fb-new-Upplands-Väsby-15","municipality":"Upplands-Väsby","type":"flerbostadshus","view":"planned","height":720}},{"type":"Feature","geometry":{"type":"Polygon","coordinates":[[[17.883219774846456,59.50894916615699],[17.892720012387574,59.50894916615699],[17.892720012387574,59.50419904738643],[17.889553266540535,59.50419904738643],[17.889553266540535,59.49944892861587],[17.886386520693495,59.49944892861587],[17.886386520693495,59.50419904738643],[17.883219774846456,59.50419904738643],[17.883219774846456,59.50894916615699]]]},"properties":{"id":"fb-new-Upplands-Väsby-16","municipality":"Upplands-Väsby","type":"flerbostadshus","view":"planned","height":720}},{"type":"Feature","geometry":{"type":"Polygon","coordinates":[[[17.883266518658854,59.513708212070284],[17.892766756199972,59.513708212070284],[17.892766756199972,59.5232084496114],[17.883266518658854,59.5232084496114],[17.883266518658854,59.513708212070284]]]},"properties":{"id":"fb-new-Upplands-Väsby-17","municipality":"Upplands-Väsby","type":"flerbostadshus","view":"planned","height":720}},{"type":"Feature","geometry":{"type":"Polygon","coordinates":[[[17.89688503006356,59.513038550817235],[17.90638526760468,59.513038550817235],[17.90638526760468,59.517788669587794],[17.90163514883412,59.517788669587794],[17.90163514883412,59.522538788358354],[17.89688503006356,59.522538788358354],[17.89688503006356,59.513038550817235]]]},"properties":{"id":"fb-new-Upplands-Väsby-18","municipality":"Upplands-Väsby","type":"flerbostadshus","view":"planned","height":720}},{"type":"Feature","geometry":{"type":"Polygon","coordinates":[[[17.95121884553951,59.496082768065115],[17.96071908308063,59.496082768065115],[17.96071908308063,59.491332649294556],[17.95755233723359,59.491332649294556],[17.95755233723359,59.486582530524],[17.95438559138655,59.486582530524],[17.95438559138655,59.491332649294556],[17.95121884553951,59.491332649294556],[17.95121884553951,59.496082768065115]]]},"properties":{"id":"fb-new-Upplands-Väsby-19","municipality":"Upplands-Väsby","type":"flerbostadshus","view":"planned","height":720}},{"type":"Feature","geometry":{"type":"Polygon","coordinates":[[[17.99062371598441,59.51305640542629],[18.000123953525527,59.51305640542629],[18.000123953525527,59.52255664296741],[17.99062371598441,59.52255664296741],[17.99062371598441,59.51305640542629]]]},"properties":{"id":"fb-new-Upplands-Väsby-20","municipality":"Upplands-Väsby","type":"flerbostadshus","view":"planned","height":720}},{"type":"Feature","geometry":{"type":"Polygon","coordinates":[[[17.936383388133255,59.500172153048936],[17.945883625674373,59.500172153048936],[17.945883625674373,59.504922271819495],[17.941133506903814,59.504922271819495],[17.941133506903814,59.509672390590055],[17.936383388133255,59.509672390590055],[17.936383388133255,59.500172153048936]]]},"properties":{"id":"fb-new-Upplands-Väsby-21","municipality":"Upplands-Väsby","type":"flerbostadshus","view":"planned","height":720}},{"type":"Feature","geometry":{"type":"Polygon","coordinates":[[[17.84142775621086,59.52257449725289],[17.850927993751977,59.52257449725289],[17.850927993751977,59.51782437848233],[17.847761247904938,59.51782437848233],[17.847761247904938,59.51307425971177],[17.844594502057898,59.51307425971177],[17.844594502057898,59.51782437848233],[17.84142775621086,59.51782437848233],[17.84142775621086,59.52257449725289]]]},"properties":{"id":"fb-new-Upplands-Väsby-22","municipality":"Upplands-Väsby","type":"flerbostadshus","view":"planned","height":720}},{"type":"Feature","geometry":{"type":"Polygon","coordinates":[[[18.071440546015538,59.52188773869542],[18.093451076345282,59.52188773869542],[18.093451076345282,59.54389826902517],[18.071440546015538,59.54389826902517],[18.071440546015538,59.52188773869542]]]},"properties":{"id":"fb-new-Vallentuna-4","municipality":"Vallentuna","type":"flerbostadshus","view":"planned","height":720}},{"type":"Feature","geometry":{"type":"Polygon","coordinates":[[[18.13129171161283,59.542346771236126],[18.153302241942573,59.542346771236126],[18.153302241942573,59.53134150607125],[18.145965398499325,59.53134150607125],[18.145965398499325,59.520336240906374],[18.138628555056076,59.520336240906374],[18.138628555056076,59.53134150607125],[18.13129171161283,59.53134150607125],[18.13129171161283,59.542346771236126]]]},"properties":{"id":"fb-new-Vallentuna-5","municipality":"Vallentuna","type":"flerbostadshus","view":"planned","height":720}},{"type":"Feature","geometry":{"type":"Polygon","coordinates":[[[18.131400009172232,59.61625994876964],[18.153410539501976,59.61625994876964],[18.153410539501976,59.63827047909939],[18.131400009172232,59.63827047909939],[18.131400009172232,59.61625994876964]]]},"properties":{"id":"fb-new-Vallentuna-6","municipality":"Vallentuna","type":"flerbostadshus","view":"planned","height":720}},{"type":"Feature","geometry":{"type":"Polygon","coordinates":[[[18.257282765665053,59.55182122146702],[18.279293295994798,59.55182122146702],[18.279293295994798,59.573831751796774],[18.257282765665053,59.573831751796774],[18.257282765665053,59.55182122146702]]]},"properties":{"id":"fb-new-Vallentuna-7","municipality":"Vallentuna","type":"flerbostadshus","view":"planned","height":720}},{"type":"Feature","geometry":{"type":"Polygon","coordinates":[[[18.13161660419733,59.55341408505995],[18.153627134527074,59.55341408505995],[18.153627134527074,59.564419350224824],[18.142621869362202,59.564419350224824],[18.142621869362202,59.5754246153897],[18.13161660419733,59.5754246153897],[18.13161660419733,59.55341408505995]]]},"properties":{"id":"fb-new-Vallentuna-8","municipality":"Vallentuna","type":"flerbostadshus","view":"planned","height":720}},{"type":"Feature","geometry":{"type":"Polygon","coordinates":[[[18.163168516513515,59.61474981678446],[18.18517904684326,59.61474981678446],[18.18517904684326,59.63676034711421],[18.163168516513515,59.63676034711421],[18.163168516513515,59.61474981678446]]]},"properties":{"id":"fb-new-Vallentuna-9","municipality":"Vallentuna","type":"flerbostadshus","view":"planned","height":720}},{"type":"Feature","geometry":{"type":"Polygon","coordinates":[[[18.320494887856828,59.61634268037738],[18.342505418186573,59.61634268037738],[18.342505418186573,59.63835321070713],[18.320494887856828,59.63835321070713],[18.320494887856828,59.61634268037738]]]},"properties":{"id":"fb-new-Vallentuna-10","municipality":"Vallentuna","type":"flerbostadshus","view":"planned","height":720}},{"type":"Feature","geometry":{"type":"Polygon","coordinates":[[[18.00616703784841,59.52046033831799],[18.028177568178155,59.52046033831799],[18.028177568178155,59.531465603482864],[18.017172303013282,59.531465603482864],[18.017172303013282,59.54247086864774],[18.00616703784841,59.54247086864774],[18.00616703784841,59.52046033831799]]]},"properties":{"id":"fb-new-Vallentuna-11","municipality":"Vallentuna","type":"flerbostadshus","view":"planned","height":720}},{"type":"Feature","geometry":{"type":"Polygon","coordinates":[[[18.069162564921378,59.58494043142447],[18.091173095251122,59.58494043142447],[18.091173095251122,59.60695096175422],[18.069162564921378,59.60695096175422],[18.069162564921378,59.58494043142447]]]},"properties":{"id":"fb-new-Vallentuna-12","municipality":"Vallentuna","type":"flerbostadshus","view":"planned","height":720}},{"type":"Feature","geometry":{"type":"Polygon","coordinates":[[[18.257932551021472,59.64627616314898],[18.279943081351217,59.64627616314898],[18.279943081351217,59.668286693478734],[18.257932551021472,59.668286693478734],[18.257932551021472,59.64627616314898]]]},"properties":{"id":"fb-new-Vallentuna-13","municipality":"Vallentuna","type":"flerbostadshus","view":"planned","height":720}},{"type":"Feature","geometry":{"type":"Polygon","coordinates":[[[18.069379160040185,59.553538182471556],[18.09138969036993,59.553538182471556],[18.09138969036993,59.56454344763643],[18.080384425205057,59.56454344763643],[18.080384425205057,59.57554871280131],[18.069379160040185,59.57554871280131],[18.069379160040185,59.553538182471556]]]},"properties":{"id":"fb-new-Vallentuna-14","municipality":"Vallentuna","type":"flerbostadshus","view":"planned","height":720}},{"type":"Feature","geometry":{"type":"Polygon","coordinates":[[[18.396214313553752,59.385791724278725],[18.41737449003664,59.385791724278725],[18.41737449003664,59.40695190076162],[18.396214313553752,59.40695190076162],[18.396214313553752,59.385791724278725]]]},"properties":{"id":"fb-new-Vaxholm-2","municipality":"Vaxholm","type":"flerbostadshus","view":"planned","height":720}},{"type":"Feature","geometry":{"type":"Polygon","coordinates":[[[18.33586078041647,59.408483225643465],[18.35702095689936,59.408483225643465],[18.35702095689936,59.39790313740202],[18.349967564738396,59.39790313740202],[18.349967564738396,59.38732304916057],[18.342914172577434,59.38732304916057],[18.342914172577434,59.39790313740202],[18.33586078041647,59.39790313740202],[18.33586078041647,59.408483225643465]]]},"properties":{"id":"fb-new-Vaxholm-3","municipality":"Vaxholm","type":"flerbostadshus","view":"planned","height":720}},{"type":"Feature","geometry":{"type":"Polygon","coordinates":[[[18.275507246558476,59.38583149240842],[18.296667423041363,59.38583149240842],[18.296667423041363,59.406991668891315],[18.275507246558476,59.406991668891315],[18.275507246558476,59.38583149240842]]]},"properties":{"id":"fb-new-Vaxholm-4","municipality":"Vaxholm","type":"flerbostadshus","view":"planned","height":720}},{"type":"Feature","geometry":{"type":"Polygon","coordinates":[[[19.014097541789468,59.347119630606336],[19.05405587365857,59.347119630606336],[19.05405587365857,59.36709879654089],[19.03407670772402,59.36709879654089],[19.03407670772402,59.38707796247544],[19.014097541789468,59.38707796247544],[19.014097541789468,59.347119630606336]]]},"properties":{"id":"fb-new-Värmdö-6","municipality":"Värmdö","type":"flerbostadshus","view":"planned","height":720}},{"type":"Feature","geometry":{"type":"Polygon","coordinates":[[[18.614710827849763,59.35001134640445],[18.654669159718864,59.35001134640445],[18.654669159718864,59.38996967827355],[18.614710827849763,59.38996967827355],[18.614710827849763,59.35001134640445]]]},"properties":{"id":"fb-new-Värmdö-7","municipality":"Värmdö","type":"flerbostadshus","view":"planned","height":720}},{"type":"Feature","geometry":{"type":"Polygon","coordinates":[[[18.557824102720463,59.34719472771744],[18.597782434589565,59.34719472771744],[18.597782434589565,59.38715305958654],[18.557824102720463,59.38715305958654],[18.557824102720463,59.34719472771744]]]},"properties":{"id":"fb-new-Värmdö-8","municipality":"Värmdö","type":"flerbostadshus","view":"planned","height":720}},{"type":"Feature","geometry":{"type":"Polygon","coordinates":[[[18.729270701196473,59.06466978594672],[18.769229033065574,59.06466978594672],[18.769229033065574,59.08464895188127],[18.749249867131024,59.08464895188127],[18.749249867131024,59.10462811781582],[18.729270701196473,59.10462811781582],[18.729270701196473,59.06466978594672]]]},"properties":{"id":"fb-new-Värmdö-9","municipality":"Värmdö","type":"flerbostadshus","view":"planned","height":720}},{"type":"Feature","geometry":{"type":"Polygon","coordinates":[[[19.07196729475817,59.38722815533666],[19.111925626627272,59.38722815533666],[19.111925626627272,59.36724898940211],[19.098606182670906,59.36724898940211],[19.098606182670906,59.347269823467556],[19.085286738714537,59.347269823467556],[19.085286738714537,59.36724898940211],[19.07196729475817,59.36724898940211],[19.07196729475817,59.38722815533666]]]},"properties":{"id":"fb-new-Värmdö-10","municipality":"Värmdö","type":"flerbostadshus","view":"planned","height":720}},{"type":"Feature","geometry":{"type":"Polygon","coordinates":[[[18.615497249576897,59.235994875421554],[18.655455581446,59.235994875421554],[18.655455581446,59.275953207290655],[18.615497249576897,59.275953207290655],[18.615497249576897,59.235994875421554]]]},"properties":{"id":"fb-new-Värmdö-11","municipality":"Värmdö","type":"flerbostadshus","view":"planned","height":720}},{"type":"Feature","geometry":{"type":"Polygon","coordinates":[[[18.78694384941388,59.34734492057865],[18.826902181282982,59.34734492057865],[18.826902181282982,59.3673240865132],[18.80692301534843,59.3673240865132],[18.80692301534843,59.38730325244775],[18.78694384941388,59.38730325244775],[18.78694384941388,59.34734492057865]]]},"properties":{"id":"fb-new-Värmdö-12","municipality":"Värmdö","type":"flerbostadshus","view":"planned","height":720}},{"type":"Feature","geometry":{"type":"Polygon","coordinates":[[[18.672973791682033,59.33311163564332],[18.712932123551134,59.33311163564332],[18.712932123551134,59.31313246970877],[18.699612679594768,59.31313246970877],[18.699612679594768,59.29315330377422],[18.6862932356384,59.29315330377422],[18.6862932356384,59.31313246970877],[18.672973791682033,59.31313246970877],[18.672973791682033,59.33311163564332]]]},"properties":{"id":"fb-new-Värmdö-13","municipality":"Värmdö","type":"flerbostadshus","view":"planned","height":720}},{"type":"Feature","geometry":{"type":"Polygon","coordinates":[[[18.6731703977943,59.11908669136249],[18.713128729663403,59.11908669136249],[18.713128729663403,59.15904502323159],[18.6731703977943,59.15904502323159],[18.6731703977943,59.11908669136249]]]},"properties":{"id":"fb-new-Värmdö-14","municipality":"Värmdö","type":"flerbostadshus","view":"planned","height":720}},{"type":"Feature","geometry":{"type":"Polygon","coordinates":[[[18.667658669421442,59.1790617370412],[18.707617001290544,59.1790617370412],[18.707617001290544,59.19904090297575],[18.687637835355993,59.19904090297575],[18.687637835355993,59.219020068910304],[18.667658669421442,59.219020068910304],[18.667658669421442,59.1790617370412]]]},"properties":{"id":"fb-new-Värmdö-15","municipality":"Värmdö","type":"flerbostadshus","view":"planned","height":720}},{"type":"Feature","geometry":{"type":"Polygon","coordinates":[[[18.896188600499997,59.273286781464854],[18.9361469323691,59.273286781464854],[18.9361469323691,59.253307615530304],[18.922827488412732,59.253307615530304],[18.922827488412732,59.23332844959575],[18.909508044456363,59.23332844959575],[18.909508044456363,59.253307615530304],[18.896188600499997,59.253307615530304],[18.896188600499997,59.273286781464854]]]},"properties":{"id":"fb-new-Värmdö-16","municipality":"Värmdö","type":"flerbostadshus","view":"planned","height":720}},{"type":"Feature","geometry":{"type":"Polygon","coordinates":[[[18.839301874009724,59.293303495274465],[18.879260205878825,59.293303495274465],[18.879260205878825,59.333261827143566],[18.839301874009724,59.333261827143566],[18.839301874009724,59.293303495274465]]]},"properties":{"id":"fb-new-Värmdö-17","municipality":"Värmdö","type":"flerbostadshus","view":"planned","height":720}},{"type":"Feature","geometry":{"type":"Polygon","coordinates":[[[18.953665142605136,59.290486877948425],[18.993623474474237,59.290486877948425],[18.993623474474237,59.310466043882975],[18.973644308539686,59.310466043882975],[18.973644308539686,59.330445209817526],[18.953665142605136,59.330445209817526],[18.953665142605136,59.290486877948425]]]},"properties":{"id":"fb-new-Värmdö-18","municipality":"Värmdö","type":"flerbostadshus","view":"planned","height":720}},{"type":"Feature","geometry":{"type":"Polygon","coordinates":[[[18.46238236517452,59.53998612145928],[18.485891339051435,59.53998612145928],[18.485891339051435,59.563495095336194],[18.46238236517452,59.563495095336194],[18.46238236517452,59.53998612145928]]]},"properties":{"id":"fb-new-Österåker-5","municipality":"Österåker","type":"flerbostadshus","view":"planned","height":720}},{"type":"Feature","geometry":{"type":"Polygon","coordinates":[[[18.86550901621478,59.50474475145633],[18.889017990091695,59.50474475145633],[18.889017990091695,59.516499238394786],[18.877263503153237,59.516499238394786],[18.877263503153237,59.52825372533324],[18.86550901621478,59.52825372533324],[18.86550901621478,59.50474475145633]]]},"properties":{"id":"fb-new-Österåker-6","municipality":"Österåker","type":"flerbostadshus","view":"planned","height":720}},{"type":"Feature","geometry":{"type":"Polygon","coordinates":[[[18.56336645094754,59.56353927696104],[18.586875424824456,59.56353927696104],[18.586875424824456,59.55178479002258],[18.579039100198816,59.55178479002258],[18.579039100198816,59.54003030308412],[18.57120277557318,59.54003030308412],[18.57120277557318,59.55178479002258],[18.56336645094754,59.55178479002258],[18.56336645094754,59.56353927696104]]]},"properties":{"id":"fb-new-Österåker-7","municipality":"Österåker","type":"flerbostadshus","view":"planned","height":720}},{"type":"Feature","geometry":{"type":"Polygon","coordinates":[[[18.76498761161423,59.47120468508594],[18.788496585491146,59.47120468508594],[18.788496585491146,59.49471365896285],[18.76498761161423,59.49471365896285],[18.76498761161423,59.47120468508594]]]},"properties":{"id":"fb-new-Österåker-8","municipality":"Österåker","type":"flerbostadshus","view":"planned","height":720}},{"type":"Feature","geometry":{"type":"Polygon","coordinates":[[[18.395676549555805,59.506490236713724],[18.41918552343272,59.506490236713724],[18.41918552343272,59.51824472365218],[18.407431036494263,59.51824472365218],[18.407431036494263,59.52999921059064],[18.395676549555805,59.52999921059064],[18.395676549555805,59.506490236713724]]]},"properties":{"id":"fb-new-Österåker-9","municipality":"Österåker","type":"flerbostadshus","view":"planned","height":720}},{"type":"Feature","geometry":{"type":"Polygon","coordinates":[[[18.530129213431305,59.4611735921921],[18.55363818730822,59.4611735921921],[18.55363818730822,59.44941910525364],[18.54580186268258,59.44941910525364],[18.54580186268258,59.43766461831518],[18.537965538056945,59.43766461831518],[18.537965538056945,59.44941910525364],[18.530129213431305,59.44941910525364],[18.530129213431305,59.4611735921921]]]},"properties":{"id":"fb-new-Österåker-10","municipality":"Österåker","type":"flerbostadshus","view":"planned","height":720}},{"type":"Feature","geometry":{"type":"Polygon","coordinates":[[[18.530244883724425,59.47295017034333],[18.55375385760134,59.47295017034333],[18.55375385760134,59.496459144220246],[18.530244883724425,59.496459144220246],[18.530244883724425,59.47295017034333]]]},"properties":{"id":"fb-new-Österåker-11","municipality":"Österåker","type":"flerbostadshus","view":"planned","height":720}},{"type":"Feature","geometry":{"type":"Polygon","coordinates":[[[18.53036055401754,59.538461545527156],[18.553869527894456,59.538461545527156],[18.553869527894456,59.55021603246561],[18.542115040956,59.55021603246561],[18.542115040956,59.56197051940407],[18.53036055401754,59.56197051940407],[18.53036055401754,59.538461545527156]]]},"properties":{"id":"fb-new-Österåker-12","municipality":"Österåker","type":"flerbostadshus","view":"planned","height":720}},{"type":"Feature","geometry":{"type":"Polygon","coordinates":[[[18.161049491959115,59.462919077849854],[18.18455846583603,59.462919077849854],[18.18455846583603,59.4511645909114],[18.17672214121039,59.4511645909114],[18.17672214121039,59.43941010397294],[18.168885816584755,59.43941010397294],[18.168885816584755,59.4511645909114],[18.161049491959115,59.4511645909114],[18.161049491959115,59.462919077849854]]]},"properties":{"id":"fb-new-Österåker-13","municipality":"Österåker","type":"flerbostadshus","view":"planned","height":720}},{"type":"Feature","geometry":{"type":"Polygon","coordinates":[[[18.900018626955326,59.50492147915676],[18.92352760083224,59.50492147915676],[18.92352760083224,59.52843045303367],[18.900018626955326,59.52843045303367],[18.900018626955326,59.50492147915676]]]},"properties":{"id":"fb-new-Österåker-14","municipality":"Österåker","type":"flerbostadshus","view":"planned","height":720}},{"type":"Feature","geometry":{"type":"Polygon","coordinates":[[[18.161280832545355,59.47303853399337],[18.18478980642227,59.47303853399337],[18.18478980642227,59.484793020931825],[18.173035319483812,59.484793020931825],[18.173035319483812,59.49654750787028],[18.161280832545355,59.49654750787028],[18.161280832545355,59.47303853399337]]]},"properties":{"id":"fb-new-Österåker-15","municipality":"Österåker","type":"flerbostadshus","view":"planned","height":720}},{"type":"Feature","geometry":{"type":"Polygon","coordinates":[[[18.73232872556359,59.52847463505887],[18.755837699440505,59.52847463505887],[18.755837699440505,59.51672014812041],[18.748001374814866,59.51672014812041],[18.748001374814866,59.504965661181956],[18.74016505018923,59.504965661181956],[18.74016505018923,59.51672014812041],[18.73232872556359,59.51672014812041],[18.73232872556359,59.52847463505887]]]},"properties":{"id":"fb-new-Österåker-16","municipality":"Österåker","type":"flerbostadshus","view":"planned","height":720}},{"type":"Feature","geometry":{"type":"Polygon","coordinates":[[[18.695501722621554,59.47308271601857],[18.71901069649847,59.47308271601857],[18.71901069649847,59.49659168989548],[18.695501722621554,59.49659168989548],[18.695501722621554,59.47308271601857]]]},"properties":{"id":"fb-new-Österåker-17","municipality":"Österåker","type":"flerbostadshus","view":"planned","height":720}}]}